[2026-08-16 09:30:51] local.ERROR: Cannot declare class App\Http\Controllers\Operations\Wholesale\WholesaleBranchProductsController, because the name is already in use {"exception":"[object] (Symfony\\Component\\ErrorHandler\\Error\\FatalError(code: 0): Cannot declare class App\\Http\\Controllers\\Operations\\Wholesale\\WholesaleBranchProductsController, because the name is already in use at C:\\Users\\Netamind Technology\\Desktop\\netacube\\app\\Http\\Controllers\\Operations\\Wholesale\\WholesaleBaseProductsController.php:12)
[stacktrace]
#0 {main}
"} 
[2026-08-16 13:55:59] local.ERROR: SQLSTATE[HY000] [2002] No connection could be made because the target machine actively refused it (Connection: mysql, SQL: select * from `tenants` where `client_url` = noveta limit 1) {"exception":"[object] (Illuminate\\Database\\QueryException(code: 2002): SQLSTATE[HY000] [2002] No connection could be made because the target machine actively refused it (Connection: mysql, SQL: select * from `tenants` where `client_url` = noveta limit 1) at C:\\Users\\Netamind Technology\\Desktop\\netacube\\vendor\\laravel\\framework\\src\\Illuminate\\Database\\Connection.php:829)
[stacktrace]
#0 C:\\Users\\Netamind Technology\\Desktop\\netacube\\vendor\\laravel\\framework\\src\\Illuminate\\Database\\Connection.php(983): Illuminate\\Database\\Connection->runQueryCallback('select * from `...', Array, Object(Closure))
#1 C:\\Users\\Netamind Technology\\Desktop\\netacube\\vendor\\laravel\\framework\\src\\Illuminate\\Database\\Connection.php(962): Illuminate\\Database\\Connection->tryAgainIfCausedByLostConnection(Object(Illuminate\\Database\\QueryException), 'select * from `...', Array, Object(Closure))
#2 C:\\Users\\Netamind Technology\\Desktop\\netacube\\vendor\\laravel\\framework\\src\\Illuminate\\Database\\Connection.php(785): Illuminate\\Database\\Connection->handleQueryException(Object(Illuminate\\Database\\QueryException), 'select * from `...', Array, Object(Closure))
#3 C:\\Users\\Netamind Technology\\Desktop\\netacube\\vendor\\laravel\\framework\\src\\Illuminate\\Database\\Connection.php(414): Illuminate\\Database\\Connection->run('select * from `...', Array, Object(Closure))
#4 C:\\Users\\Netamind Technology\\Desktop\\netacube\\vendor\\laravel\\framework\\src\\Illuminate\\Database\\Query\\Builder.php(2913): Illuminate\\Database\\Connection->select('select * from `...', Array, true)
#5 C:\\Users\\Netamind Technology\\Desktop\\netacube\\vendor\\laravel\\framework\\src\\Illuminate\\Database\\Query\\Builder.php(2902): Illuminate\\Database\\Query\\Builder->runSelect()
#6 C:\\Users\\Netamind Technology\\Desktop\\netacube\\vendor\\laravel\\framework\\src\\Illuminate\\Database\\Query\\Builder.php(3456): Illuminate\\Database\\Query\\Builder->Illuminate\\Database\\Query\\{closure}()
#7 C:\\Users\\Netamind Technology\\Desktop\\netacube\\vendor\\laravel\\framework\\src\\Illuminate\\Database\\Query\\Builder.php(2901): Illuminate\\Database\\Query\\Builder->onceWithColumns(Array, Object(Closure))
#8 C:\\Users\\Netamind Technology\\Desktop\\netacube\\vendor\\laravel\\framework\\src\\Illuminate\\Database\\Eloquent\\Builder.php(739): Illuminate\\Database\\Query\\Builder->get(Array)
#9 C:\\Users\\Netamind Technology\\Desktop\\netacube\\vendor\\laravel\\framework\\src\\Illuminate\\Database\\Eloquent\\Builder.php(723): Illuminate\\Database\\Eloquent\\Builder->getModels(Array)
#10 C:\\Users\\Netamind Technology\\Desktop\\netacube\\vendor\\laravel\\framework\\src\\Illuminate\\Database\\Concerns\\BuildsQueries.php(333): Illuminate\\Database\\Eloquent\\Builder->get(Array)
#11 C:\\Users\\Netamind Technology\\Desktop\\netacube\\app\\Http\\Middleware\\InitializeTenancyByPath.php(25): Illuminate\\Database\\Eloquent\\Builder->first()
#12 C:\\Users\\Netamind Technology\\Desktop\\netacube\\vendor\\laravel\\framework\\src\\Illuminate\\Pipeline\\Pipeline.php(183): App\\Http\\Middleware\\InitializeTenancyByPath->handle(Object(Illuminate\\Http\\Request), Object(Closure))
#13 C:\\Users\\Netamind Technology\\Desktop\\netacube\\vendor\\laravel\\framework\\src\\Illuminate\\Routing\\Middleware\\SubstituteBindings.php(50): Illuminate\\Pipeline\\Pipeline->Illuminate\\Pipeline\\{closure}(Object(Illuminate\\Http\\Request))
#14 C:\\Users\\Netamind Technology\\Desktop\\netacube\\vendor\\laravel\\framework\\src\\Illuminate\\Pipeline\\Pipeline.php(183): Illuminate\\Routing\\Middleware\\SubstituteBindings->handle(Object(Illuminate\\Http\\Request), Object(Closure))
#15 C:\\Users\\Netamind Technology\\Desktop\\netacube\\vendor\\laravel\\framework\\src\\Illuminate\\Foundation\\Http\\Middleware\\VerifyCsrfToken.php(78): Illuminate\\Pipeline\\Pipeline->Illuminate\\Pipeline\\{closure}(Object(Illuminate\\Http\\Request))
#16 C:\\Users\\Netamind Technology\\Desktop\\netacube\\vendor\\laravel\\framework\\src\\Illuminate\\Pipeline\\Pipeline.php(183): Illuminate\\Foundation\\Http\\Middleware\\VerifyCsrfToken->handle(Object(Illuminate\\Http\\Request), Object(Closure))
#17 C:\\Users\\Netamind Technology\\Desktop\\netacube\\vendor\\laravel\\framework\\src\\Illuminate\\View\\Middleware\\ShareErrorsFromSession.php(49): Illuminate\\Pipeline\\Pipeline->Illuminate\\Pipeline\\{closure}(Object(Illuminate\\Http\\Request))
#18 C:\\Users\\Netamind Technology\\Desktop\\netacube\\vendor\\laravel\\framework\\src\\Illuminate\\Pipeline\\Pipeline.php(183): Illuminate\\View\\Middleware\\ShareErrorsFromSession->handle(Object(Illuminate\\Http\\Request), Object(Closure))
#19 C:\\Users\\Netamind Technology\\Desktop\\netacube\\vendor\\laravel\\framework\\src\\Illuminate\\Session\\Middleware\\StartSession.php(121): Illuminate\\Pipeline\\Pipeline->Illuminate\\Pipeline\\{closure}(Object(Illuminate\\Http\\Request))
#20 C:\\Users\\Netamind Technology\\Desktop\\netacube\\vendor\\laravel\\framework\\src\\Illuminate\\Session\\Middleware\\StartSession.php(64): Illuminate\\Session\\Middleware\\StartSession->handleStatefulRequest(Object(Illuminate\\Http\\Request), Object(Illuminate\\Session\\Store), Object(Closure))
#21 C:\\Users\\Netamind Technology\\Desktop\\netacube\\vendor\\laravel\\framework\\src\\Illuminate\\Pipeline\\Pipeline.php(183): Illuminate\\Session\\Middleware\\StartSession->handle(Object(Illuminate\\Http\\Request), Object(Closure))
#22 C:\\Users\\Netamind Technology\\Desktop\\netacube\\vendor\\laravel\\framework\\src\\Illuminate\\Cookie\\Middleware\\AddQueuedCookiesToResponse.php(37): Illuminate\\Pipeline\\Pipeline->Illuminate\\Pipeline\\{closure}(Object(Illuminate\\Http\\Request))
#23 C:\\Users\\Netamind Technology\\Desktop\\netacube\\vendor\\laravel\\framework\\src\\Illuminate\\Pipeline\\Pipeline.php(183): Illuminate\\Cookie\\Middleware\\AddQueuedCookiesToResponse->handle(Object(Illuminate\\Http\\Request), Object(Closure))
#24 C:\\Users\\Netamind Technology\\Desktop\\netacube\\vendor\\laravel\\framework\\src\\Illuminate\\Cookie\\Middleware\\EncryptCookies.php(67): Illuminate\\Pipeline\\Pipeline->Illuminate\\Pipeline\\{closure}(Object(Illuminate\\Http\\Request))
#25 C:\\Users\\Netamind Technology\\Desktop\\netacube\\vendor\\laravel\\framework\\src\\Illuminate\\Pipeline\\Pipeline.php(183): Illuminate\\Cookie\\Middleware\\EncryptCookies->handle(Object(Illuminate\\Http\\Request), Object(Closure))
#26 C:\\Users\\Netamind Technology\\Desktop\\netacube\\vendor\\laravel\\framework\\src\\Illuminate\\Pipeline\\Pipeline.php(119): Illuminate\\Pipeline\\Pipeline->Illuminate\\Pipeline\\{closure}(Object(Illuminate\\Http\\Request))
#27 C:\\Users\\Netamind Technology\\Desktop\\netacube\\vendor\\laravel\\framework\\src\\Illuminate\\Routing\\Router.php(805): Illuminate\\Pipeline\\Pipeline->then(Object(Closure))
#28 C:\\Users\\Netamind Technology\\Desktop\\netacube\\vendor\\laravel\\framework\\src\\Illuminate\\Routing\\Router.php(784): Illuminate\\Routing\\Router->runRouteWithinStack(Object(Illuminate\\Routing\\Route), Object(Illuminate\\Http\\Request))
#29 C:\\Users\\Netamind Technology\\Desktop\\netacube\\vendor\\laravel\\framework\\src\\Illuminate\\Routing\\Router.php(748): Illuminate\\Routing\\Router->runRoute(Object(Illuminate\\Http\\Request), Object(Illuminate\\Routing\\Route))
#30 C:\\Users\\Netamind Technology\\Desktop\\netacube\\vendor\\laravel\\framework\\src\\Illuminate\\Routing\\Router.php(737): Illuminate\\Routing\\Router->dispatchToRoute(Object(Illuminate\\Http\\Request))
#31 C:\\Users\\Netamind Technology\\Desktop\\netacube\\vendor\\laravel\\framework\\src\\Illuminate\\Foundation\\Http\\Kernel.php(200): Illuminate\\Routing\\Router->dispatch(Object(Illuminate\\Http\\Request))
#32 C:\\Users\\Netamind Technology\\Desktop\\netacube\\vendor\\laravel\\framework\\src\\Illuminate\\Pipeline\\Pipeline.php(144): Illuminate\\Foundation\\Http\\Kernel->Illuminate\\Foundation\\Http\\{closure}(Object(Illuminate\\Http\\Request))
#33 C:\\Users\\Netamind Technology\\Desktop\\netacube\\vendor\\laravel\\framework\\src\\Illuminate\\Foundation\\Http\\Middleware\\TransformsRequest.php(21): Illuminate\\Pipeline\\Pipeline->Illuminate\\Pipeline\\{closure}(Object(Illuminate\\Http\\Request))
#34 C:\\Users\\Netamind Technology\\Desktop\\netacube\\vendor\\laravel\\framework\\src\\Illuminate\\Foundation\\Http\\Middleware\\ConvertEmptyStringsToNull.php(31): Illuminate\\Foundation\\Http\\Middleware\\TransformsRequest->handle(Object(Illuminate\\Http\\Request), Object(Closure))
#35 C:\\Users\\Netamind Technology\\Desktop\\netacube\\vendor\\laravel\\framework\\src\\Illuminate\\Pipeline\\Pipeline.php(183): Illuminate\\Foundation\\Http\\Middleware\\ConvertEmptyStringsToNull->handle(Object(Illuminate\\Http\\Request), Object(Closure))
#36 C:\\Users\\Netamind Technology\\Desktop\\netacube\\vendor\\laravel\\framework\\src\\Illuminate\\Foundation\\Http\\Middleware\\TransformsRequest.php(21): Illuminate\\Pipeline\\Pipeline->Illuminate\\Pipeline\\{closure}(Object(Illuminate\\Http\\Request))
#37 C:\\Users\\Netamind Technology\\Desktop\\netacube\\vendor\\laravel\\framework\\src\\Illuminate\\Foundation\\Http\\Middleware\\TrimStrings.php(40): Illuminate\\Foundation\\Http\\Middleware\\TransformsRequest->handle(Object(Illuminate\\Http\\Request), Object(Closure))
#38 C:\\Users\\Netamind Technology\\Desktop\\netacube\\vendor\\laravel\\framework\\src\\Illuminate\\Pipeline\\Pipeline.php(183): Illuminate\\Foundation\\Http\\Middleware\\TrimStrings->handle(Object(Illuminate\\Http\\Request), Object(Closure))
#39 C:\\Users\\Netamind Technology\\Desktop\\netacube\\vendor\\laravel\\framework\\src\\Illuminate\\Foundation\\Http\\Middleware\\ValidatePostSize.php(27): Illuminate\\Pipeline\\Pipeline->Illuminate\\Pipeline\\{closure}(Object(Illuminate\\Http\\Request))
#40 C:\\Users\\Netamind Technology\\Desktop\\netacube\\vendor\\laravel\\framework\\src\\Illuminate\\Pipeline\\Pipeline.php(183): Illuminate\\Foundation\\Http\\Middleware\\ValidatePostSize->handle(Object(Illuminate\\Http\\Request), Object(Closure))
#41 C:\\Users\\Netamind Technology\\Desktop\\netacube\\vendor\\laravel\\framework\\src\\Illuminate\\Foundation\\Http\\Middleware\\PreventRequestsDuringMaintenance.php(99): Illuminate\\Pipeline\\Pipeline->Illuminate\\Pipeline\\{closure}(Object(Illuminate\\Http\\Request))
#42 C:\\Users\\Netamind Technology\\Desktop\\netacube\\vendor\\laravel\\framework\\src\\Illuminate\\Pipeline\\Pipeline.php(183): Illuminate\\Foundation\\Http\\Middleware\\PreventRequestsDuringMaintenance->handle(Object(Illuminate\\Http\\Request), Object(Closure))
#43 C:\\Users\\Netamind Technology\\Desktop\\netacube\\vendor\\laravel\\framework\\src\\Illuminate\\Http\\Middleware\\HandleCors.php(49): Illuminate\\Pipeline\\Pipeline->Illuminate\\Pipeline\\{closure}(Object(Illuminate\\Http\\Request))
#44 C:\\Users\\Netamind Technology\\Desktop\\netacube\\vendor\\laravel\\framework\\src\\Illuminate\\Pipeline\\Pipeline.php(183): Illuminate\\Http\\Middleware\\HandleCors->handle(Object(Illuminate\\Http\\Request), Object(Closure))
#45 C:\\Users\\Netamind Technology\\Desktop\\netacube\\vendor\\laravel\\framework\\src\\Illuminate\\Http\\Middleware\\TrustProxies.php(39): Illuminate\\Pipeline\\Pipeline->Illuminate\\Pipeline\\{closure}(Object(Illuminate\\Http\\Request))
#46 C:\\Users\\Netamind Technology\\Desktop\\netacube\\vendor\\laravel\\framework\\src\\Illuminate\\Pipeline\\Pipeline.php(183): Illuminate\\Http\\Middleware\\TrustProxies->handle(Object(Illuminate\\Http\\Request), Object(Closure))
#47 C:\\Users\\Netamind Technology\\Desktop\\netacube\\vendor\\laravel\\framework\\src\\Illuminate\\Pipeline\\Pipeline.php(119): Illuminate\\Pipeline\\Pipeline->Illuminate\\Pipeline\\{closure}(Object(Illuminate\\Http\\Request))
#48 C:\\Users\\Netamind Technology\\Desktop\\netacube\\vendor\\laravel\\framework\\src\\Illuminate\\Foundation\\Http\\Kernel.php(175): Illuminate\\Pipeline\\Pipeline->then(Object(Closure))
#49 C:\\Users\\Netamind Technology\\Desktop\\netacube\\vendor\\laravel\\framework\\src\\Illuminate\\Foundation\\Http\\Kernel.php(144): Illuminate\\Foundation\\Http\\Kernel->sendRequestThroughRouter(Object(Illuminate\\Http\\Request))
#50 C:\\Users\\Netamind Technology\\Desktop\\netacube\\public\\index.php(51): Illuminate\\Foundation\\Http\\Kernel->handle(Object(Illuminate\\Http\\Request))
#51 C:\\Users\\Netamind Technology\\Desktop\\netacube\\vendor\\laravel\\framework\\src\\Illuminate\\Foundation\\resources\\server.php(16): require_once('C:\\\\Users\\\\Netami...')
#52 {main}

[previous exception] [object] (PDOException(code: 2002): SQLSTATE[HY000] [2002] No connection could be made because the target machine actively refused it at C:\\Users\\Netamind Technology\\Desktop\\netacube\\vendor\\laravel\\framework\\src\\Illuminate\\Database\\Connectors\\Connector.php:65)
[stacktrace]
#0 C:\\Users\\Netamind Technology\\Desktop\\netacube\\vendor\\laravel\\framework\\src\\Illuminate\\Database\\Connectors\\Connector.php(65): PDO->__construct('mysql:host=127....', 'root', Object(SensitiveParameterValue), Array)
#1 C:\\Users\\Netamind Technology\\Desktop\\netacube\\vendor\\laravel\\framework\\src\\Illuminate\\Database\\Connectors\\Connector.php(83): Illuminate\\Database\\Connectors\\Connector->createPdoConnection('mysql:host=127....', 'root', '', Array)
#2 C:\\Users\\Netamind Technology\\Desktop\\netacube\\vendor\\laravel\\framework\\src\\Illuminate\\Database\\Connectors\\Connector.php(48): Illuminate\\Database\\Connectors\\Connector->tryAgainIfCausedByLostConnection(Object(PDOException), 'mysql:host=127....', 'root', '', Array)
#3 C:\\Users\\Netamind Technology\\Desktop\\netacube\\vendor\\laravel\\framework\\src\\Illuminate\\Database\\Connectors\\MySqlConnector.php(24): Illuminate\\Database\\Connectors\\Connector->createConnection('mysql:host=127....', Array, Array)
#4 C:\\Users\\Netamind Technology\\Desktop\\netacube\\vendor\\laravel\\framework\\src\\Illuminate\\Database\\Connectors\\ConnectionFactory.php(184): Illuminate\\Database\\Connectors\\MySqlConnector->connect(Array)
#5 [internal function]: Illuminate\\Database\\Connectors\\ConnectionFactory->Illuminate\\Database\\Connectors\\{closure}()
#6 C:\\Users\\Netamind Technology\\Desktop\\netacube\\vendor\\laravel\\framework\\src\\Illuminate\\Database\\Connection.php(1339): call_user_func(Object(Closure))
#7 C:\\Users\\Netamind Technology\\Desktop\\netacube\\vendor\\laravel\\framework\\src\\Illuminate\\Database\\Connection.php(1375): Illuminate\\Database\\Connection->getPdo()
#8 C:\\Users\\Netamind Technology\\Desktop\\netacube\\vendor\\laravel\\framework\\src\\Illuminate\\Database\\Connection.php(528): Illuminate\\Database\\Connection->getReadPdo()
#9 C:\\Users\\Netamind Technology\\Desktop\\netacube\\vendor\\laravel\\framework\\src\\Illuminate\\Database\\Connection.php(423): Illuminate\\Database\\Connection->getPdoForSelect(true)
#10 C:\\Users\\Netamind Technology\\Desktop\\netacube\\vendor\\laravel\\framework\\src\\Illuminate\\Database\\Connection.php(816): Illuminate\\Database\\Connection->Illuminate\\Database\\{closure}('select * from `...', Array)
#11 C:\\Users\\Netamind Technology\\Desktop\\netacube\\vendor\\laravel\\framework\\src\\Illuminate\\Database\\Connection.php(983): Illuminate\\Database\\Connection->runQueryCallback('select * from `...', Array, Object(Closure))
#12 C:\\Users\\Netamind Technology\\Desktop\\netacube\\vendor\\laravel\\framework\\src\\Illuminate\\Database\\Connection.php(962): Illuminate\\Database\\Connection->tryAgainIfCausedByLostConnection(Object(Illuminate\\Database\\QueryException), 'select * from `...', Array, Object(Closure))
#13 C:\\Users\\Netamind Technology\\Desktop\\netacube\\vendor\\laravel\\framework\\src\\Illuminate\\Database\\Connection.php(785): Illuminate\\Database\\Connection->handleQueryException(Object(Illuminate\\Database\\QueryException), 'select * from `...', Array, Object(Closure))
#14 C:\\Users\\Netamind Technology\\Desktop\\netacube\\vendor\\laravel\\framework\\src\\Illuminate\\Database\\Connection.php(414): Illuminate\\Database\\Connection->run('select * from `...', Array, Object(Closure))
#15 C:\\Users\\Netamind Technology\\Desktop\\netacube\\vendor\\laravel\\framework\\src\\Illuminate\\Database\\Query\\Builder.php(2913): Illuminate\\Database\\Connection->select('select * from `...', Array, true)
#16 C:\\Users\\Netamind Technology\\Desktop\\netacube\\vendor\\laravel\\framework\\src\\Illuminate\\Database\\Query\\Builder.php(2902): Illuminate\\Database\\Query\\Builder->runSelect()
#17 C:\\Users\\Netamind Technology\\Desktop\\netacube\\vendor\\laravel\\framework\\src\\Illuminate\\Database\\Query\\Builder.php(3456): Illuminate\\Database\\Query\\Builder->Illuminate\\Database\\Query\\{closure}()
#18 C:\\Users\\Netamind Technology\\Desktop\\netacube\\vendor\\laravel\\framework\\src\\Illuminate\\Database\\Query\\Builder.php(2901): Illuminate\\Database\\Query\\Builder->onceWithColumns(Array, Object(Closure))
#19 C:\\Users\\Netamind Technology\\Desktop\\netacube\\vendor\\laravel\\framework\\src\\Illuminate\\Database\\Eloquent\\Builder.php(739): Illuminate\\Database\\Query\\Builder->get(Array)
#20 C:\\Users\\Netamind Technology\\Desktop\\netacube\\vendor\\laravel\\framework\\src\\Illuminate\\Database\\Eloquent\\Builder.php(723): Illuminate\\Database\\Eloquent\\Builder->getModels(Array)
#21 C:\\Users\\Netamind Technology\\Desktop\\netacube\\vendor\\laravel\\framework\\src\\Illuminate\\Database\\Concerns\\BuildsQueries.php(333): Illuminate\\Database\\Eloquent\\Builder->get(Array)
#22 C:\\Users\\Netamind Technology\\Desktop\\netacube\\app\\Http\\Middleware\\InitializeTenancyByPath.php(25): Illuminate\\Database\\Eloquent\\Builder->first()
#23 C:\\Users\\Netamind Technology\\Desktop\\netacube\\vendor\\laravel\\framework\\src\\Illuminate\\Pipeline\\Pipeline.php(183): App\\Http\\Middleware\\InitializeTenancyByPath->handle(Object(Illuminate\\Http\\Request), Object(Closure))
#24 C:\\Users\\Netamind Technology\\Desktop\\netacube\\vendor\\laravel\\framework\\src\\Illuminate\\Routing\\Middleware\\SubstituteBindings.php(50): Illuminate\\Pipeline\\Pipeline->Illuminate\\Pipeline\\{closure}(Object(Illuminate\\Http\\Request))
#25 C:\\Users\\Netamind Technology\\Desktop\\netacube\\vendor\\laravel\\framework\\src\\Illuminate\\Pipeline\\Pipeline.php(183): Illuminate\\Routing\\Middleware\\SubstituteBindings->handle(Object(Illuminate\\Http\\Request), Object(Closure))
#26 C:\\Users\\Netamind Technology\\Desktop\\netacube\\vendor\\laravel\\framework\\src\\Illuminate\\Foundation\\Http\\Middleware\\VerifyCsrfToken.php(78): Illuminate\\Pipeline\\Pipeline->Illuminate\\Pipeline\\{closure}(Object(Illuminate\\Http\\Request))
#27 C:\\Users\\Netamind Technology\\Desktop\\netacube\\vendor\\laravel\\framework\\src\\Illuminate\\Pipeline\\Pipeline.php(183): Illuminate\\Foundation\\Http\\Middleware\\VerifyCsrfToken->handle(Object(Illuminate\\Http\\Request), Object(Closure))
#28 C:\\Users\\Netamind Technology\\Desktop\\netacube\\vendor\\laravel\\framework\\src\\Illuminate\\View\\Middleware\\ShareErrorsFromSession.php(49): Illuminate\\Pipeline\\Pipeline->Illuminate\\Pipeline\\{closure}(Object(Illuminate\\Http\\Request))
#29 C:\\Users\\Netamind Technology\\Desktop\\netacube\\vendor\\laravel\\framework\\src\\Illuminate\\Pipeline\\Pipeline.php(183): Illuminate\\View\\Middleware\\ShareErrorsFromSession->handle(Object(Illuminate\\Http\\Request), Object(Closure))
#30 C:\\Users\\Netamind Technology\\Desktop\\netacube\\vendor\\laravel\\framework\\src\\Illuminate\\Session\\Middleware\\StartSession.php(121): Illuminate\\Pipeline\\Pipeline->Illuminate\\Pipeline\\{closure}(Object(Illuminate\\Http\\Request))
#31 C:\\Users\\Netamind Technology\\Desktop\\netacube\\vendor\\laravel\\framework\\src\\Illuminate\\Session\\Middleware\\StartSession.php(64): Illuminate\\Session\\Middleware\\StartSession->handleStatefulRequest(Object(Illuminate\\Http\\Request), Object(Illuminate\\Session\\Store), Object(Closure))
#32 C:\\Users\\Netamind Technology\\Desktop\\netacube\\vendor\\laravel\\framework\\src\\Illuminate\\Pipeline\\Pipeline.php(183): Illuminate\\Session\\Middleware\\StartSession->handle(Object(Illuminate\\Http\\Request), Object(Closure))
#33 C:\\Users\\Netamind Technology\\Desktop\\netacube\\vendor\\laravel\\framework\\src\\Illuminate\\Cookie\\Middleware\\AddQueuedCookiesToResponse.php(37): Illuminate\\Pipeline\\Pipeline->Illuminate\\Pipeline\\{closure}(Object(Illuminate\\Http\\Request))
#34 C:\\Users\\Netamind Technology\\Desktop\\netacube\\vendor\\laravel\\framework\\src\\Illuminate\\Pipeline\\Pipeline.php(183): Illuminate\\Cookie\\Middleware\\AddQueuedCookiesToResponse->handle(Object(Illuminate\\Http\\Request), Object(Closure))
#35 C:\\Users\\Netamind Technology\\Desktop\\netacube\\vendor\\laravel\\framework\\src\\Illuminate\\Cookie\\Middleware\\EncryptCookies.php(67): Illuminate\\Pipeline\\Pipeline->Illuminate\\Pipeline\\{closure}(Object(Illuminate\\Http\\Request))
#36 C:\\Users\\Netamind Technology\\Desktop\\netacube\\vendor\\laravel\\framework\\src\\Illuminate\\Pipeline\\Pipeline.php(183): Illuminate\\Cookie\\Middleware\\EncryptCookies->handle(Object(Illuminate\\Http\\Request), Object(Closure))
#37 C:\\Users\\Netamind Technology\\Desktop\\netacube\\vendor\\laravel\\framework\\src\\Illuminate\\Pipeline\\Pipeline.php(119): Illuminate\\Pipeline\\Pipeline->Illuminate\\Pipeline\\{closure}(Object(Illuminate\\Http\\Request))
#38 C:\\Users\\Netamind Technology\\Desktop\\netacube\\vendor\\laravel\\framework\\src\\Illuminate\\Routing\\Router.php(805): Illuminate\\Pipeline\\Pipeline->then(Object(Closure))
#39 C:\\Users\\Netamind Technology\\Desktop\\netacube\\vendor\\laravel\\framework\\src\\Illuminate\\Routing\\Router.php(784): Illuminate\\Routing\\Router->runRouteWithinStack(Object(Illuminate\\Routing\\Route), Object(Illuminate\\Http\\Request))
#40 C:\\Users\\Netamind Technology\\Desktop\\netacube\\vendor\\laravel\\framework\\src\\Illuminate\\Routing\\Router.php(748): Illuminate\\Routing\\Router->runRoute(Object(Illuminate\\Http\\Request), Object(Illuminate\\Routing\\Route))
#41 C:\\Users\\Netamind Technology\\Desktop\\netacube\\vendor\\laravel\\framework\\src\\Illuminate\\Routing\\Router.php(737): Illuminate\\Routing\\Router->dispatchToRoute(Object(Illuminate\\Http\\Request))
#42 C:\\Users\\Netamind Technology\\Desktop\\netacube\\vendor\\laravel\\framework\\src\\Illuminate\\Foundation\\Http\\Kernel.php(200): Illuminate\\Routing\\Router->dispatch(Object(Illuminate\\Http\\Request))
#43 C:\\Users\\Netamind Technology\\Desktop\\netacube\\vendor\\laravel\\framework\\src\\Illuminate\\Pipeline\\Pipeline.php(144): Illuminate\\Foundation\\Http\\Kernel->Illuminate\\Foundation\\Http\\{closure}(Object(Illuminate\\Http\\Request))
#44 C:\\Users\\Netamind Technology\\Desktop\\netacube\\vendor\\laravel\\framework\\src\\Illuminate\\Foundation\\Http\\Middleware\\TransformsRequest.php(21): Illuminate\\Pipeline\\Pipeline->Illuminate\\Pipeline\\{closure}(Object(Illuminate\\Http\\Request))
#45 C:\\Users\\Netamind Technology\\Desktop\\netacube\\vendor\\laravel\\framework\\src\\Illuminate\\Foundation\\Http\\Middleware\\ConvertEmptyStringsToNull.php(31): Illuminate\\Foundation\\Http\\Middleware\\TransformsRequest->handle(Object(Illuminate\\Http\\Request), Object(Closure))
#46 C:\\Users\\Netamind Technology\\Desktop\\netacube\\vendor\\laravel\\framework\\src\\Illuminate\\Pipeline\\Pipeline.php(183): Illuminate\\Foundation\\Http\\Middleware\\ConvertEmptyStringsToNull->handle(Object(Illuminate\\Http\\Request), Object(Closure))
#47 C:\\Users\\Netamind Technology\\Desktop\\netacube\\vendor\\laravel\\framework\\src\\Illuminate\\Foundation\\Http\\Middleware\\TransformsRequest.php(21): Illuminate\\Pipeline\\Pipeline->Illuminate\\Pipeline\\{closure}(Object(Illuminate\\Http\\Request))
#48 C:\\Users\\Netamind Technology\\Desktop\\netacube\\vendor\\laravel\\framework\\src\\Illuminate\\Foundation\\Http\\Middleware\\TrimStrings.php(40): Illuminate\\Foundation\\Http\\Middleware\\TransformsRequest->handle(Object(Illuminate\\Http\\Request), Object(Closure))
#49 C:\\Users\\Netamind Technology\\Desktop\\netacube\\vendor\\laravel\\framework\\src\\Illuminate\\Pipeline\\Pipeline.php(183): Illuminate\\Foundation\\Http\\Middleware\\TrimStrings->handle(Object(Illuminate\\Http\\Request), Object(Closure))
#50 C:\\Users\\Netamind Technology\\Desktop\\netacube\\vendor\\laravel\\framework\\src\\Illuminate\\Foundation\\Http\\Middleware\\ValidatePostSize.php(27): Illuminate\\Pipeline\\Pipeline->Illuminate\\Pipeline\\{closure}(Object(Illuminate\\Http\\Request))
#51 C:\\Users\\Netamind Technology\\Desktop\\netacube\\vendor\\laravel\\framework\\src\\Illuminate\\Pipeline\\Pipeline.php(183): Illuminate\\Foundation\\Http\\Middleware\\ValidatePostSize->handle(Object(Illuminate\\Http\\Request), Object(Closure))
#52 C:\\Users\\Netamind Technology\\Desktop\\netacube\\vendor\\laravel\\framework\\src\\Illuminate\\Foundation\\Http\\Middleware\\PreventRequestsDuringMaintenance.php(99): Illuminate\\Pipeline\\Pipeline->Illuminate\\Pipeline\\{closure}(Object(Illuminate\\Http\\Request))
#53 C:\\Users\\Netamind Technology\\Desktop\\netacube\\vendor\\laravel\\framework\\src\\Illuminate\\Pipeline\\Pipeline.php(183): Illuminate\\Foundation\\Http\\Middleware\\PreventRequestsDuringMaintenance->handle(Object(Illuminate\\Http\\Request), Object(Closure))
#54 C:\\Users\\Netamind Technology\\Desktop\\netacube\\vendor\\laravel\\framework\\src\\Illuminate\\Http\\Middleware\\HandleCors.php(49): Illuminate\\Pipeline\\Pipeline->Illuminate\\Pipeline\\{closure}(Object(Illuminate\\Http\\Request))
#55 C:\\Users\\Netamind Technology\\Desktop\\netacube\\vendor\\laravel\\framework\\src\\Illuminate\\Pipeline\\Pipeline.php(183): Illuminate\\Http\\Middleware\\HandleCors->handle(Object(Illuminate\\Http\\Request), Object(Closure))
#56 C:\\Users\\Netamind Technology\\Desktop\\netacube\\vendor\\laravel\\framework\\src\\Illuminate\\Http\\Middleware\\TrustProxies.php(39): Illuminate\\Pipeline\\Pipeline->Illuminate\\Pipeline\\{closure}(Object(Illuminate\\Http\\Request))
#57 C:\\Users\\Netamind Technology\\Desktop\\netacube\\vendor\\laravel\\framework\\src\\Illuminate\\Pipeline\\Pipeline.php(183): Illuminate\\Http\\Middleware\\TrustProxies->handle(Object(Illuminate\\Http\\Request), Object(Closure))
#58 C:\\Users\\Netamind Technology\\Desktop\\netacube\\vendor\\laravel\\framework\\src\\Illuminate\\Pipeline\\Pipeline.php(119): Illuminate\\Pipeline\\Pipeline->Illuminate\\Pipeline\\{closure}(Object(Illuminate\\Http\\Request))
#59 C:\\Users\\Netamind Technology\\Desktop\\netacube\\vendor\\laravel\\framework\\src\\Illuminate\\Foundation\\Http\\Kernel.php(175): Illuminate\\Pipeline\\Pipeline->then(Object(Closure))
#60 C:\\Users\\Netamind Technology\\Desktop\\netacube\\vendor\\laravel\\framework\\src\\Illuminate\\Foundation\\Http\\Kernel.php(144): Illuminate\\Foundation\\Http\\Kernel->sendRequestThroughRouter(Object(Illuminate\\Http\\Request))
#61 C:\\Users\\Netamind Technology\\Desktop\\netacube\\public\\index.php(51): Illuminate\\Foundation\\Http\\Kernel->handle(Object(Illuminate\\Http\\Request))
#62 C:\\Users\\Netamind Technology\\Desktop\\netacube\\vendor\\laravel\\framework\\src\\Illuminate\\Foundation\\resources\\server.php(16): require_once('C:\\\\Users\\\\Netami...')
#63 {main}
"} 
[2026-08-16 13:56:12] local.ERROR: SQLSTATE[HY000] [2002] No connection could be made because the target machine actively refused it (Connection: mysql, SQL: select * from `tenants` where `client_url` = noveta limit 1) {"exception":"[object] (Illuminate\\Database\\QueryException(code: 2002): SQLSTATE[HY000] [2002] No connection could be made because the target machine actively refused it (Connection: mysql, SQL: select * from `tenants` where `client_url` = noveta limit 1) at C:\\Users\\Netamind Technology\\Desktop\\netacube\\vendor\\laravel\\framework\\src\\Illuminate\\Database\\Connection.php:829)
[stacktrace]
#0 C:\\Users\\Netamind Technology\\Desktop\\netacube\\vendor\\laravel\\framework\\src\\Illuminate\\Database\\Connection.php(983): Illuminate\\Database\\Connection->runQueryCallback('select * from `...', Array, Object(Closure))
#1 C:\\Users\\Netamind Technology\\Desktop\\netacube\\vendor\\laravel\\framework\\src\\Illuminate\\Database\\Connection.php(962): Illuminate\\Database\\Connection->tryAgainIfCausedByLostConnection(Object(Illuminate\\Database\\QueryException), 'select * from `...', Array, Object(Closure))
#2 C:\\Users\\Netamind Technology\\Desktop\\netacube\\vendor\\laravel\\framework\\src\\Illuminate\\Database\\Connection.php(785): Illuminate\\Database\\Connection->handleQueryException(Object(Illuminate\\Database\\QueryException), 'select * from `...', Array, Object(Closure))
#3 C:\\Users\\Netamind Technology\\Desktop\\netacube\\vendor\\laravel\\framework\\src\\Illuminate\\Database\\Connection.php(414): Illuminate\\Database\\Connection->run('select * from `...', Array, Object(Closure))
#4 C:\\Users\\Netamind Technology\\Desktop\\netacube\\vendor\\laravel\\framework\\src\\Illuminate\\Database\\Query\\Builder.php(2913): Illuminate\\Database\\Connection->select('select * from `...', Array, true)
#5 C:\\Users\\Netamind Technology\\Desktop\\netacube\\vendor\\laravel\\framework\\src\\Illuminate\\Database\\Query\\Builder.php(2902): Illuminate\\Database\\Query\\Builder->runSelect()
#6 C:\\Users\\Netamind Technology\\Desktop\\netacube\\vendor\\laravel\\framework\\src\\Illuminate\\Database\\Query\\Builder.php(3456): Illuminate\\Database\\Query\\Builder->Illuminate\\Database\\Query\\{closure}()
#7 C:\\Users\\Netamind Technology\\Desktop\\netacube\\vendor\\laravel\\framework\\src\\Illuminate\\Database\\Query\\Builder.php(2901): Illuminate\\Database\\Query\\Builder->onceWithColumns(Array, Object(Closure))
#8 C:\\Users\\Netamind Technology\\Desktop\\netacube\\vendor\\laravel\\framework\\src\\Illuminate\\Database\\Eloquent\\Builder.php(739): Illuminate\\Database\\Query\\Builder->get(Array)
#9 C:\\Users\\Netamind Technology\\Desktop\\netacube\\vendor\\laravel\\framework\\src\\Illuminate\\Database\\Eloquent\\Builder.php(723): Illuminate\\Database\\Eloquent\\Builder->getModels(Array)
#10 C:\\Users\\Netamind Technology\\Desktop\\netacube\\vendor\\laravel\\framework\\src\\Illuminate\\Database\\Concerns\\BuildsQueries.php(333): Illuminate\\Database\\Eloquent\\Builder->get(Array)
#11 C:\\Users\\Netamind Technology\\Desktop\\netacube\\app\\Http\\Middleware\\InitializeTenancyByPath.php(25): Illuminate\\Database\\Eloquent\\Builder->first()
#12 C:\\Users\\Netamind Technology\\Desktop\\netacube\\vendor\\laravel\\framework\\src\\Illuminate\\Pipeline\\Pipeline.php(183): App\\Http\\Middleware\\InitializeTenancyByPath->handle(Object(Illuminate\\Http\\Request), Object(Closure))
#13 C:\\Users\\Netamind Technology\\Desktop\\netacube\\vendor\\laravel\\framework\\src\\Illuminate\\Routing\\Middleware\\SubstituteBindings.php(50): Illuminate\\Pipeline\\Pipeline->Illuminate\\Pipeline\\{closure}(Object(Illuminate\\Http\\Request))
#14 C:\\Users\\Netamind Technology\\Desktop\\netacube\\vendor\\laravel\\framework\\src\\Illuminate\\Pipeline\\Pipeline.php(183): Illuminate\\Routing\\Middleware\\SubstituteBindings->handle(Object(Illuminate\\Http\\Request), Object(Closure))
#15 C:\\Users\\Netamind Technology\\Desktop\\netacube\\vendor\\laravel\\framework\\src\\Illuminate\\Foundation\\Http\\Middleware\\VerifyCsrfToken.php(78): Illuminate\\Pipeline\\Pipeline->Illuminate\\Pipeline\\{closure}(Object(Illuminate\\Http\\Request))
#16 C:\\Users\\Netamind Technology\\Desktop\\netacube\\vendor\\laravel\\framework\\src\\Illuminate\\Pipeline\\Pipeline.php(183): Illuminate\\Foundation\\Http\\Middleware\\VerifyCsrfToken->handle(Object(Illuminate\\Http\\Request), Object(Closure))
#17 C:\\Users\\Netamind Technology\\Desktop\\netacube\\vendor\\laravel\\framework\\src\\Illuminate\\View\\Middleware\\ShareErrorsFromSession.php(49): Illuminate\\Pipeline\\Pipeline->Illuminate\\Pipeline\\{closure}(Object(Illuminate\\Http\\Request))
#18 C:\\Users\\Netamind Technology\\Desktop\\netacube\\vendor\\laravel\\framework\\src\\Illuminate\\Pipeline\\Pipeline.php(183): Illuminate\\View\\Middleware\\ShareErrorsFromSession->handle(Object(Illuminate\\Http\\Request), Object(Closure))
#19 C:\\Users\\Netamind Technology\\Desktop\\netacube\\vendor\\laravel\\framework\\src\\Illuminate\\Session\\Middleware\\StartSession.php(121): Illuminate\\Pipeline\\Pipeline->Illuminate\\Pipeline\\{closure}(Object(Illuminate\\Http\\Request))
#20 C:\\Users\\Netamind Technology\\Desktop\\netacube\\vendor\\laravel\\framework\\src\\Illuminate\\Session\\Middleware\\StartSession.php(64): Illuminate\\Session\\Middleware\\StartSession->handleStatefulRequest(Object(Illuminate\\Http\\Request), Object(Illuminate\\Session\\Store), Object(Closure))
#21 C:\\Users\\Netamind Technology\\Desktop\\netacube\\vendor\\laravel\\framework\\src\\Illuminate\\Pipeline\\Pipeline.php(183): Illuminate\\Session\\Middleware\\StartSession->handle(Object(Illuminate\\Http\\Request), Object(Closure))
#22 C:\\Users\\Netamind Technology\\Desktop\\netacube\\vendor\\laravel\\framework\\src\\Illuminate\\Cookie\\Middleware\\AddQueuedCookiesToResponse.php(37): Illuminate\\Pipeline\\Pipeline->Illuminate\\Pipeline\\{closure}(Object(Illuminate\\Http\\Request))
#23 C:\\Users\\Netamind Technology\\Desktop\\netacube\\vendor\\laravel\\framework\\src\\Illuminate\\Pipeline\\Pipeline.php(183): Illuminate\\Cookie\\Middleware\\AddQueuedCookiesToResponse->handle(Object(Illuminate\\Http\\Request), Object(Closure))
#24 C:\\Users\\Netamind Technology\\Desktop\\netacube\\vendor\\laravel\\framework\\src\\Illuminate\\Cookie\\Middleware\\EncryptCookies.php(67): Illuminate\\Pipeline\\Pipeline->Illuminate\\Pipeline\\{closure}(Object(Illuminate\\Http\\Request))
#25 C:\\Users\\Netamind Technology\\Desktop\\netacube\\vendor\\laravel\\framework\\src\\Illuminate\\Pipeline\\Pipeline.php(183): Illuminate\\Cookie\\Middleware\\EncryptCookies->handle(Object(Illuminate\\Http\\Request), Object(Closure))
#26 C:\\Users\\Netamind Technology\\Desktop\\netacube\\vendor\\laravel\\framework\\src\\Illuminate\\Pipeline\\Pipeline.php(119): Illuminate\\Pipeline\\Pipeline->Illuminate\\Pipeline\\{closure}(Object(Illuminate\\Http\\Request))
#27 C:\\Users\\Netamind Technology\\Desktop\\netacube\\vendor\\laravel\\framework\\src\\Illuminate\\Routing\\Router.php(805): Illuminate\\Pipeline\\Pipeline->then(Object(Closure))
#28 C:\\Users\\Netamind Technology\\Desktop\\netacube\\vendor\\laravel\\framework\\src\\Illuminate\\Routing\\Router.php(784): Illuminate\\Routing\\Router->runRouteWithinStack(Object(Illuminate\\Routing\\Route), Object(Illuminate\\Http\\Request))
#29 C:\\Users\\Netamind Technology\\Desktop\\netacube\\vendor\\laravel\\framework\\src\\Illuminate\\Routing\\Router.php(748): Illuminate\\Routing\\Router->runRoute(Object(Illuminate\\Http\\Request), Object(Illuminate\\Routing\\Route))
#30 C:\\Users\\Netamind Technology\\Desktop\\netacube\\vendor\\laravel\\framework\\src\\Illuminate\\Routing\\Router.php(737): Illuminate\\Routing\\Router->dispatchToRoute(Object(Illuminate\\Http\\Request))
#31 C:\\Users\\Netamind Technology\\Desktop\\netacube\\vendor\\laravel\\framework\\src\\Illuminate\\Foundation\\Http\\Kernel.php(200): Illuminate\\Routing\\Router->dispatch(Object(Illuminate\\Http\\Request))
#32 C:\\Users\\Netamind Technology\\Desktop\\netacube\\vendor\\laravel\\framework\\src\\Illuminate\\Pipeline\\Pipeline.php(144): Illuminate\\Foundation\\Http\\Kernel->Illuminate\\Foundation\\Http\\{closure}(Object(Illuminate\\Http\\Request))
#33 C:\\Users\\Netamind Technology\\Desktop\\netacube\\vendor\\laravel\\framework\\src\\Illuminate\\Foundation\\Http\\Middleware\\TransformsRequest.php(21): Illuminate\\Pipeline\\Pipeline->Illuminate\\Pipeline\\{closure}(Object(Illuminate\\Http\\Request))
#34 C:\\Users\\Netamind Technology\\Desktop\\netacube\\vendor\\laravel\\framework\\src\\Illuminate\\Foundation\\Http\\Middleware\\ConvertEmptyStringsToNull.php(31): Illuminate\\Foundation\\Http\\Middleware\\TransformsRequest->handle(Object(Illuminate\\Http\\Request), Object(Closure))
#35 C:\\Users\\Netamind Technology\\Desktop\\netacube\\vendor\\laravel\\framework\\src\\Illuminate\\Pipeline\\Pipeline.php(183): Illuminate\\Foundation\\Http\\Middleware\\ConvertEmptyStringsToNull->handle(Object(Illuminate\\Http\\Request), Object(Closure))
#36 C:\\Users\\Netamind Technology\\Desktop\\netacube\\vendor\\laravel\\framework\\src\\Illuminate\\Foundation\\Http\\Middleware\\TransformsRequest.php(21): Illuminate\\Pipeline\\Pipeline->Illuminate\\Pipeline\\{closure}(Object(Illuminate\\Http\\Request))
#37 C:\\Users\\Netamind Technology\\Desktop\\netacube\\vendor\\laravel\\framework\\src\\Illuminate\\Foundation\\Http\\Middleware\\TrimStrings.php(40): Illuminate\\Foundation\\Http\\Middleware\\TransformsRequest->handle(Object(Illuminate\\Http\\Request), Object(Closure))
#38 C:\\Users\\Netamind Technology\\Desktop\\netacube\\vendor\\laravel\\framework\\src\\Illuminate\\Pipeline\\Pipeline.php(183): Illuminate\\Foundation\\Http\\Middleware\\TrimStrings->handle(Object(Illuminate\\Http\\Request), Object(Closure))
#39 C:\\Users\\Netamind Technology\\Desktop\\netacube\\vendor\\laravel\\framework\\src\\Illuminate\\Foundation\\Http\\Middleware\\ValidatePostSize.php(27): Illuminate\\Pipeline\\Pipeline->Illuminate\\Pipeline\\{closure}(Object(Illuminate\\Http\\Request))
#40 C:\\Users\\Netamind Technology\\Desktop\\netacube\\vendor\\laravel\\framework\\src\\Illuminate\\Pipeline\\Pipeline.php(183): Illuminate\\Foundation\\Http\\Middleware\\ValidatePostSize->handle(Object(Illuminate\\Http\\Request), Object(Closure))
#41 C:\\Users\\Netamind Technology\\Desktop\\netacube\\vendor\\laravel\\framework\\src\\Illuminate\\Foundation\\Http\\Middleware\\PreventRequestsDuringMaintenance.php(99): Illuminate\\Pipeline\\Pipeline->Illuminate\\Pipeline\\{closure}(Object(Illuminate\\Http\\Request))
#42 C:\\Users\\Netamind Technology\\Desktop\\netacube\\vendor\\laravel\\framework\\src\\Illuminate\\Pipeline\\Pipeline.php(183): Illuminate\\Foundation\\Http\\Middleware\\PreventRequestsDuringMaintenance->handle(Object(Illuminate\\Http\\Request), Object(Closure))
#43 C:\\Users\\Netamind Technology\\Desktop\\netacube\\vendor\\laravel\\framework\\src\\Illuminate\\Http\\Middleware\\HandleCors.php(49): Illuminate\\Pipeline\\Pipeline->Illuminate\\Pipeline\\{closure}(Object(Illuminate\\Http\\Request))
#44 C:\\Users\\Netamind Technology\\Desktop\\netacube\\vendor\\laravel\\framework\\src\\Illuminate\\Pipeline\\Pipeline.php(183): Illuminate\\Http\\Middleware\\HandleCors->handle(Object(Illuminate\\Http\\Request), Object(Closure))
#45 C:\\Users\\Netamind Technology\\Desktop\\netacube\\vendor\\laravel\\framework\\src\\Illuminate\\Http\\Middleware\\TrustProxies.php(39): Illuminate\\Pipeline\\Pipeline->Illuminate\\Pipeline\\{closure}(Object(Illuminate\\Http\\Request))
#46 C:\\Users\\Netamind Technology\\Desktop\\netacube\\vendor\\laravel\\framework\\src\\Illuminate\\Pipeline\\Pipeline.php(183): Illuminate\\Http\\Middleware\\TrustProxies->handle(Object(Illuminate\\Http\\Request), Object(Closure))
#47 C:\\Users\\Netamind Technology\\Desktop\\netacube\\vendor\\laravel\\framework\\src\\Illuminate\\Pipeline\\Pipeline.php(119): Illuminate\\Pipeline\\Pipeline->Illuminate\\Pipeline\\{closure}(Object(Illuminate\\Http\\Request))
#48 C:\\Users\\Netamind Technology\\Desktop\\netacube\\vendor\\laravel\\framework\\src\\Illuminate\\Foundation\\Http\\Kernel.php(175): Illuminate\\Pipeline\\Pipeline->then(Object(Closure))
#49 C:\\Users\\Netamind Technology\\Desktop\\netacube\\vendor\\laravel\\framework\\src\\Illuminate\\Foundation\\Http\\Kernel.php(144): Illuminate\\Foundation\\Http\\Kernel->sendRequestThroughRouter(Object(Illuminate\\Http\\Request))
#50 C:\\Users\\Netamind Technology\\Desktop\\netacube\\public\\index.php(51): Illuminate\\Foundation\\Http\\Kernel->handle(Object(Illuminate\\Http\\Request))
#51 C:\\Users\\Netamind Technology\\Desktop\\netacube\\vendor\\laravel\\framework\\src\\Illuminate\\Foundation\\resources\\server.php(16): require_once('C:\\\\Users\\\\Netami...')
#52 {main}

[previous exception] [object] (PDOException(code: 2002): SQLSTATE[HY000] [2002] No connection could be made because the target machine actively refused it at C:\\Users\\Netamind Technology\\Desktop\\netacube\\vendor\\laravel\\framework\\src\\Illuminate\\Database\\Connectors\\Connector.php:65)
[stacktrace]
#0 C:\\Users\\Netamind Technology\\Desktop\\netacube\\vendor\\laravel\\framework\\src\\Illuminate\\Database\\Connectors\\Connector.php(65): PDO->__construct('mysql:host=127....', 'root', Object(SensitiveParameterValue), Array)
#1 C:\\Users\\Netamind Technology\\Desktop\\netacube\\vendor\\laravel\\framework\\src\\Illuminate\\Database\\Connectors\\Connector.php(83): Illuminate\\Database\\Connectors\\Connector->createPdoConnection('mysql:host=127....', 'root', '', Array)
#2 C:\\Users\\Netamind Technology\\Desktop\\netacube\\vendor\\laravel\\framework\\src\\Illuminate\\Database\\Connectors\\Connector.php(48): Illuminate\\Database\\Connectors\\Connector->tryAgainIfCausedByLostConnection(Object(PDOException), 'mysql:host=127....', 'root', '', Array)
#3 C:\\Users\\Netamind Technology\\Desktop\\netacube\\vendor\\laravel\\framework\\src\\Illuminate\\Database\\Connectors\\MySqlConnector.php(24): Illuminate\\Database\\Connectors\\Connector->createConnection('mysql:host=127....', Array, Array)
#4 C:\\Users\\Netamind Technology\\Desktop\\netacube\\vendor\\laravel\\framework\\src\\Illuminate\\Database\\Connectors\\ConnectionFactory.php(184): Illuminate\\Database\\Connectors\\MySqlConnector->connect(Array)
#5 [internal function]: Illuminate\\Database\\Connectors\\ConnectionFactory->Illuminate\\Database\\Connectors\\{closure}()
#6 C:\\Users\\Netamind Technology\\Desktop\\netacube\\vendor\\laravel\\framework\\src\\Illuminate\\Database\\Connection.php(1339): call_user_func(Object(Closure))
#7 C:\\Users\\Netamind Technology\\Desktop\\netacube\\vendor\\laravel\\framework\\src\\Illuminate\\Database\\Connection.php(1375): Illuminate\\Database\\Connection->getPdo()
#8 C:\\Users\\Netamind Technology\\Desktop\\netacube\\vendor\\laravel\\framework\\src\\Illuminate\\Database\\Connection.php(528): Illuminate\\Database\\Connection->getReadPdo()
#9 C:\\Users\\Netamind Technology\\Desktop\\netacube\\vendor\\laravel\\framework\\src\\Illuminate\\Database\\Connection.php(423): Illuminate\\Database\\Connection->getPdoForSelect(true)
#10 C:\\Users\\Netamind Technology\\Desktop\\netacube\\vendor\\laravel\\framework\\src\\Illuminate\\Database\\Connection.php(816): Illuminate\\Database\\Connection->Illuminate\\Database\\{closure}('select * from `...', Array)
#11 C:\\Users\\Netamind Technology\\Desktop\\netacube\\vendor\\laravel\\framework\\src\\Illuminate\\Database\\Connection.php(983): Illuminate\\Database\\Connection->runQueryCallback('select * from `...', Array, Object(Closure))
#12 C:\\Users\\Netamind Technology\\Desktop\\netacube\\vendor\\laravel\\framework\\src\\Illuminate\\Database\\Connection.php(962): Illuminate\\Database\\Connection->tryAgainIfCausedByLostConnection(Object(Illuminate\\Database\\QueryException), 'select * from `...', Array, Object(Closure))
#13 C:\\Users\\Netamind Technology\\Desktop\\netacube\\vendor\\laravel\\framework\\src\\Illuminate\\Database\\Connection.php(785): Illuminate\\Database\\Connection->handleQueryException(Object(Illuminate\\Database\\QueryException), 'select * from `...', Array, Object(Closure))
#14 C:\\Users\\Netamind Technology\\Desktop\\netacube\\vendor\\laravel\\framework\\src\\Illuminate\\Database\\Connection.php(414): Illuminate\\Database\\Connection->run('select * from `...', Array, Object(Closure))
#15 C:\\Users\\Netamind Technology\\Desktop\\netacube\\vendor\\laravel\\framework\\src\\Illuminate\\Database\\Query\\Builder.php(2913): Illuminate\\Database\\Connection->select('select * from `...', Array, true)
#16 C:\\Users\\Netamind Technology\\Desktop\\netacube\\vendor\\laravel\\framework\\src\\Illuminate\\Database\\Query\\Builder.php(2902): Illuminate\\Database\\Query\\Builder->runSelect()
#17 C:\\Users\\Netamind Technology\\Desktop\\netacube\\vendor\\laravel\\framework\\src\\Illuminate\\Database\\Query\\Builder.php(3456): Illuminate\\Database\\Query\\Builder->Illuminate\\Database\\Query\\{closure}()
#18 C:\\Users\\Netamind Technology\\Desktop\\netacube\\vendor\\laravel\\framework\\src\\Illuminate\\Database\\Query\\Builder.php(2901): Illuminate\\Database\\Query\\Builder->onceWithColumns(Array, Object(Closure))
#19 C:\\Users\\Netamind Technology\\Desktop\\netacube\\vendor\\laravel\\framework\\src\\Illuminate\\Database\\Eloquent\\Builder.php(739): Illuminate\\Database\\Query\\Builder->get(Array)
#20 C:\\Users\\Netamind Technology\\Desktop\\netacube\\vendor\\laravel\\framework\\src\\Illuminate\\Database\\Eloquent\\Builder.php(723): Illuminate\\Database\\Eloquent\\Builder->getModels(Array)
#21 C:\\Users\\Netamind Technology\\Desktop\\netacube\\vendor\\laravel\\framework\\src\\Illuminate\\Database\\Concerns\\BuildsQueries.php(333): Illuminate\\Database\\Eloquent\\Builder->get(Array)
#22 C:\\Users\\Netamind Technology\\Desktop\\netacube\\app\\Http\\Middleware\\InitializeTenancyByPath.php(25): Illuminate\\Database\\Eloquent\\Builder->first()
#23 C:\\Users\\Netamind Technology\\Desktop\\netacube\\vendor\\laravel\\framework\\src\\Illuminate\\Pipeline\\Pipeline.php(183): App\\Http\\Middleware\\InitializeTenancyByPath->handle(Object(Illuminate\\Http\\Request), Object(Closure))
#24 C:\\Users\\Netamind Technology\\Desktop\\netacube\\vendor\\laravel\\framework\\src\\Illuminate\\Routing\\Middleware\\SubstituteBindings.php(50): Illuminate\\Pipeline\\Pipeline->Illuminate\\Pipeline\\{closure}(Object(Illuminate\\Http\\Request))
#25 C:\\Users\\Netamind Technology\\Desktop\\netacube\\vendor\\laravel\\framework\\src\\Illuminate\\Pipeline\\Pipeline.php(183): Illuminate\\Routing\\Middleware\\SubstituteBindings->handle(Object(Illuminate\\Http\\Request), Object(Closure))
#26 C:\\Users\\Netamind Technology\\Desktop\\netacube\\vendor\\laravel\\framework\\src\\Illuminate\\Foundation\\Http\\Middleware\\VerifyCsrfToken.php(78): Illuminate\\Pipeline\\Pipeline->Illuminate\\Pipeline\\{closure}(Object(Illuminate\\Http\\Request))
#27 C:\\Users\\Netamind Technology\\Desktop\\netacube\\vendor\\laravel\\framework\\src\\Illuminate\\Pipeline\\Pipeline.php(183): Illuminate\\Foundation\\Http\\Middleware\\VerifyCsrfToken->handle(Object(Illuminate\\Http\\Request), Object(Closure))
#28 C:\\Users\\Netamind Technology\\Desktop\\netacube\\vendor\\laravel\\framework\\src\\Illuminate\\View\\Middleware\\ShareErrorsFromSession.php(49): Illuminate\\Pipeline\\Pipeline->Illuminate\\Pipeline\\{closure}(Object(Illuminate\\Http\\Request))
#29 C:\\Users\\Netamind Technology\\Desktop\\netacube\\vendor\\laravel\\framework\\src\\Illuminate\\Pipeline\\Pipeline.php(183): Illuminate\\View\\Middleware\\ShareErrorsFromSession->handle(Object(Illuminate\\Http\\Request), Object(Closure))
#30 C:\\Users\\Netamind Technology\\Desktop\\netacube\\vendor\\laravel\\framework\\src\\Illuminate\\Session\\Middleware\\StartSession.php(121): Illuminate\\Pipeline\\Pipeline->Illuminate\\Pipeline\\{closure}(Object(Illuminate\\Http\\Request))
#31 C:\\Users\\Netamind Technology\\Desktop\\netacube\\vendor\\laravel\\framework\\src\\Illuminate\\Session\\Middleware\\StartSession.php(64): Illuminate\\Session\\Middleware\\StartSession->handleStatefulRequest(Object(Illuminate\\Http\\Request), Object(Illuminate\\Session\\Store), Object(Closure))
#32 C:\\Users\\Netamind Technology\\Desktop\\netacube\\vendor\\laravel\\framework\\src\\Illuminate\\Pipeline\\Pipeline.php(183): Illuminate\\Session\\Middleware\\StartSession->handle(Object(Illuminate\\Http\\Request), Object(Closure))
#33 C:\\Users\\Netamind Technology\\Desktop\\netacube\\vendor\\laravel\\framework\\src\\Illuminate\\Cookie\\Middleware\\AddQueuedCookiesToResponse.php(37): Illuminate\\Pipeline\\Pipeline->Illuminate\\Pipeline\\{closure}(Object(Illuminate\\Http\\Request))
#34 C:\\Users\\Netamind Technology\\Desktop\\netacube\\vendor\\laravel\\framework\\src\\Illuminate\\Pipeline\\Pipeline.php(183): Illuminate\\Cookie\\Middleware\\AddQueuedCookiesToResponse->handle(Object(Illuminate\\Http\\Request), Object(Closure))
#35 C:\\Users\\Netamind Technology\\Desktop\\netacube\\vendor\\laravel\\framework\\src\\Illuminate\\Cookie\\Middleware\\EncryptCookies.php(67): Illuminate\\Pipeline\\Pipeline->Illuminate\\Pipeline\\{closure}(Object(Illuminate\\Http\\Request))
#36 C:\\Users\\Netamind Technology\\Desktop\\netacube\\vendor\\laravel\\framework\\src\\Illuminate\\Pipeline\\Pipeline.php(183): Illuminate\\Cookie\\Middleware\\EncryptCookies->handle(Object(Illuminate\\Http\\Request), Object(Closure))
#37 C:\\Users\\Netamind Technology\\Desktop\\netacube\\vendor\\laravel\\framework\\src\\Illuminate\\Pipeline\\Pipeline.php(119): Illuminate\\Pipeline\\Pipeline->Illuminate\\Pipeline\\{closure}(Object(Illuminate\\Http\\Request))
#38 C:\\Users\\Netamind Technology\\Desktop\\netacube\\vendor\\laravel\\framework\\src\\Illuminate\\Routing\\Router.php(805): Illuminate\\Pipeline\\Pipeline->then(Object(Closure))
#39 C:\\Users\\Netamind Technology\\Desktop\\netacube\\vendor\\laravel\\framework\\src\\Illuminate\\Routing\\Router.php(784): Illuminate\\Routing\\Router->runRouteWithinStack(Object(Illuminate\\Routing\\Route), Object(Illuminate\\Http\\Request))
#40 C:\\Users\\Netamind Technology\\Desktop\\netacube\\vendor\\laravel\\framework\\src\\Illuminate\\Routing\\Router.php(748): Illuminate\\Routing\\Router->runRoute(Object(Illuminate\\Http\\Request), Object(Illuminate\\Routing\\Route))
#41 C:\\Users\\Netamind Technology\\Desktop\\netacube\\vendor\\laravel\\framework\\src\\Illuminate\\Routing\\Router.php(737): Illuminate\\Routing\\Router->dispatchToRoute(Object(Illuminate\\Http\\Request))
#42 C:\\Users\\Netamind Technology\\Desktop\\netacube\\vendor\\laravel\\framework\\src\\Illuminate\\Foundation\\Http\\Kernel.php(200): Illuminate\\Routing\\Router->dispatch(Object(Illuminate\\Http\\Request))
#43 C:\\Users\\Netamind Technology\\Desktop\\netacube\\vendor\\laravel\\framework\\src\\Illuminate\\Pipeline\\Pipeline.php(144): Illuminate\\Foundation\\Http\\Kernel->Illuminate\\Foundation\\Http\\{closure}(Object(Illuminate\\Http\\Request))
#44 C:\\Users\\Netamind Technology\\Desktop\\netacube\\vendor\\laravel\\framework\\src\\Illuminate\\Foundation\\Http\\Middleware\\TransformsRequest.php(21): Illuminate\\Pipeline\\Pipeline->Illuminate\\Pipeline\\{closure}(Object(Illuminate\\Http\\Request))
#45 C:\\Users\\Netamind Technology\\Desktop\\netacube\\vendor\\laravel\\framework\\src\\Illuminate\\Foundation\\Http\\Middleware\\ConvertEmptyStringsToNull.php(31): Illuminate\\Foundation\\Http\\Middleware\\TransformsRequest->handle(Object(Illuminate\\Http\\Request), Object(Closure))
#46 C:\\Users\\Netamind Technology\\Desktop\\netacube\\vendor\\laravel\\framework\\src\\Illuminate\\Pipeline\\Pipeline.php(183): Illuminate\\Foundation\\Http\\Middleware\\ConvertEmptyStringsToNull->handle(Object(Illuminate\\Http\\Request), Object(Closure))
#47 C:\\Users\\Netamind Technology\\Desktop\\netacube\\vendor\\laravel\\framework\\src\\Illuminate\\Foundation\\Http\\Middleware\\TransformsRequest.php(21): Illuminate\\Pipeline\\Pipeline->Illuminate\\Pipeline\\{closure}(Object(Illuminate\\Http\\Request))
#48 C:\\Users\\Netamind Technology\\Desktop\\netacube\\vendor\\laravel\\framework\\src\\Illuminate\\Foundation\\Http\\Middleware\\TrimStrings.php(40): Illuminate\\Foundation\\Http\\Middleware\\TransformsRequest->handle(Object(Illuminate\\Http\\Request), Object(Closure))
#49 C:\\Users\\Netamind Technology\\Desktop\\netacube\\vendor\\laravel\\framework\\src\\Illuminate\\Pipeline\\Pipeline.php(183): Illuminate\\Foundation\\Http\\Middleware\\TrimStrings->handle(Object(Illuminate\\Http\\Request), Object(Closure))
#50 C:\\Users\\Netamind Technology\\Desktop\\netacube\\vendor\\laravel\\framework\\src\\Illuminate\\Foundation\\Http\\Middleware\\ValidatePostSize.php(27): Illuminate\\Pipeline\\Pipeline->Illuminate\\Pipeline\\{closure}(Object(Illuminate\\Http\\Request))
#51 C:\\Users\\Netamind Technology\\Desktop\\netacube\\vendor\\laravel\\framework\\src\\Illuminate\\Pipeline\\Pipeline.php(183): Illuminate\\Foundation\\Http\\Middleware\\ValidatePostSize->handle(Object(Illuminate\\Http\\Request), Object(Closure))
#52 C:\\Users\\Netamind Technology\\Desktop\\netacube\\vendor\\laravel\\framework\\src\\Illuminate\\Foundation\\Http\\Middleware\\PreventRequestsDuringMaintenance.php(99): Illuminate\\Pipeline\\Pipeline->Illuminate\\Pipeline\\{closure}(Object(Illuminate\\Http\\Request))
#53 C:\\Users\\Netamind Technology\\Desktop\\netacube\\vendor\\laravel\\framework\\src\\Illuminate\\Pipeline\\Pipeline.php(183): Illuminate\\Foundation\\Http\\Middleware\\PreventRequestsDuringMaintenance->handle(Object(Illuminate\\Http\\Request), Object(Closure))
#54 C:\\Users\\Netamind Technology\\Desktop\\netacube\\vendor\\laravel\\framework\\src\\Illuminate\\Http\\Middleware\\HandleCors.php(49): Illuminate\\Pipeline\\Pipeline->Illuminate\\Pipeline\\{closure}(Object(Illuminate\\Http\\Request))
#55 C:\\Users\\Netamind Technology\\Desktop\\netacube\\vendor\\laravel\\framework\\src\\Illuminate\\Pipeline\\Pipeline.php(183): Illuminate\\Http\\Middleware\\HandleCors->handle(Object(Illuminate\\Http\\Request), Object(Closure))
#56 C:\\Users\\Netamind Technology\\Desktop\\netacube\\vendor\\laravel\\framework\\src\\Illuminate\\Http\\Middleware\\TrustProxies.php(39): Illuminate\\Pipeline\\Pipeline->Illuminate\\Pipeline\\{closure}(Object(Illuminate\\Http\\Request))
#57 C:\\Users\\Netamind Technology\\Desktop\\netacube\\vendor\\laravel\\framework\\src\\Illuminate\\Pipeline\\Pipeline.php(183): Illuminate\\Http\\Middleware\\TrustProxies->handle(Object(Illuminate\\Http\\Request), Object(Closure))
#58 C:\\Users\\Netamind Technology\\Desktop\\netacube\\vendor\\laravel\\framework\\src\\Illuminate\\Pipeline\\Pipeline.php(119): Illuminate\\Pipeline\\Pipeline->Illuminate\\Pipeline\\{closure}(Object(Illuminate\\Http\\Request))
#59 C:\\Users\\Netamind Technology\\Desktop\\netacube\\vendor\\laravel\\framework\\src\\Illuminate\\Foundation\\Http\\Kernel.php(175): Illuminate\\Pipeline\\Pipeline->then(Object(Closure))
#60 C:\\Users\\Netamind Technology\\Desktop\\netacube\\vendor\\laravel\\framework\\src\\Illuminate\\Foundation\\Http\\Kernel.php(144): Illuminate\\Foundation\\Http\\Kernel->sendRequestThroughRouter(Object(Illuminate\\Http\\Request))
#61 C:\\Users\\Netamind Technology\\Desktop\\netacube\\public\\index.php(51): Illuminate\\Foundation\\Http\\Kernel->handle(Object(Illuminate\\Http\\Request))
#62 C:\\Users\\Netamind Technology\\Desktop\\netacube\\vendor\\laravel\\framework\\src\\Illuminate\\Foundation\\resources\\server.php(16): require_once('C:\\\\Users\\\\Netami...')
#63 {main}
"} 
[2026-08-16 14:21:59] local.ERROR: Undefined property: stdClass::$supplier {"view":{"view":"C:\\Users\\Netamind Technology\\Desktop\\netacube\\resources\\views\\operations\\wholesale\\baseproducts.blade.php","data":{"errors":"<pre class=sf-dump id=sf-dump-798475400 data-indent-pad=\"  \"><span class=sf-dump-note>Illuminate\\Support\\ViewErrorBag</span> {<a class=sf-dump-ref>#860</a><samp data-depth=1 class=sf-dump-expanded>
  #<span class=sf-dump-protected title=\"Protected property\">bags</span>: []
</samp>}
</pre><script>Sfdump(\"sf-dump-798475400\", {\"maxDepth\":3,\"maxStringLength\":160})</script>
","categories":"<pre class=sf-dump id=sf-dump-246199709 data-indent-pad=\"  \"><span class=sf-dump-note>Illuminate\\Support\\Collection</span> {<a class=sf-dump-ref>#1593</a><samp data-depth=1 class=sf-dump-expanded>
  #<span class=sf-dump-protected title=\"Protected property\">items</span>: <span class=sf-dump-note>array:1</span> [<samp data-depth=2 class=sf-dump-compact>
    <span class=sf-dump-index>0</span> => {<a class=sf-dump-ref>#1595</a><samp data-depth=3 class=sf-dump-compact>
      +\"<span class=sf-dump-public title=\"Runtime added dynamic property\">id</span>\": <span class=sf-dump-num>1</span>
      +\"<span class=sf-dump-public title=\"Runtime added dynamic property\">category</span>\": \"<span class=sf-dump-str title=\"15 characters\">Pharmaceuticals</span>\"
      +\"<span class=sf-dump-public title=\"Runtime added dynamic property\">description</span>\": \"<span class=sf-dump-str title=\"2 characters\">NA</span>\"
    </samp>}
  </samp>]
  #<span class=sf-dump-protected title=\"Protected property\">escapeWhenCastingToString</span>: <span class=sf-dump-const>false</span>
</samp>}
</pre><script>Sfdump(\"sf-dump-246199709\", {\"maxDepth\":3,\"maxStringLength\":160})</script>
","suppliers":"<pre class=sf-dump id=sf-dump-528199252 data-indent-pad=\"  \"><span class=sf-dump-note>Illuminate\\Support\\Collection</span> {<a class=sf-dump-ref>#1599</a><samp data-depth=1 class=sf-dump-expanded>
  #<span class=sf-dump-protected title=\"Protected property\">items</span>: <span class=sf-dump-note>array:1</span> [<samp data-depth=2 class=sf-dump-compact>
    <span class=sf-dump-index>0</span> => {<a class=sf-dump-ref>#1600</a><samp data-depth=3 class=sf-dump-compact>
      +\"<span class=sf-dump-public title=\"Runtime added dynamic property\">id</span>\": <span class=sf-dump-num>1</span>
      +\"<span class=sf-dump-public title=\"Runtime added dynamic property\">name</span>\": \"<span class=sf-dump-str title=\"7 characters\">General</span>\"
      +\"<span class=sf-dump-public title=\"Runtime added dynamic property\">category</span>\": <span class=sf-dump-num>1</span>
    </samp>}
  </samp>]
  #<span class=sf-dump-protected title=\"Protected property\">escapeWhenCastingToString</span>: <span class=sf-dump-const>false</span>
</samp>}
</pre><script>Sfdump(\"sf-dump-528199252\", {\"maxDepth\":3,\"maxStringLength\":160})</script>
","products":"<pre class=sf-dump id=sf-dump-1526572246 data-indent-pad=\"  \"><span class=sf-dump-note>Illuminate\\Support\\Collection</span> {<a class=sf-dump-ref>#1598</a><samp data-depth=1 class=sf-dump-expanded>
  #<span class=sf-dump-protected title=\"Protected property\">items</span>: <span class=sf-dump-note>array:410</span> [<samp data-depth=2 class=sf-dump-compact>
    <span class=sf-dump-index>0</span> => {<a class=sf-dump-ref>#1603</a><samp data-depth=3 class=sf-dump-compact>
      +\"<span class=sf-dump-public title=\"Runtime added dynamic property\">id</span>\": <span class=sf-dump-num>1</span>
      +\"<span class=sf-dump-public title=\"Runtime added dynamic property\">name</span>\": \"<span class=sf-dump-str title=\"28 characters\">Ablief Syrup ( Gripe Water )</span>\"
      +\"<span class=sf-dump-public title=\"Runtime added dynamic property\">code</span>\": <span class=sf-dump-const>null</span>
      +\"<span class=sf-dump-public title=\"Runtime added dynamic property\">description</span>\": <span class=sf-dump-const>null</span>
      +\"<span class=sf-dump-public title=\"Runtime added dynamic property\">supplier_id</span>\": <span class=sf-dump-num>1</span>
      +\"<span class=sf-dump-public title=\"Runtime added dynamic property\">unit</span>\": \"<span class=sf-dump-str title=\"4 characters\">Each</span>\"
      +\"<span class=sf-dump-public title=\"Runtime added dynamic property\">pack_unit</span>\": <span class=sf-dump-const>null</span>
      +\"<span class=sf-dump-public title=\"Runtime added dynamic property\">units_per_pack</span>\": <span class=sf-dump-const>null</span>
      +\"<span class=sf-dump-public title=\"Runtime added dynamic property\">cost_price</span>\": \"<span class=sf-dump-str title=\"4 characters\">0.00</span>\"
      +\"<span class=sf-dump-public title=\"Runtime added dynamic property\">selling_price</span>\": \"<span class=sf-dump-str title=\"7 characters\">6000.00</span>\"
      +\"<span class=sf-dump-public title=\"Runtime added dynamic property\">min_order_quantity</span>\": \"<span class=sf-dump-str title=\"4 characters\">1.00</span>\"
      +\"<span class=sf-dump-public title=\"Runtime added dynamic property\">is_product</span>\": <span class=sf-dump-num>1</span>
      +\"<span class=sf-dump-public title=\"Runtime added dynamic property\">is_active</span>\": <span class=sf-dump-num>1</span>
      +\"<span class=sf-dump-public title=\"Runtime added dynamic property\">created_at</span>\": \"<span class=sf-dump-str title=\"19 characters\">2026-08-16 14:21:52</span>\"
      +\"<span class=sf-dump-public title=\"Runtime added dynamic property\">updated_at</span>\": \"<span class=sf-dump-str title=\"19 characters\">2026-08-16 14:21:52</span>\"
      +\"<span class=sf-dump-public title=\"Runtime added dynamic property\">supplier_name</span>\": \"<span class=sf-dump-str title=\"7 characters\">General</span>\"
    </samp>}
    <span class=sf-dump-index>1</span> => {<a class=sf-dump-ref>#1601</a><samp data-depth=3 class=sf-dump-compact>
      +\"<span class=sf-dump-public title=\"Runtime added dynamic property\">id</span>\": <span class=sf-dump-num>2</span>
      +\"<span class=sf-dump-public title=\"Runtime added dynamic property\">name</span>\": \"<span class=sf-dump-str title=\"14 characters\">Acepar Mr Tabs</span>\"
      +\"<span class=sf-dump-public title=\"Runtime added dynamic property\">code</span>\": <span class=sf-dump-const>null</span>
      +\"<span class=sf-dump-public title=\"Runtime added dynamic property\">description</span>\": <span class=sf-dump-const>null</span>
      +\"<span class=sf-dump-public title=\"Runtime added dynamic property\">supplier_id</span>\": <span class=sf-dump-num>1</span>
      +\"<span class=sf-dump-public title=\"Runtime added dynamic property\">unit</span>\": \"<span class=sf-dump-str title=\"3 characters\">10s</span>\"
      +\"<span class=sf-dump-public title=\"Runtime added dynamic property\">pack_unit</span>\": <span class=sf-dump-const>null</span>
      +\"<span class=sf-dump-public title=\"Runtime added dynamic property\">units_per_pack</span>\": <span class=sf-dump-const>null</span>
      +\"<span class=sf-dump-public title=\"Runtime added dynamic property\">cost_price</span>\": \"<span class=sf-dump-str title=\"4 characters\">0.00</span>\"
      +\"<span class=sf-dump-public title=\"Runtime added dynamic property\">selling_price</span>\": \"<span class=sf-dump-str title=\"8 characters\">12000.00</span>\"
      +\"<span class=sf-dump-public title=\"Runtime added dynamic property\">min_order_quantity</span>\": \"<span class=sf-dump-str title=\"4 characters\">1.00</span>\"
      +\"<span class=sf-dump-public title=\"Runtime added dynamic property\">is_product</span>\": <span class=sf-dump-num>1</span>
      +\"<span class=sf-dump-public title=\"Runtime added dynamic property\">is_active</span>\": <span class=sf-dump-num>1</span>
      +\"<span class=sf-dump-public title=\"Runtime added dynamic property\">created_at</span>\": \"<span class=sf-dump-str title=\"19 characters\">2026-08-16 14:21:52</span>\"
      +\"<span class=sf-dump-public title=\"Runtime added dynamic property\">updated_at</span>\": \"<span class=sf-dump-str title=\"19 characters\">2026-08-16 14:21:52</span>\"
      +\"<span class=sf-dump-public title=\"Runtime added dynamic property\">supplier_name</span>\": \"<span class=sf-dump-str title=\"7 characters\">General</span>\"
    </samp>}
    <span class=sf-dump-index>2</span> => {<a class=sf-dump-ref>#1607</a><samp data-depth=3 class=sf-dump-compact>
      +\"<span class=sf-dump-public title=\"Runtime added dynamic property\">id</span>\": <span class=sf-dump-num>3</span>
      +\"<span class=sf-dump-public title=\"Runtime added dynamic property\">name</span>\": \"<span class=sf-dump-str title=\"14 characters\">Acepar Sp Tabs</span>\"
      +\"<span class=sf-dump-public title=\"Runtime added dynamic property\">code</span>\": <span class=sf-dump-const>null</span>
      +\"<span class=sf-dump-public title=\"Runtime added dynamic property\">description</span>\": <span class=sf-dump-const>null</span>
      +\"<span class=sf-dump-public title=\"Runtime added dynamic property\">supplier_id</span>\": <span class=sf-dump-num>1</span>
      +\"<span class=sf-dump-public title=\"Runtime added dynamic property\">unit</span>\": \"<span class=sf-dump-str title=\"3 characters\">10s</span>\"
      +\"<span class=sf-dump-public title=\"Runtime added dynamic property\">pack_unit</span>\": <span class=sf-dump-const>null</span>
      +\"<span class=sf-dump-public title=\"Runtime added dynamic property\">units_per_pack</span>\": <span class=sf-dump-const>null</span>
      +\"<span class=sf-dump-public title=\"Runtime added dynamic property\">cost_price</span>\": \"<span class=sf-dump-str title=\"4 characters\">0.00</span>\"
      +\"<span class=sf-dump-public title=\"Runtime added dynamic property\">selling_price</span>\": \"<span class=sf-dump-str title=\"8 characters\">12000.00</span>\"
      +\"<span class=sf-dump-public title=\"Runtime added dynamic property\">min_order_quantity</span>\": \"<span class=sf-dump-str title=\"4 characters\">1.00</span>\"
      +\"<span class=sf-dump-public title=\"Runtime added dynamic property\">is_product</span>\": <span class=sf-dump-num>1</span>
      +\"<span class=sf-dump-public title=\"Runtime added dynamic property\">is_active</span>\": <span class=sf-dump-num>1</span>
      +\"<span class=sf-dump-public title=\"Runtime added dynamic property\">created_at</span>\": \"<span class=sf-dump-str title=\"19 characters\">2026-08-16 14:21:52</span>\"
      +\"<span class=sf-dump-public title=\"Runtime added dynamic property\">updated_at</span>\": \"<span class=sf-dump-str title=\"19 characters\">2026-08-16 14:21:52</span>\"
      +\"<span class=sf-dump-public title=\"Runtime added dynamic property\">supplier_name</span>\": \"<span class=sf-dump-str title=\"7 characters\">General</span>\"
    </samp>}
    <span class=sf-dump-index>3</span> => {<a class=sf-dump-ref>#1606</a><samp data-depth=3 class=sf-dump-compact>
      +\"<span class=sf-dump-public title=\"Runtime added dynamic property\">id</span>\": <span class=sf-dump-num>4</span>
      +\"<span class=sf-dump-public title=\"Runtime added dynamic property\">name</span>\": \"<span class=sf-dump-str title=\"11 characters\">Acepar Tabs</span>\"
      +\"<span class=sf-dump-public title=\"Runtime added dynamic property\">code</span>\": <span class=sf-dump-const>null</span>
      +\"<span class=sf-dump-public title=\"Runtime added dynamic property\">description</span>\": <span class=sf-dump-const>null</span>
      +\"<span class=sf-dump-public title=\"Runtime added dynamic property\">supplier_id</span>\": <span class=sf-dump-num>1</span>
      +\"<span class=sf-dump-public title=\"Runtime added dynamic property\">unit</span>\": \"<span class=sf-dump-str title=\"4 characters\">Each</span>\"
      +\"<span class=sf-dump-public title=\"Runtime added dynamic property\">pack_unit</span>\": <span class=sf-dump-const>null</span>
      +\"<span class=sf-dump-public title=\"Runtime added dynamic property\">units_per_pack</span>\": <span class=sf-dump-const>null</span>
      +\"<span class=sf-dump-public title=\"Runtime added dynamic property\">cost_price</span>\": \"<span class=sf-dump-str title=\"4 characters\">0.00</span>\"
      +\"<span class=sf-dump-public title=\"Runtime added dynamic property\">selling_price</span>\": \"<span class=sf-dump-str title=\"7 characters\">5000.00</span>\"
      +\"<span class=sf-dump-public title=\"Runtime added dynamic property\">min_order_quantity</span>\": \"<span class=sf-dump-str title=\"4 characters\">1.00</span>\"
      +\"<span class=sf-dump-public title=\"Runtime added dynamic property\">is_product</span>\": <span class=sf-dump-num>1</span>
      +\"<span class=sf-dump-public title=\"Runtime added dynamic property\">is_active</span>\": <span class=sf-dump-num>1</span>
      +\"<span class=sf-dump-public title=\"Runtime added dynamic property\">created_at</span>\": \"<span class=sf-dump-str title=\"19 characters\">2026-08-16 14:21:52</span>\"
      +\"<span class=sf-dump-public title=\"Runtime added dynamic property\">updated_at</span>\": \"<span class=sf-dump-str title=\"19 characters\">2026-08-16 14:21:52</span>\"
      +\"<span class=sf-dump-public title=\"Runtime added dynamic property\">supplier_name</span>\": \"<span class=sf-dump-str title=\"7 characters\">General</span>\"
    </samp>}
    <span class=sf-dump-index>4</span> => {<a class=sf-dump-ref>#1604</a><samp data-depth=3 class=sf-dump-compact>
      +\"<span class=sf-dump-public title=\"Runtime added dynamic property\">id</span>\": <span class=sf-dump-num>5</span>
      +\"<span class=sf-dump-public title=\"Runtime added dynamic property\">name</span>\": \"<span class=sf-dump-str title=\"18 characters\">Activated Charcoal</span>\"
      +\"<span class=sf-dump-public title=\"Runtime added dynamic property\">code</span>\": <span class=sf-dump-const>null</span>
      +\"<span class=sf-dump-public title=\"Runtime added dynamic property\">description</span>\": <span class=sf-dump-const>null</span>
      +\"<span class=sf-dump-public title=\"Runtime added dynamic property\">supplier_id</span>\": <span class=sf-dump-num>1</span>
      +\"<span class=sf-dump-public title=\"Runtime added dynamic property\">unit</span>\": \"<span class=sf-dump-str title=\"4 characters\">Each</span>\"
      +\"<span class=sf-dump-public title=\"Runtime added dynamic property\">pack_unit</span>\": <span class=sf-dump-const>null</span>
      +\"<span class=sf-dump-public title=\"Runtime added dynamic property\">units_per_pack</span>\": <span class=sf-dump-const>null</span>
      +\"<span class=sf-dump-public title=\"Runtime added dynamic property\">cost_price</span>\": \"<span class=sf-dump-str title=\"4 characters\">0.00</span>\"
      +\"<span class=sf-dump-public title=\"Runtime added dynamic property\">selling_price</span>\": \"<span class=sf-dump-str title=\"7 characters\">5000.00</span>\"
      +\"<span class=sf-dump-public title=\"Runtime added dynamic property\">min_order_quantity</span>\": \"<span class=sf-dump-str title=\"4 characters\">1.00</span>\"
      +\"<span class=sf-dump-public title=\"Runtime added dynamic property\">is_product</span>\": <span class=sf-dump-num>1</span>
      +\"<span class=sf-dump-public title=\"Runtime added dynamic property\">is_active</span>\": <span class=sf-dump-num>1</span>
      +\"<span class=sf-dump-public title=\"Runtime added dynamic property\">created_at</span>\": \"<span class=sf-dump-str title=\"19 characters\">2026-08-16 14:21:52</span>\"
      +\"<span class=sf-dump-public title=\"Runtime added dynamic property\">updated_at</span>\": \"<span class=sf-dump-str title=\"19 characters\">2026-08-16 14:21:52</span>\"
      +\"<span class=sf-dump-public title=\"Runtime added dynamic property\">supplier_name</span>\": \"<span class=sf-dump-str title=\"7 characters\">General</span>\"
    </samp>}
    <span class=sf-dump-index>5</span> => {<a class=sf-dump-ref>#1608</a><samp data-depth=3 class=sf-dump-compact>
      +\"<span class=sf-dump-public title=\"Runtime added dynamic property\">id</span>\": <span class=sf-dump-num>6</span>
      +\"<span class=sf-dump-public title=\"Runtime added dynamic property\">name</span>\": \"<span class=sf-dump-str title=\"25 characters\">Active C Tabs (Vitamin C)</span>\"
      +\"<span class=sf-dump-public title=\"Runtime added dynamic property\">code</span>\": <span class=sf-dump-const>null</span>
      +\"<span class=sf-dump-public title=\"Runtime added dynamic property\">description</span>\": <span class=sf-dump-const>null</span>
      +\"<span class=sf-dump-public title=\"Runtime added dynamic property\">supplier_id</span>\": <span class=sf-dump-num>1</span>
      +\"<span class=sf-dump-public title=\"Runtime added dynamic property\">unit</span>\": \"<span class=sf-dump-str title=\"3 characters\">10s</span>\"
      +\"<span class=sf-dump-public title=\"Runtime added dynamic property\">pack_unit</span>\": <span class=sf-dump-const>null</span>
      +\"<span class=sf-dump-public title=\"Runtime added dynamic property\">units_per_pack</span>\": <span class=sf-dump-const>null</span>
      +\"<span class=sf-dump-public title=\"Runtime added dynamic property\">cost_price</span>\": \"<span class=sf-dump-str title=\"4 characters\">0.00</span>\"
      +\"<span class=sf-dump-public title=\"Runtime added dynamic property\">selling_price</span>\": \"<span class=sf-dump-str title=\"7 characters\">6000.00</span>\"
      +\"<span class=sf-dump-public title=\"Runtime added dynamic property\">min_order_quantity</span>\": \"<span class=sf-dump-str title=\"4 characters\">1.00</span>\"
      +\"<span class=sf-dump-public title=\"Runtime added dynamic property\">is_product</span>\": <span class=sf-dump-num>1</span>
      +\"<span class=sf-dump-public title=\"Runtime added dynamic property\">is_active</span>\": <span class=sf-dump-num>1</span>
      +\"<span class=sf-dump-public title=\"Runtime added dynamic property\">created_at</span>\": \"<span class=sf-dump-str title=\"19 characters\">2026-08-16 14:21:52</span>\"
      +\"<span class=sf-dump-public title=\"Runtime added dynamic property\">updated_at</span>\": \"<span class=sf-dump-str title=\"19 characters\">2026-08-16 14:21:52</span>\"
      +\"<span class=sf-dump-public title=\"Runtime added dynamic property\">supplier_name</span>\": \"<span class=sf-dump-str title=\"7 characters\">General</span>\"
    </samp>}
    <span class=sf-dump-index>6</span> => {<a class=sf-dump-ref>#1609</a><samp data-depth=3 class=sf-dump-compact>
      +\"<span class=sf-dump-public title=\"Runtime added dynamic property\">id</span>\": <span class=sf-dump-num>7</span>
      +\"<span class=sf-dump-public title=\"Runtime added dynamic property\">name</span>\": \"<span class=sf-dump-str title=\"15 characters\">Acyclovir Cream</span>\"
      +\"<span class=sf-dump-public title=\"Runtime added dynamic property\">code</span>\": <span class=sf-dump-const>null</span>
      +\"<span class=sf-dump-public title=\"Runtime added dynamic property\">description</span>\": <span class=sf-dump-const>null</span>
      +\"<span class=sf-dump-public title=\"Runtime added dynamic property\">supplier_id</span>\": <span class=sf-dump-num>1</span>
      +\"<span class=sf-dump-public title=\"Runtime added dynamic property\">unit</span>\": \"<span class=sf-dump-str title=\"4 characters\">Each</span>\"
      +\"<span class=sf-dump-public title=\"Runtime added dynamic property\">pack_unit</span>\": <span class=sf-dump-const>null</span>
      +\"<span class=sf-dump-public title=\"Runtime added dynamic property\">units_per_pack</span>\": <span class=sf-dump-const>null</span>
      +\"<span class=sf-dump-public title=\"Runtime added dynamic property\">cost_price</span>\": \"<span class=sf-dump-str title=\"4 characters\">0.00</span>\"
      +\"<span class=sf-dump-public title=\"Runtime added dynamic property\">selling_price</span>\": \"<span class=sf-dump-str title=\"7 characters\">9000.00</span>\"
      +\"<span class=sf-dump-public title=\"Runtime added dynamic property\">min_order_quantity</span>\": \"<span class=sf-dump-str title=\"4 characters\">1.00</span>\"
      +\"<span class=sf-dump-public title=\"Runtime added dynamic property\">is_product</span>\": <span class=sf-dump-num>1</span>
      +\"<span class=sf-dump-public title=\"Runtime added dynamic property\">is_active</span>\": <span class=sf-dump-num>1</span>
      +\"<span class=sf-dump-public title=\"Runtime added dynamic property\">created_at</span>\": \"<span class=sf-dump-str title=\"19 characters\">2026-08-16 14:21:52</span>\"
      +\"<span class=sf-dump-public title=\"Runtime added dynamic property\">updated_at</span>\": \"<span class=sf-dump-str title=\"19 characters\">2026-08-16 14:21:52</span>\"
      +\"<span class=sf-dump-public title=\"Runtime added dynamic property\">supplier_name</span>\": \"<span class=sf-dump-str title=\"7 characters\">General</span>\"
    </samp>}
    <span class=sf-dump-index>7</span> => {<a class=sf-dump-ref>#1611</a><samp data-depth=3 class=sf-dump-compact>
      +\"<span class=sf-dump-public title=\"Runtime added dynamic property\">id</span>\": <span class=sf-dump-num>8</span>
      +\"<span class=sf-dump-public title=\"Runtime added dynamic property\">name</span>\": \"<span class=sf-dump-str title=\"20 characters\">Acyclovir Tabs 200Mg</span>\"
      +\"<span class=sf-dump-public title=\"Runtime added dynamic property\">code</span>\": <span class=sf-dump-const>null</span>
      +\"<span class=sf-dump-public title=\"Runtime added dynamic property\">description</span>\": <span class=sf-dump-const>null</span>
      +\"<span class=sf-dump-public title=\"Runtime added dynamic property\">supplier_id</span>\": <span class=sf-dump-num>1</span>
      +\"<span class=sf-dump-public title=\"Runtime added dynamic property\">unit</span>\": \"<span class=sf-dump-str title=\"3 characters\">10s</span>\"
      +\"<span class=sf-dump-public title=\"Runtime added dynamic property\">pack_unit</span>\": <span class=sf-dump-const>null</span>
      +\"<span class=sf-dump-public title=\"Runtime added dynamic property\">units_per_pack</span>\": <span class=sf-dump-const>null</span>
      +\"<span class=sf-dump-public title=\"Runtime added dynamic property\">cost_price</span>\": \"<span class=sf-dump-str title=\"4 characters\">0.00</span>\"
      +\"<span class=sf-dump-public title=\"Runtime added dynamic property\">selling_price</span>\": \"<span class=sf-dump-str title=\"7 characters\">3000.00</span>\"
      +\"<span class=sf-dump-public title=\"Runtime added dynamic property\">min_order_quantity</span>\": \"<span class=sf-dump-str title=\"4 characters\">1.00</span>\"
      +\"<span class=sf-dump-public title=\"Runtime added dynamic property\">is_product</span>\": <span class=sf-dump-num>1</span>
      +\"<span class=sf-dump-public title=\"Runtime added dynamic property\">is_active</span>\": <span class=sf-dump-num>1</span>
      +\"<span class=sf-dump-public title=\"Runtime added dynamic property\">created_at</span>\": \"<span class=sf-dump-str title=\"19 characters\">2026-08-16 14:21:52</span>\"
      +\"<span class=sf-dump-public title=\"Runtime added dynamic property\">updated_at</span>\": \"<span class=sf-dump-str title=\"19 characters\">2026-08-16 14:21:52</span>\"
      +\"<span class=sf-dump-public title=\"Runtime added dynamic property\">supplier_name</span>\": \"<span class=sf-dump-str title=\"7 characters\">General</span>\"
    </samp>}
    <span class=sf-dump-index>8</span> => {<a class=sf-dump-ref>#1612</a><samp data-depth=3 class=sf-dump-compact>
      +\"<span class=sf-dump-public title=\"Runtime added dynamic property\">id</span>\": <span class=sf-dump-num>9</span>
      +\"<span class=sf-dump-public title=\"Runtime added dynamic property\">name</span>\": \"<span class=sf-dump-str title=\"20 characters\">Acyclovir Tabs 400Mg</span>\"
      +\"<span class=sf-dump-public title=\"Runtime added dynamic property\">code</span>\": <span class=sf-dump-const>null</span>
      +\"<span class=sf-dump-public title=\"Runtime added dynamic property\">description</span>\": <span class=sf-dump-const>null</span>
      +\"<span class=sf-dump-public title=\"Runtime added dynamic property\">supplier_id</span>\": <span class=sf-dump-num>1</span>
      +\"<span class=sf-dump-public title=\"Runtime added dynamic property\">unit</span>\": \"<span class=sf-dump-str title=\"3 characters\">10s</span>\"
      +\"<span class=sf-dump-public title=\"Runtime added dynamic property\">pack_unit</span>\": <span class=sf-dump-const>null</span>
      +\"<span class=sf-dump-public title=\"Runtime added dynamic property\">units_per_pack</span>\": <span class=sf-dump-const>null</span>
      +\"<span class=sf-dump-public title=\"Runtime added dynamic property\">cost_price</span>\": \"<span class=sf-dump-str title=\"4 characters\">0.00</span>\"
      +\"<span class=sf-dump-public title=\"Runtime added dynamic property\">selling_price</span>\": \"<span class=sf-dump-str title=\"7 characters\">8000.00</span>\"
      +\"<span class=sf-dump-public title=\"Runtime added dynamic property\">min_order_quantity</span>\": \"<span class=sf-dump-str title=\"4 characters\">1.00</span>\"
      +\"<span class=sf-dump-public title=\"Runtime added dynamic property\">is_product</span>\": <span class=sf-dump-num>1</span>
      +\"<span class=sf-dump-public title=\"Runtime added dynamic property\">is_active</span>\": <span class=sf-dump-num>1</span>
      +\"<span class=sf-dump-public title=\"Runtime added dynamic property\">created_at</span>\": \"<span class=sf-dump-str title=\"19 characters\">2026-08-16 14:21:52</span>\"
      +\"<span class=sf-dump-public title=\"Runtime added dynamic property\">updated_at</span>\": \"<span class=sf-dump-str title=\"19 characters\">2026-08-16 14:21:52</span>\"
      +\"<span class=sf-dump-public title=\"Runtime added dynamic property\">supplier_name</span>\": \"<span class=sf-dump-str title=\"7 characters\">General</span>\"
    </samp>}
    <span class=sf-dump-index>9</span> => {<a class=sf-dump-ref>#1610</a><samp data-depth=3 class=sf-dump-compact>
      +\"<span class=sf-dump-public title=\"Runtime added dynamic property\">id</span>\": <span class=sf-dump-num>10</span>
      +\"<span class=sf-dump-public title=\"Runtime added dynamic property\">name</span>\": \"<span class=sf-dump-str title=\"24 characters\">Adhesive Plaster 10Cmx4m</span>\"
      +\"<span class=sf-dump-public title=\"Runtime added dynamic property\">code</span>\": <span class=sf-dump-const>null</span>
      +\"<span class=sf-dump-public title=\"Runtime added dynamic property\">description</span>\": <span class=sf-dump-const>null</span>
      +\"<span class=sf-dump-public title=\"Runtime added dynamic property\">supplier_id</span>\": <span class=sf-dump-num>1</span>
      +\"<span class=sf-dump-public title=\"Runtime added dynamic property\">unit</span>\": \"<span class=sf-dump-str title=\"4 characters\">Each</span>\"
      +\"<span class=sf-dump-public title=\"Runtime added dynamic property\">pack_unit</span>\": <span class=sf-dump-const>null</span>
      +\"<span class=sf-dump-public title=\"Runtime added dynamic property\">units_per_pack</span>\": <span class=sf-dump-const>null</span>
      +\"<span class=sf-dump-public title=\"Runtime added dynamic property\">cost_price</span>\": \"<span class=sf-dump-str title=\"4 characters\">0.00</span>\"
      +\"<span class=sf-dump-public title=\"Runtime added dynamic property\">selling_price</span>\": \"<span class=sf-dump-str title=\"8 characters\">10000.00</span>\"
      +\"<span class=sf-dump-public title=\"Runtime added dynamic property\">min_order_quantity</span>\": \"<span class=sf-dump-str title=\"4 characters\">1.00</span>\"
      +\"<span class=sf-dump-public title=\"Runtime added dynamic property\">is_product</span>\": <span class=sf-dump-num>1</span>
      +\"<span class=sf-dump-public title=\"Runtime added dynamic property\">is_active</span>\": <span class=sf-dump-num>1</span>
      +\"<span class=sf-dump-public title=\"Runtime added dynamic property\">created_at</span>\": \"<span class=sf-dump-str title=\"19 characters\">2026-08-16 14:21:52</span>\"
      +\"<span class=sf-dump-public title=\"Runtime added dynamic property\">updated_at</span>\": \"<span class=sf-dump-str title=\"19 characters\">2026-08-16 14:21:52</span>\"
      +\"<span class=sf-dump-public title=\"Runtime added dynamic property\">supplier_name</span>\": \"<span class=sf-dump-str title=\"7 characters\">General</span>\"
    </samp>}
    <span class=sf-dump-index>10</span> => {<a class=sf-dump-ref>#1613</a><samp data-depth=3 class=sf-dump-compact>
      +\"<span class=sf-dump-public title=\"Runtime added dynamic property\">id</span>\": <span class=sf-dump-num>11</span>
      +\"<span class=sf-dump-public title=\"Runtime added dynamic property\">name</span>\": \"<span class=sf-dump-str title=\"24 characters\">Adhesive Plaster 7.5Mx4m</span>\"
      +\"<span class=sf-dump-public title=\"Runtime added dynamic property\">code</span>\": <span class=sf-dump-const>null</span>
      +\"<span class=sf-dump-public title=\"Runtime added dynamic property\">description</span>\": <span class=sf-dump-const>null</span>
      +\"<span class=sf-dump-public title=\"Runtime added dynamic property\">supplier_id</span>\": <span class=sf-dump-num>1</span>
      +\"<span class=sf-dump-public title=\"Runtime added dynamic property\">unit</span>\": \"<span class=sf-dump-str title=\"4 characters\">Each</span>\"
      +\"<span class=sf-dump-public title=\"Runtime added dynamic property\">pack_unit</span>\": <span class=sf-dump-const>null</span>
      +\"<span class=sf-dump-public title=\"Runtime added dynamic property\">units_per_pack</span>\": <span class=sf-dump-const>null</span>
      +\"<span class=sf-dump-public title=\"Runtime added dynamic property\">cost_price</span>\": \"<span class=sf-dump-str title=\"4 characters\">0.00</span>\"
      +\"<span class=sf-dump-public title=\"Runtime added dynamic property\">selling_price</span>\": \"<span class=sf-dump-str title=\"7 characters\">7500.00</span>\"
      +\"<span class=sf-dump-public title=\"Runtime added dynamic property\">min_order_quantity</span>\": \"<span class=sf-dump-str title=\"4 characters\">1.00</span>\"
      +\"<span class=sf-dump-public title=\"Runtime added dynamic property\">is_product</span>\": <span class=sf-dump-num>1</span>
      +\"<span class=sf-dump-public title=\"Runtime added dynamic property\">is_active</span>\": <span class=sf-dump-num>1</span>
      +\"<span class=sf-dump-public title=\"Runtime added dynamic property\">created_at</span>\": \"<span class=sf-dump-str title=\"19 characters\">2026-08-16 14:21:52</span>\"
      +\"<span class=sf-dump-public title=\"Runtime added dynamic property\">updated_at</span>\": \"<span class=sf-dump-str title=\"19 characters\">2026-08-16 14:21:52</span>\"
      +\"<span class=sf-dump-public title=\"Runtime added dynamic property\">supplier_name</span>\": \"<span class=sf-dump-str title=\"7 characters\">General</span>\"
    </samp>}
    <span class=sf-dump-index>11</span> => {<a class=sf-dump-ref>#1614</a><samp data-depth=3 class=sf-dump-compact>
      +\"<span class=sf-dump-public title=\"Runtime added dynamic property\">id</span>\": <span class=sf-dump-num>12</span>
      +\"<span class=sf-dump-public title=\"Runtime added dynamic property\">name</span>\": \"<span class=sf-dump-str title=\"17 characters\">Albendazole 400Mg</span>\"
      +\"<span class=sf-dump-public title=\"Runtime added dynamic property\">code</span>\": <span class=sf-dump-const>null</span>
      +\"<span class=sf-dump-public title=\"Runtime added dynamic property\">description</span>\": <span class=sf-dump-const>null</span>
      +\"<span class=sf-dump-public title=\"Runtime added dynamic property\">supplier_id</span>\": <span class=sf-dump-num>1</span>
      +\"<span class=sf-dump-public title=\"Runtime added dynamic property\">unit</span>\": \"<span class=sf-dump-str title=\"3 characters\">Tab</span>\"
      +\"<span class=sf-dump-public title=\"Runtime added dynamic property\">pack_unit</span>\": <span class=sf-dump-const>null</span>
      +\"<span class=sf-dump-public title=\"Runtime added dynamic property\">units_per_pack</span>\": <span class=sf-dump-const>null</span>
      +\"<span class=sf-dump-public title=\"Runtime added dynamic property\">cost_price</span>\": \"<span class=sf-dump-str title=\"4 characters\">0.00</span>\"
      +\"<span class=sf-dump-public title=\"Runtime added dynamic property\">selling_price</span>\": \"<span class=sf-dump-str title=\"7 characters\">1000.00</span>\"
      +\"<span class=sf-dump-public title=\"Runtime added dynamic property\">min_order_quantity</span>\": \"<span class=sf-dump-str title=\"4 characters\">1.00</span>\"
      +\"<span class=sf-dump-public title=\"Runtime added dynamic property\">is_product</span>\": <span class=sf-dump-num>1</span>
      +\"<span class=sf-dump-public title=\"Runtime added dynamic property\">is_active</span>\": <span class=sf-dump-num>1</span>
      +\"<span class=sf-dump-public title=\"Runtime added dynamic property\">created_at</span>\": \"<span class=sf-dump-str title=\"19 characters\">2026-08-16 14:21:52</span>\"
      +\"<span class=sf-dump-public title=\"Runtime added dynamic property\">updated_at</span>\": \"<span class=sf-dump-str title=\"19 characters\">2026-08-16 14:21:52</span>\"
      +\"<span class=sf-dump-public title=\"Runtime added dynamic property\">supplier_name</span>\": \"<span class=sf-dump-str title=\"7 characters\">General</span>\"
    </samp>}
    <span class=sf-dump-index>12</span> => {<a class=sf-dump-ref>#1615</a><samp data-depth=3 class=sf-dump-compact>
      +\"<span class=sf-dump-public title=\"Runtime added dynamic property\">id</span>\": <span class=sf-dump-num>13</span>
      +\"<span class=sf-dump-public title=\"Runtime added dynamic property\">name</span>\": \"<span class=sf-dump-str title=\"22 characters\">Albendazole Suspension</span>\"
      +\"<span class=sf-dump-public title=\"Runtime added dynamic property\">code</span>\": <span class=sf-dump-const>null</span>
      +\"<span class=sf-dump-public title=\"Runtime added dynamic property\">description</span>\": <span class=sf-dump-const>null</span>
      +\"<span class=sf-dump-public title=\"Runtime added dynamic property\">supplier_id</span>\": <span class=sf-dump-num>1</span>
      +\"<span class=sf-dump-public title=\"Runtime added dynamic property\">unit</span>\": \"<span class=sf-dump-str title=\"4 characters\">Each</span>\"
      +\"<span class=sf-dump-public title=\"Runtime added dynamic property\">pack_unit</span>\": <span class=sf-dump-const>null</span>
      +\"<span class=sf-dump-public title=\"Runtime added dynamic property\">units_per_pack</span>\": <span class=sf-dump-const>null</span>
      +\"<span class=sf-dump-public title=\"Runtime added dynamic property\">cost_price</span>\": \"<span class=sf-dump-str title=\"4 characters\">0.00</span>\"
      +\"<span class=sf-dump-public title=\"Runtime added dynamic property\">selling_price</span>\": \"<span class=sf-dump-str title=\"7 characters\">4500.00</span>\"
      +\"<span class=sf-dump-public title=\"Runtime added dynamic property\">min_order_quantity</span>\": \"<span class=sf-dump-str title=\"4 characters\">1.00</span>\"
      +\"<span class=sf-dump-public title=\"Runtime added dynamic property\">is_product</span>\": <span class=sf-dump-num>1</span>
      +\"<span class=sf-dump-public title=\"Runtime added dynamic property\">is_active</span>\": <span class=sf-dump-num>1</span>
      +\"<span class=sf-dump-public title=\"Runtime added dynamic property\">created_at</span>\": \"<span class=sf-dump-str title=\"19 characters\">2026-08-16 14:21:52</span>\"
      +\"<span class=sf-dump-public title=\"Runtime added dynamic property\">updated_at</span>\": \"<span class=sf-dump-str title=\"19 characters\">2026-08-16 14:21:52</span>\"
      +\"<span class=sf-dump-public title=\"Runtime added dynamic property\">supplier_name</span>\": \"<span class=sf-dump-str title=\"7 characters\">General</span>\"
    </samp>}
    <span class=sf-dump-index>13</span> => {<a class=sf-dump-ref>#1616</a><samp data-depth=3 class=sf-dump-compact>
      +\"<span class=sf-dump-public title=\"Runtime added dynamic property\">id</span>\": <span class=sf-dump-num>14</span>
      +\"<span class=sf-dump-public title=\"Runtime added dynamic property\">name</span>\": \"<span class=sf-dump-str title=\"17 characters\">Allopurinol 100Mg</span>\"
      +\"<span class=sf-dump-public title=\"Runtime added dynamic property\">code</span>\": <span class=sf-dump-const>null</span>
      +\"<span class=sf-dump-public title=\"Runtime added dynamic property\">description</span>\": <span class=sf-dump-const>null</span>
      +\"<span class=sf-dump-public title=\"Runtime added dynamic property\">supplier_id</span>\": <span class=sf-dump-num>1</span>
      +\"<span class=sf-dump-public title=\"Runtime added dynamic property\">unit</span>\": \"<span class=sf-dump-str title=\"3 characters\">10s</span>\"
      +\"<span class=sf-dump-public title=\"Runtime added dynamic property\">pack_unit</span>\": <span class=sf-dump-const>null</span>
      +\"<span class=sf-dump-public title=\"Runtime added dynamic property\">units_per_pack</span>\": <span class=sf-dump-const>null</span>
      +\"<span class=sf-dump-public title=\"Runtime added dynamic property\">cost_price</span>\": \"<span class=sf-dump-str title=\"4 characters\">0.00</span>\"
      +\"<span class=sf-dump-public title=\"Runtime added dynamic property\">selling_price</span>\": \"<span class=sf-dump-str title=\"7 characters\">4000.00</span>\"
      +\"<span class=sf-dump-public title=\"Runtime added dynamic property\">min_order_quantity</span>\": \"<span class=sf-dump-str title=\"4 characters\">1.00</span>\"
      +\"<span class=sf-dump-public title=\"Runtime added dynamic property\">is_product</span>\": <span class=sf-dump-num>1</span>
      +\"<span class=sf-dump-public title=\"Runtime added dynamic property\">is_active</span>\": <span class=sf-dump-num>1</span>
      +\"<span class=sf-dump-public title=\"Runtime added dynamic property\">created_at</span>\": \"<span class=sf-dump-str title=\"19 characters\">2026-08-16 14:21:52</span>\"
      +\"<span class=sf-dump-public title=\"Runtime added dynamic property\">updated_at</span>\": \"<span class=sf-dump-str title=\"19 characters\">2026-08-16 14:21:52</span>\"
      +\"<span class=sf-dump-public title=\"Runtime added dynamic property\">supplier_name</span>\": \"<span class=sf-dump-str title=\"7 characters\">General</span>\"
    </samp>}
    <span class=sf-dump-index>14</span> => {<a class=sf-dump-ref>#1617</a><samp data-depth=3 class=sf-dump-compact>
      +\"<span class=sf-dump-public title=\"Runtime added dynamic property\">id</span>\": <span class=sf-dump-num>15</span>
      +\"<span class=sf-dump-public title=\"Runtime added dynamic property\">name</span>\": \"<span class=sf-dump-str title=\"18 characters\">Alugel Syrup 100Ml</span>\"
      +\"<span class=sf-dump-public title=\"Runtime added dynamic property\">code</span>\": <span class=sf-dump-const>null</span>
      +\"<span class=sf-dump-public title=\"Runtime added dynamic property\">description</span>\": <span class=sf-dump-const>null</span>
      +\"<span class=sf-dump-public title=\"Runtime added dynamic property\">supplier_id</span>\": <span class=sf-dump-num>1</span>
      +\"<span class=sf-dump-public title=\"Runtime added dynamic property\">unit</span>\": \"<span class=sf-dump-str title=\"4 characters\">Each</span>\"
      +\"<span class=sf-dump-public title=\"Runtime added dynamic property\">pack_unit</span>\": <span class=sf-dump-const>null</span>
      +\"<span class=sf-dump-public title=\"Runtime added dynamic property\">units_per_pack</span>\": <span class=sf-dump-const>null</span>
      +\"<span class=sf-dump-public title=\"Runtime added dynamic property\">cost_price</span>\": \"<span class=sf-dump-str title=\"4 characters\">0.00</span>\"
      +\"<span class=sf-dump-public title=\"Runtime added dynamic property\">selling_price</span>\": \"<span class=sf-dump-str title=\"7 characters\">7000.00</span>\"
      +\"<span class=sf-dump-public title=\"Runtime added dynamic property\">min_order_quantity</span>\": \"<span class=sf-dump-str title=\"4 characters\">1.00</span>\"
      +\"<span class=sf-dump-public title=\"Runtime added dynamic property\">is_product</span>\": <span class=sf-dump-num>1</span>
      +\"<span class=sf-dump-public title=\"Runtime added dynamic property\">is_active</span>\": <span class=sf-dump-num>1</span>
      +\"<span class=sf-dump-public title=\"Runtime added dynamic property\">created_at</span>\": \"<span class=sf-dump-str title=\"19 characters\">2026-08-16 14:21:52</span>\"
      +\"<span class=sf-dump-public title=\"Runtime added dynamic property\">updated_at</span>\": \"<span class=sf-dump-str title=\"19 characters\">2026-08-16 14:21:52</span>\"
      +\"<span class=sf-dump-public title=\"Runtime added dynamic property\">supplier_name</span>\": \"<span class=sf-dump-str title=\"7 characters\">General</span>\"
    </samp>}
    <span class=sf-dump-index>15</span> => {<a class=sf-dump-ref>#1618</a><samp data-depth=3 class=sf-dump-compact>
      +\"<span class=sf-dump-public title=\"Runtime added dynamic property\">id</span>\": <span class=sf-dump-num>16</span>
      +\"<span class=sf-dump-public title=\"Runtime added dynamic property\">name</span>\": \"<span class=sf-dump-str title=\"12 characters\">Ambcet Syrup</span>\"
      +\"<span class=sf-dump-public title=\"Runtime added dynamic property\">code</span>\": <span class=sf-dump-const>null</span>
      +\"<span class=sf-dump-public title=\"Runtime added dynamic property\">description</span>\": <span class=sf-dump-const>null</span>
      +\"<span class=sf-dump-public title=\"Runtime added dynamic property\">supplier_id</span>\": <span class=sf-dump-num>1</span>
      +\"<span class=sf-dump-public title=\"Runtime added dynamic property\">unit</span>\": \"<span class=sf-dump-str title=\"4 characters\">Each</span>\"
      +\"<span class=sf-dump-public title=\"Runtime added dynamic property\">pack_unit</span>\": <span class=sf-dump-const>null</span>
      +\"<span class=sf-dump-public title=\"Runtime added dynamic property\">units_per_pack</span>\": <span class=sf-dump-const>null</span>
      +\"<span class=sf-dump-public title=\"Runtime added dynamic property\">cost_price</span>\": \"<span class=sf-dump-str title=\"4 characters\">0.00</span>\"
      +\"<span class=sf-dump-public title=\"Runtime added dynamic property\">selling_price</span>\": \"<span class=sf-dump-str title=\"7 characters\">8000.00</span>\"
      +\"<span class=sf-dump-public title=\"Runtime added dynamic property\">min_order_quantity</span>\": \"<span class=sf-dump-str title=\"4 characters\">1.00</span>\"
      +\"<span class=sf-dump-public title=\"Runtime added dynamic property\">is_product</span>\": <span class=sf-dump-num>1</span>
      +\"<span class=sf-dump-public title=\"Runtime added dynamic property\">is_active</span>\": <span class=sf-dump-num>1</span>
      +\"<span class=sf-dump-public title=\"Runtime added dynamic property\">created_at</span>\": \"<span class=sf-dump-str title=\"19 characters\">2026-08-16 14:21:52</span>\"
      +\"<span class=sf-dump-public title=\"Runtime added dynamic property\">updated_at</span>\": \"<span class=sf-dump-str title=\"19 characters\">2026-08-16 14:21:52</span>\"
      +\"<span class=sf-dump-public title=\"Runtime added dynamic property\">supplier_name</span>\": \"<span class=sf-dump-str title=\"7 characters\">General</span>\"
    </samp>}
    <span class=sf-dump-index>16</span> => {<a class=sf-dump-ref>#1619</a><samp data-depth=3 class=sf-dump-compact>
      +\"<span class=sf-dump-public title=\"Runtime added dynamic property\">id</span>\": <span class=sf-dump-num>17</span>
      +\"<span class=sf-dump-public title=\"Runtime added dynamic property\">name</span>\": \"<span class=sf-dump-str title=\"18 characters\">Aminophillin 100Mg</span>\"
      +\"<span class=sf-dump-public title=\"Runtime added dynamic property\">code</span>\": <span class=sf-dump-const>null</span>
      +\"<span class=sf-dump-public title=\"Runtime added dynamic property\">description</span>\": <span class=sf-dump-const>null</span>
      +\"<span class=sf-dump-public title=\"Runtime added dynamic property\">supplier_id</span>\": <span class=sf-dump-num>1</span>
      +\"<span class=sf-dump-public title=\"Runtime added dynamic property\">unit</span>\": \"<span class=sf-dump-str title=\"3 characters\">30s</span>\"
      +\"<span class=sf-dump-public title=\"Runtime added dynamic property\">pack_unit</span>\": <span class=sf-dump-const>null</span>
      +\"<span class=sf-dump-public title=\"Runtime added dynamic property\">units_per_pack</span>\": <span class=sf-dump-const>null</span>
      +\"<span class=sf-dump-public title=\"Runtime added dynamic property\">cost_price</span>\": \"<span class=sf-dump-str title=\"4 characters\">0.00</span>\"
      +\"<span class=sf-dump-public title=\"Runtime added dynamic property\">selling_price</span>\": \"<span class=sf-dump-str title=\"7 characters\">2500.00</span>\"
      +\"<span class=sf-dump-public title=\"Runtime added dynamic property\">min_order_quantity</span>\": \"<span class=sf-dump-str title=\"4 characters\">1.00</span>\"
      +\"<span class=sf-dump-public title=\"Runtime added dynamic property\">is_product</span>\": <span class=sf-dump-num>1</span>
      +\"<span class=sf-dump-public title=\"Runtime added dynamic property\">is_active</span>\": <span class=sf-dump-num>1</span>
      +\"<span class=sf-dump-public title=\"Runtime added dynamic property\">created_at</span>\": \"<span class=sf-dump-str title=\"19 characters\">2026-08-16 14:21:52</span>\"
      +\"<span class=sf-dump-public title=\"Runtime added dynamic property\">updated_at</span>\": \"<span class=sf-dump-str title=\"19 characters\">2026-08-16 14:21:52</span>\"
      +\"<span class=sf-dump-public title=\"Runtime added dynamic property\">supplier_name</span>\": \"<span class=sf-dump-str title=\"7 characters\">General</span>\"
    </samp>}
    <span class=sf-dump-index>17</span> => {<a class=sf-dump-ref>#1620</a><samp data-depth=3 class=sf-dump-compact>
      +\"<span class=sf-dump-public title=\"Runtime added dynamic property\">id</span>\": <span class=sf-dump-num>18</span>
      +\"<span class=sf-dump-public title=\"Runtime added dynamic property\">name</span>\": \"<span class=sf-dump-str title=\"19 characters\">Amitriptylline 25Mg</span>\"
      +\"<span class=sf-dump-public title=\"Runtime added dynamic property\">code</span>\": <span class=sf-dump-const>null</span>
      +\"<span class=sf-dump-public title=\"Runtime added dynamic property\">description</span>\": <span class=sf-dump-const>null</span>
      +\"<span class=sf-dump-public title=\"Runtime added dynamic property\">supplier_id</span>\": <span class=sf-dump-num>1</span>
      +\"<span class=sf-dump-public title=\"Runtime added dynamic property\">unit</span>\": \"<span class=sf-dump-str title=\"3 characters\">30s</span>\"
      +\"<span class=sf-dump-public title=\"Runtime added dynamic property\">pack_unit</span>\": <span class=sf-dump-const>null</span>
      +\"<span class=sf-dump-public title=\"Runtime added dynamic property\">units_per_pack</span>\": <span class=sf-dump-const>null</span>
      +\"<span class=sf-dump-public title=\"Runtime added dynamic property\">cost_price</span>\": \"<span class=sf-dump-str title=\"4 characters\">0.00</span>\"
      +\"<span class=sf-dump-public title=\"Runtime added dynamic property\">selling_price</span>\": \"<span class=sf-dump-str title=\"7 characters\">2000.00</span>\"
      +\"<span class=sf-dump-public title=\"Runtime added dynamic property\">min_order_quantity</span>\": \"<span class=sf-dump-str title=\"4 characters\">1.00</span>\"
      +\"<span class=sf-dump-public title=\"Runtime added dynamic property\">is_product</span>\": <span class=sf-dump-num>1</span>
      +\"<span class=sf-dump-public title=\"Runtime added dynamic property\">is_active</span>\": <span class=sf-dump-num>1</span>
      +\"<span class=sf-dump-public title=\"Runtime added dynamic property\">created_at</span>\": \"<span class=sf-dump-str title=\"19 characters\">2026-08-16 14:21:52</span>\"
      +\"<span class=sf-dump-public title=\"Runtime added dynamic property\">updated_at</span>\": \"<span class=sf-dump-str title=\"19 characters\">2026-08-16 14:21:52</span>\"
      +\"<span class=sf-dump-public title=\"Runtime added dynamic property\">supplier_name</span>\": \"<span class=sf-dump-str title=\"7 characters\">General</span>\"
    </samp>}
    <span class=sf-dump-index>18</span> => {<a class=sf-dump-ref>#1621</a><samp data-depth=3 class=sf-dump-compact>
      +\"<span class=sf-dump-public title=\"Runtime added dynamic property\">id</span>\": <span class=sf-dump-num>19</span>
      +\"<span class=sf-dump-public title=\"Runtime added dynamic property\">name</span>\": \"<span class=sf-dump-str title=\"15 characters\">Amlodipine 10Mg</span>\"
      +\"<span class=sf-dump-public title=\"Runtime added dynamic property\">code</span>\": <span class=sf-dump-const>null</span>
      +\"<span class=sf-dump-public title=\"Runtime added dynamic property\">description</span>\": <span class=sf-dump-const>null</span>
      +\"<span class=sf-dump-public title=\"Runtime added dynamic property\">supplier_id</span>\": <span class=sf-dump-num>1</span>
      +\"<span class=sf-dump-public title=\"Runtime added dynamic property\">unit</span>\": \"<span class=sf-dump-str title=\"3 characters\">10s</span>\"
      +\"<span class=sf-dump-public title=\"Runtime added dynamic property\">pack_unit</span>\": <span class=sf-dump-const>null</span>
      +\"<span class=sf-dump-public title=\"Runtime added dynamic property\">units_per_pack</span>\": <span class=sf-dump-const>null</span>
      +\"<span class=sf-dump-public title=\"Runtime added dynamic property\">cost_price</span>\": \"<span class=sf-dump-str title=\"4 characters\">0.00</span>\"
      +\"<span class=sf-dump-public title=\"Runtime added dynamic property\">selling_price</span>\": \"<span class=sf-dump-str title=\"7 characters\">1000.00</span>\"
      +\"<span class=sf-dump-public title=\"Runtime added dynamic property\">min_order_quantity</span>\": \"<span class=sf-dump-str title=\"4 characters\">1.00</span>\"
      +\"<span class=sf-dump-public title=\"Runtime added dynamic property\">is_product</span>\": <span class=sf-dump-num>1</span>
      +\"<span class=sf-dump-public title=\"Runtime added dynamic property\">is_active</span>\": <span class=sf-dump-num>1</span>
      +\"<span class=sf-dump-public title=\"Runtime added dynamic property\">created_at</span>\": \"<span class=sf-dump-str title=\"19 characters\">2026-08-16 14:21:52</span>\"
      +\"<span class=sf-dump-public title=\"Runtime added dynamic property\">updated_at</span>\": \"<span class=sf-dump-str title=\"19 characters\">2026-08-16 14:21:52</span>\"
      +\"<span class=sf-dump-public title=\"Runtime added dynamic property\">supplier_name</span>\": \"<span class=sf-dump-str title=\"7 characters\">General</span>\"
    </samp>}
    <span class=sf-dump-index>19</span> => {<a class=sf-dump-ref>#1622</a><samp data-depth=3 class=sf-dump-compact>
      +\"<span class=sf-dump-public title=\"Runtime added dynamic property\">id</span>\": <span class=sf-dump-num>20</span>
      +\"<span class=sf-dump-public title=\"Runtime added dynamic property\">name</span>\": \"<span class=sf-dump-str title=\"14 characters\">Amlodipine 5Mg</span>\"
      +\"<span class=sf-dump-public title=\"Runtime added dynamic property\">code</span>\": <span class=sf-dump-const>null</span>
      +\"<span class=sf-dump-public title=\"Runtime added dynamic property\">description</span>\": <span class=sf-dump-const>null</span>
      +\"<span class=sf-dump-public title=\"Runtime added dynamic property\">supplier_id</span>\": <span class=sf-dump-num>1</span>
      +\"<span class=sf-dump-public title=\"Runtime added dynamic property\">unit</span>\": \"<span class=sf-dump-str title=\"3 characters\">10s</span>\"
      +\"<span class=sf-dump-public title=\"Runtime added dynamic property\">pack_unit</span>\": <span class=sf-dump-const>null</span>
      +\"<span class=sf-dump-public title=\"Runtime added dynamic property\">units_per_pack</span>\": <span class=sf-dump-const>null</span>
      +\"<span class=sf-dump-public title=\"Runtime added dynamic property\">cost_price</span>\": \"<span class=sf-dump-str title=\"4 characters\">0.00</span>\"
      +\"<span class=sf-dump-public title=\"Runtime added dynamic property\">selling_price</span>\": \"<span class=sf-dump-str title=\"7 characters\">1000.00</span>\"
      +\"<span class=sf-dump-public title=\"Runtime added dynamic property\">min_order_quantity</span>\": \"<span class=sf-dump-str title=\"4 characters\">1.00</span>\"
      +\"<span class=sf-dump-public title=\"Runtime added dynamic property\">is_product</span>\": <span class=sf-dump-num>1</span>
      +\"<span class=sf-dump-public title=\"Runtime added dynamic property\">is_active</span>\": <span class=sf-dump-num>1</span>
      +\"<span class=sf-dump-public title=\"Runtime added dynamic property\">created_at</span>\": \"<span class=sf-dump-str title=\"19 characters\">2026-08-16 14:21:52</span>\"
      +\"<span class=sf-dump-public title=\"Runtime added dynamic property\">updated_at</span>\": \"<span class=sf-dump-str title=\"19 characters\">2026-08-16 14:21:52</span>\"
      +\"<span class=sf-dump-public title=\"Runtime added dynamic property\">supplier_name</span>\": \"<span class=sf-dump-str title=\"7 characters\">General</span>\"
    </samp>}
    <span class=sf-dump-index>20</span> => {<a class=sf-dump-ref>#1623</a><samp data-depth=3 class=sf-dump-compact>
      +\"<span class=sf-dump-public title=\"Runtime added dynamic property\">id</span>\": <span class=sf-dump-num>21</span>
      +\"<span class=sf-dump-public title=\"Runtime added dynamic property\">name</span>\": \"<span class=sf-dump-str title=\"23 characters\">Amoxycillin Caps  250Mg</span>\"
      +\"<span class=sf-dump-public title=\"Runtime added dynamic property\">code</span>\": <span class=sf-dump-const>null</span>
      +\"<span class=sf-dump-public title=\"Runtime added dynamic property\">description</span>\": <span class=sf-dump-const>null</span>
      +\"<span class=sf-dump-public title=\"Runtime added dynamic property\">supplier_id</span>\": <span class=sf-dump-num>1</span>
      +\"<span class=sf-dump-public title=\"Runtime added dynamic property\">unit</span>\": \"<span class=sf-dump-str title=\"3 characters\">30s</span>\"
      +\"<span class=sf-dump-public title=\"Runtime added dynamic property\">pack_unit</span>\": <span class=sf-dump-const>null</span>
      +\"<span class=sf-dump-public title=\"Runtime added dynamic property\">units_per_pack</span>\": <span class=sf-dump-const>null</span>
      +\"<span class=sf-dump-public title=\"Runtime added dynamic property\">cost_price</span>\": \"<span class=sf-dump-str title=\"4 characters\">0.00</span>\"
      +\"<span class=sf-dump-public title=\"Runtime added dynamic property\">selling_price</span>\": \"<span class=sf-dump-str title=\"7 characters\">4000.00</span>\"
      +\"<span class=sf-dump-public title=\"Runtime added dynamic property\">min_order_quantity</span>\": \"<span class=sf-dump-str title=\"4 characters\">1.00</span>\"
      +\"<span class=sf-dump-public title=\"Runtime added dynamic property\">is_product</span>\": <span class=sf-dump-num>1</span>
      +\"<span class=sf-dump-public title=\"Runtime added dynamic property\">is_active</span>\": <span class=sf-dump-num>1</span>
      +\"<span class=sf-dump-public title=\"Runtime added dynamic property\">created_at</span>\": \"<span class=sf-dump-str title=\"19 characters\">2026-08-16 14:21:52</span>\"
      +\"<span class=sf-dump-public title=\"Runtime added dynamic property\">updated_at</span>\": \"<span class=sf-dump-str title=\"19 characters\">2026-08-16 14:21:52</span>\"
      +\"<span class=sf-dump-public title=\"Runtime added dynamic property\">supplier_name</span>\": \"<span class=sf-dump-str title=\"7 characters\">General</span>\"
    </samp>}
    <span class=sf-dump-index>21</span> => {<a class=sf-dump-ref>#1624</a><samp data-depth=3 class=sf-dump-compact>
      +\"<span class=sf-dump-public title=\"Runtime added dynamic property\">id</span>\": <span class=sf-dump-num>22</span>
      +\"<span class=sf-dump-public title=\"Runtime added dynamic property\">name</span>\": \"<span class=sf-dump-str title=\"22 characters\">Amoxycillin Suspension</span>\"
      +\"<span class=sf-dump-public title=\"Runtime added dynamic property\">code</span>\": <span class=sf-dump-const>null</span>
      +\"<span class=sf-dump-public title=\"Runtime added dynamic property\">description</span>\": <span class=sf-dump-const>null</span>
      +\"<span class=sf-dump-public title=\"Runtime added dynamic property\">supplier_id</span>\": <span class=sf-dump-num>1</span>
      +\"<span class=sf-dump-public title=\"Runtime added dynamic property\">unit</span>\": \"<span class=sf-dump-str title=\"4 characters\">Each</span>\"
      +\"<span class=sf-dump-public title=\"Runtime added dynamic property\">pack_unit</span>\": <span class=sf-dump-const>null</span>
      +\"<span class=sf-dump-public title=\"Runtime added dynamic property\">units_per_pack</span>\": <span class=sf-dump-const>null</span>
      +\"<span class=sf-dump-public title=\"Runtime added dynamic property\">cost_price</span>\": \"<span class=sf-dump-str title=\"4 characters\">0.00</span>\"
      +\"<span class=sf-dump-public title=\"Runtime added dynamic property\">selling_price</span>\": \"<span class=sf-dump-str title=\"7 characters\">5000.00</span>\"
      +\"<span class=sf-dump-public title=\"Runtime added dynamic property\">min_order_quantity</span>\": \"<span class=sf-dump-str title=\"4 characters\">1.00</span>\"
      +\"<span class=sf-dump-public title=\"Runtime added dynamic property\">is_product</span>\": <span class=sf-dump-num>1</span>
      +\"<span class=sf-dump-public title=\"Runtime added dynamic property\">is_active</span>\": <span class=sf-dump-num>1</span>
      +\"<span class=sf-dump-public title=\"Runtime added dynamic property\">created_at</span>\": \"<span class=sf-dump-str title=\"19 characters\">2026-08-16 14:21:52</span>\"
      +\"<span class=sf-dump-public title=\"Runtime added dynamic property\">updated_at</span>\": \"<span class=sf-dump-str title=\"19 characters\">2026-08-16 14:21:52</span>\"
      +\"<span class=sf-dump-public title=\"Runtime added dynamic property\">supplier_name</span>\": \"<span class=sf-dump-str title=\"7 characters\">General</span>\"
    </samp>}
    <span class=sf-dump-index>22</span> => {<a class=sf-dump-ref>#1625</a><samp data-depth=3 class=sf-dump-compact>
      +\"<span class=sf-dump-public title=\"Runtime added dynamic property\">id</span>\": <span class=sf-dump-num>23</span>
      +\"<span class=sf-dump-public title=\"Runtime added dynamic property\">name</span>\": \"<span class=sf-dump-str title=\"33 characters\">Amoxyclav  Suspension (Universal)</span>\"
      +\"<span class=sf-dump-public title=\"Runtime added dynamic property\">code</span>\": <span class=sf-dump-const>null</span>
      +\"<span class=sf-dump-public title=\"Runtime added dynamic property\">description</span>\": <span class=sf-dump-const>null</span>
      +\"<span class=sf-dump-public title=\"Runtime added dynamic property\">supplier_id</span>\": <span class=sf-dump-num>1</span>
      +\"<span class=sf-dump-public title=\"Runtime added dynamic property\">unit</span>\": \"<span class=sf-dump-str title=\"4 characters\">Each</span>\"
      +\"<span class=sf-dump-public title=\"Runtime added dynamic property\">pack_unit</span>\": <span class=sf-dump-const>null</span>
      +\"<span class=sf-dump-public title=\"Runtime added dynamic property\">units_per_pack</span>\": <span class=sf-dump-const>null</span>
      +\"<span class=sf-dump-public title=\"Runtime added dynamic property\">cost_price</span>\": \"<span class=sf-dump-str title=\"4 characters\">0.00</span>\"
      +\"<span class=sf-dump-public title=\"Runtime added dynamic property\">selling_price</span>\": \"<span class=sf-dump-str title=\"8 characters\">14000.00</span>\"
      +\"<span class=sf-dump-public title=\"Runtime added dynamic property\">min_order_quantity</span>\": \"<span class=sf-dump-str title=\"4 characters\">1.00</span>\"
      +\"<span class=sf-dump-public title=\"Runtime added dynamic property\">is_product</span>\": <span class=sf-dump-num>1</span>
      +\"<span class=sf-dump-public title=\"Runtime added dynamic property\">is_active</span>\": <span class=sf-dump-num>1</span>
      +\"<span class=sf-dump-public title=\"Runtime added dynamic property\">created_at</span>\": \"<span class=sf-dump-str title=\"19 characters\">2026-08-16 14:21:52</span>\"
      +\"<span class=sf-dump-public title=\"Runtime added dynamic property\">updated_at</span>\": \"<span class=sf-dump-str title=\"19 characters\">2026-08-16 14:21:52</span>\"
      +\"<span class=sf-dump-public title=\"Runtime added dynamic property\">supplier_name</span>\": \"<span class=sf-dump-str title=\"7 characters\">General</span>\"
    </samp>}
    <span class=sf-dump-index>23</span> => {<a class=sf-dump-ref>#1626</a><samp data-depth=3 class=sf-dump-compact>
      +\"<span class=sf-dump-public title=\"Runtime added dynamic property\">id</span>\": <span class=sf-dump-num>24</span>
      +\"<span class=sf-dump-public title=\"Runtime added dynamic property\">name</span>\": \"<span class=sf-dump-str title=\"29 characters\">Amoxyclav 1G Tabs (Universal)</span>\"
      +\"<span class=sf-dump-public title=\"Runtime added dynamic property\">code</span>\": <span class=sf-dump-const>null</span>
      +\"<span class=sf-dump-public title=\"Runtime added dynamic property\">description</span>\": <span class=sf-dump-const>null</span>
      +\"<span class=sf-dump-public title=\"Runtime added dynamic property\">supplier_id</span>\": <span class=sf-dump-num>1</span>
      +\"<span class=sf-dump-public title=\"Runtime added dynamic property\">unit</span>\": \"<span class=sf-dump-str title=\"3 characters\">10s</span>\"
      +\"<span class=sf-dump-public title=\"Runtime added dynamic property\">pack_unit</span>\": <span class=sf-dump-const>null</span>
      +\"<span class=sf-dump-public title=\"Runtime added dynamic property\">units_per_pack</span>\": <span class=sf-dump-const>null</span>
      +\"<span class=sf-dump-public title=\"Runtime added dynamic property\">cost_price</span>\": \"<span class=sf-dump-str title=\"4 characters\">0.00</span>\"
      +\"<span class=sf-dump-public title=\"Runtime added dynamic property\">selling_price</span>\": \"<span class=sf-dump-str title=\"8 characters\">15000.00</span>\"
      +\"<span class=sf-dump-public title=\"Runtime added dynamic property\">min_order_quantity</span>\": \"<span class=sf-dump-str title=\"4 characters\">1.00</span>\"
      +\"<span class=sf-dump-public title=\"Runtime added dynamic property\">is_product</span>\": <span class=sf-dump-num>1</span>
      +\"<span class=sf-dump-public title=\"Runtime added dynamic property\">is_active</span>\": <span class=sf-dump-num>1</span>
      +\"<span class=sf-dump-public title=\"Runtime added dynamic property\">created_at</span>\": \"<span class=sf-dump-str title=\"19 characters\">2026-08-16 14:21:52</span>\"
      +\"<span class=sf-dump-public title=\"Runtime added dynamic property\">updated_at</span>\": \"<span class=sf-dump-str title=\"19 characters\">2026-08-16 14:21:52</span>\"
      +\"<span class=sf-dump-public title=\"Runtime added dynamic property\">supplier_name</span>\": \"<span class=sf-dump-str title=\"7 characters\">General</span>\"
    </samp>}
    <span class=sf-dump-index>24</span> => {<a class=sf-dump-ref>#1627</a><samp data-depth=3 class=sf-dump-compact>
      +\"<span class=sf-dump-public title=\"Runtime added dynamic property\">id</span>\": <span class=sf-dump-num>25</span>
      +\"<span class=sf-dump-public title=\"Runtime added dynamic property\">name</span>\": \"<span class=sf-dump-str title=\"32 characters\">Amoxyclav Tabs 625Mg (Universal)</span>\"
      +\"<span class=sf-dump-public title=\"Runtime added dynamic property\">code</span>\": <span class=sf-dump-const>null</span>
      +\"<span class=sf-dump-public title=\"Runtime added dynamic property\">description</span>\": <span class=sf-dump-const>null</span>
      +\"<span class=sf-dump-public title=\"Runtime added dynamic property\">supplier_id</span>\": <span class=sf-dump-num>1</span>
      +\"<span class=sf-dump-public title=\"Runtime added dynamic property\">unit</span>\": \"<span class=sf-dump-str title=\"3 characters\">10s</span>\"
      +\"<span class=sf-dump-public title=\"Runtime added dynamic property\">pack_unit</span>\": <span class=sf-dump-const>null</span>
      +\"<span class=sf-dump-public title=\"Runtime added dynamic property\">units_per_pack</span>\": <span class=sf-dump-const>null</span>
      +\"<span class=sf-dump-public title=\"Runtime added dynamic property\">cost_price</span>\": \"<span class=sf-dump-str title=\"4 characters\">0.00</span>\"
      +\"<span class=sf-dump-public title=\"Runtime added dynamic property\">selling_price</span>\": \"<span class=sf-dump-str title=\"8 characters\">14000.00</span>\"
      +\"<span class=sf-dump-public title=\"Runtime added dynamic property\">min_order_quantity</span>\": \"<span class=sf-dump-str title=\"4 characters\">1.00</span>\"
      +\"<span class=sf-dump-public title=\"Runtime added dynamic property\">is_product</span>\": <span class=sf-dump-num>1</span>
      +\"<span class=sf-dump-public title=\"Runtime added dynamic property\">is_active</span>\": <span class=sf-dump-num>1</span>
      +\"<span class=sf-dump-public title=\"Runtime added dynamic property\">created_at</span>\": \"<span class=sf-dump-str title=\"19 characters\">2026-08-16 14:21:52</span>\"
      +\"<span class=sf-dump-public title=\"Runtime added dynamic property\">updated_at</span>\": \"<span class=sf-dump-str title=\"19 characters\">2026-08-16 14:21:52</span>\"
      +\"<span class=sf-dump-public title=\"Runtime added dynamic property\">supplier_name</span>\": \"<span class=sf-dump-str title=\"7 characters\">General</span>\"
    </samp>}
    <span class=sf-dump-index>25</span> => {<a class=sf-dump-ref>#1628</a><samp data-depth=3 class=sf-dump-compact>
      +\"<span class=sf-dump-public title=\"Runtime added dynamic property\">id</span>\": <span class=sf-dump-num>26</span>
      +\"<span class=sf-dump-public title=\"Runtime added dynamic property\">name</span>\": \"<span class=sf-dump-str title=\"25 characters\">Ampicillin 250Mg (Strips)</span>\"
      +\"<span class=sf-dump-public title=\"Runtime added dynamic property\">code</span>\": <span class=sf-dump-const>null</span>
      +\"<span class=sf-dump-public title=\"Runtime added dynamic property\">description</span>\": <span class=sf-dump-const>null</span>
      +\"<span class=sf-dump-public title=\"Runtime added dynamic property\">supplier_id</span>\": <span class=sf-dump-num>1</span>
      +\"<span class=sf-dump-public title=\"Runtime added dynamic property\">unit</span>\": \"<span class=sf-dump-str title=\"3 characters\">10s</span>\"
      +\"<span class=sf-dump-public title=\"Runtime added dynamic property\">pack_unit</span>\": <span class=sf-dump-const>null</span>
      +\"<span class=sf-dump-public title=\"Runtime added dynamic property\">units_per_pack</span>\": <span class=sf-dump-const>null</span>
      +\"<span class=sf-dump-public title=\"Runtime added dynamic property\">cost_price</span>\": \"<span class=sf-dump-str title=\"4 characters\">0.00</span>\"
      +\"<span class=sf-dump-public title=\"Runtime added dynamic property\">selling_price</span>\": \"<span class=sf-dump-str title=\"7 characters\">4000.00</span>\"
      +\"<span class=sf-dump-public title=\"Runtime added dynamic property\">min_order_quantity</span>\": \"<span class=sf-dump-str title=\"4 characters\">1.00</span>\"
      +\"<span class=sf-dump-public title=\"Runtime added dynamic property\">is_product</span>\": <span class=sf-dump-num>1</span>
      +\"<span class=sf-dump-public title=\"Runtime added dynamic property\">is_active</span>\": <span class=sf-dump-num>1</span>
      +\"<span class=sf-dump-public title=\"Runtime added dynamic property\">created_at</span>\": \"<span class=sf-dump-str title=\"19 characters\">2026-08-16 14:21:52</span>\"
      +\"<span class=sf-dump-public title=\"Runtime added dynamic property\">updated_at</span>\": \"<span class=sf-dump-str title=\"19 characters\">2026-08-16 14:21:52</span>\"
      +\"<span class=sf-dump-public title=\"Runtime added dynamic property\">supplier_name</span>\": \"<span class=sf-dump-str title=\"7 characters\">General</span>\"
    </samp>}
    <span class=sf-dump-index>26</span> => {<a class=sf-dump-ref>#1629</a><samp data-depth=3 class=sf-dump-compact>
      +\"<span class=sf-dump-public title=\"Runtime added dynamic property\">id</span>\": <span class=sf-dump-num>27</span>
      +\"<span class=sf-dump-public title=\"Runtime added dynamic property\">name</span>\": \"<span class=sf-dump-str title=\"15 characters\">Ampicillin Caps</span>\"
      +\"<span class=sf-dump-public title=\"Runtime added dynamic property\">code</span>\": <span class=sf-dump-const>null</span>
      +\"<span class=sf-dump-public title=\"Runtime added dynamic property\">description</span>\": <span class=sf-dump-const>null</span>
      +\"<span class=sf-dump-public title=\"Runtime added dynamic property\">supplier_id</span>\": <span class=sf-dump-num>1</span>
      +\"<span class=sf-dump-public title=\"Runtime added dynamic property\">unit</span>\": \"<span class=sf-dump-str title=\"3 characters\">40s</span>\"
      +\"<span class=sf-dump-public title=\"Runtime added dynamic property\">pack_unit</span>\": <span class=sf-dump-const>null</span>
      +\"<span class=sf-dump-public title=\"Runtime added dynamic property\">units_per_pack</span>\": <span class=sf-dump-const>null</span>
      +\"<span class=sf-dump-public title=\"Runtime added dynamic property\">cost_price</span>\": \"<span class=sf-dump-str title=\"4 characters\">0.00</span>\"
      +\"<span class=sf-dump-public title=\"Runtime added dynamic property\">selling_price</span>\": \"<span class=sf-dump-str title=\"8 characters\">10000.00</span>\"
      +\"<span class=sf-dump-public title=\"Runtime added dynamic property\">min_order_quantity</span>\": \"<span class=sf-dump-str title=\"4 characters\">1.00</span>\"
      +\"<span class=sf-dump-public title=\"Runtime added dynamic property\">is_product</span>\": <span class=sf-dump-num>1</span>
      +\"<span class=sf-dump-public title=\"Runtime added dynamic property\">is_active</span>\": <span class=sf-dump-num>1</span>
      +\"<span class=sf-dump-public title=\"Runtime added dynamic property\">created_at</span>\": \"<span class=sf-dump-str title=\"19 characters\">2026-08-16 14:21:52</span>\"
      +\"<span class=sf-dump-public title=\"Runtime added dynamic property\">updated_at</span>\": \"<span class=sf-dump-str title=\"19 characters\">2026-08-16 14:21:52</span>\"
      +\"<span class=sf-dump-public title=\"Runtime added dynamic property\">supplier_name</span>\": \"<span class=sf-dump-str title=\"7 characters\">General</span>\"
    </samp>}
    <span class=sf-dump-index>27</span> => {<a class=sf-dump-ref>#1630</a><samp data-depth=3 class=sf-dump-compact>
      +\"<span class=sf-dump-public title=\"Runtime added dynamic property\">id</span>\": <span class=sf-dump-num>28</span>
      +\"<span class=sf-dump-public title=\"Runtime added dynamic property\">name</span>\": \"<span class=sf-dump-str title=\"11 characters\">Anomex Supp</span>\"
      +\"<span class=sf-dump-public title=\"Runtime added dynamic property\">code</span>\": <span class=sf-dump-const>null</span>
      +\"<span class=sf-dump-public title=\"Runtime added dynamic property\">description</span>\": <span class=sf-dump-const>null</span>
      +\"<span class=sf-dump-public title=\"Runtime added dynamic property\">supplier_id</span>\": <span class=sf-dump-num>1</span>
      +\"<span class=sf-dump-public title=\"Runtime added dynamic property\">unit</span>\": \"<span class=sf-dump-str title=\"3 characters\">10s</span>\"
      +\"<span class=sf-dump-public title=\"Runtime added dynamic property\">pack_unit</span>\": <span class=sf-dump-const>null</span>
      +\"<span class=sf-dump-public title=\"Runtime added dynamic property\">units_per_pack</span>\": <span class=sf-dump-const>null</span>
      +\"<span class=sf-dump-public title=\"Runtime added dynamic property\">cost_price</span>\": \"<span class=sf-dump-str title=\"4 characters\">0.00</span>\"
      +\"<span class=sf-dump-public title=\"Runtime added dynamic property\">selling_price</span>\": \"<span class=sf-dump-str title=\"8 characters\">13000.00</span>\"
      +\"<span class=sf-dump-public title=\"Runtime added dynamic property\">min_order_quantity</span>\": \"<span class=sf-dump-str title=\"4 characters\">1.00</span>\"
      +\"<span class=sf-dump-public title=\"Runtime added dynamic property\">is_product</span>\": <span class=sf-dump-num>1</span>
      +\"<span class=sf-dump-public title=\"Runtime added dynamic property\">is_active</span>\": <span class=sf-dump-num>1</span>
      +\"<span class=sf-dump-public title=\"Runtime added dynamic property\">created_at</span>\": \"<span class=sf-dump-str title=\"19 characters\">2026-08-16 14:21:52</span>\"
      +\"<span class=sf-dump-public title=\"Runtime added dynamic property\">updated_at</span>\": \"<span class=sf-dump-str title=\"19 characters\">2026-08-16 14:21:52</span>\"
      +\"<span class=sf-dump-public title=\"Runtime added dynamic property\">supplier_name</span>\": \"<span class=sf-dump-str title=\"7 characters\">General</span>\"
    </samp>}
    <span class=sf-dump-index>28</span> => {<a class=sf-dump-ref>#1631</a><samp data-depth=3 class=sf-dump-compact>
      +\"<span class=sf-dump-public title=\"Runtime added dynamic property\">id</span>\": <span class=sf-dump-num>29</span>
      +\"<span class=sf-dump-public title=\"Runtime added dynamic property\">name</span>\": \"<span class=sf-dump-str title=\"27 characters\">Antagid Ds Suspension 170Ml</span>\"
      +\"<span class=sf-dump-public title=\"Runtime added dynamic property\">code</span>\": <span class=sf-dump-const>null</span>
      +\"<span class=sf-dump-public title=\"Runtime added dynamic property\">description</span>\": <span class=sf-dump-const>null</span>
      +\"<span class=sf-dump-public title=\"Runtime added dynamic property\">supplier_id</span>\": <span class=sf-dump-num>1</span>
      +\"<span class=sf-dump-public title=\"Runtime added dynamic property\">unit</span>\": \"<span class=sf-dump-str title=\"4 characters\">Each</span>\"
      +\"<span class=sf-dump-public title=\"Runtime added dynamic property\">pack_unit</span>\": <span class=sf-dump-const>null</span>
      +\"<span class=sf-dump-public title=\"Runtime added dynamic property\">units_per_pack</span>\": <span class=sf-dump-const>null</span>
      +\"<span class=sf-dump-public title=\"Runtime added dynamic property\">cost_price</span>\": \"<span class=sf-dump-str title=\"4 characters\">0.00</span>\"
      +\"<span class=sf-dump-public title=\"Runtime added dynamic property\">selling_price</span>\": \"<span class=sf-dump-str title=\"7 characters\">9000.00</span>\"
      +\"<span class=sf-dump-public title=\"Runtime added dynamic property\">min_order_quantity</span>\": \"<span class=sf-dump-str title=\"4 characters\">1.00</span>\"
      +\"<span class=sf-dump-public title=\"Runtime added dynamic property\">is_product</span>\": <span class=sf-dump-num>1</span>
      +\"<span class=sf-dump-public title=\"Runtime added dynamic property\">is_active</span>\": <span class=sf-dump-num>1</span>
      +\"<span class=sf-dump-public title=\"Runtime added dynamic property\">created_at</span>\": \"<span class=sf-dump-str title=\"19 characters\">2026-08-16 14:21:52</span>\"
      +\"<span class=sf-dump-public title=\"Runtime added dynamic property\">updated_at</span>\": \"<span class=sf-dump-str title=\"19 characters\">2026-08-16 14:21:52</span>\"
      +\"<span class=sf-dump-public title=\"Runtime added dynamic property\">supplier_name</span>\": \"<span class=sf-dump-str title=\"7 characters\">General</span>\"
    </samp>}
    <span class=sf-dump-index>29</span> => {<a class=sf-dump-ref>#1632</a><samp data-depth=3 class=sf-dump-compact>
      +\"<span class=sf-dump-public title=\"Runtime added dynamic property\">id</span>\": <span class=sf-dump-num>30</span>
      +\"<span class=sf-dump-public title=\"Runtime added dynamic property\">name</span>\": \"<span class=sf-dump-str title=\"27 characters\">Antagit Ds Suspension 200Ml</span>\"
      +\"<span class=sf-dump-public title=\"Runtime added dynamic property\">code</span>\": <span class=sf-dump-const>null</span>
      +\"<span class=sf-dump-public title=\"Runtime added dynamic property\">description</span>\": <span class=sf-dump-const>null</span>
      +\"<span class=sf-dump-public title=\"Runtime added dynamic property\">supplier_id</span>\": <span class=sf-dump-num>1</span>
      +\"<span class=sf-dump-public title=\"Runtime added dynamic property\">unit</span>\": \"<span class=sf-dump-str title=\"4 characters\">Each</span>\"
      +\"<span class=sf-dump-public title=\"Runtime added dynamic property\">pack_unit</span>\": <span class=sf-dump-const>null</span>
      +\"<span class=sf-dump-public title=\"Runtime added dynamic property\">units_per_pack</span>\": <span class=sf-dump-const>null</span>
      +\"<span class=sf-dump-public title=\"Runtime added dynamic property\">cost_price</span>\": \"<span class=sf-dump-str title=\"4 characters\">0.00</span>\"
      +\"<span class=sf-dump-public title=\"Runtime added dynamic property\">selling_price</span>\": \"<span class=sf-dump-str title=\"8 characters\">11000.00</span>\"
      +\"<span class=sf-dump-public title=\"Runtime added dynamic property\">min_order_quantity</span>\": \"<span class=sf-dump-str title=\"4 characters\">1.00</span>\"
      +\"<span class=sf-dump-public title=\"Runtime added dynamic property\">is_product</span>\": <span class=sf-dump-num>1</span>
      +\"<span class=sf-dump-public title=\"Runtime added dynamic property\">is_active</span>\": <span class=sf-dump-num>1</span>
      +\"<span class=sf-dump-public title=\"Runtime added dynamic property\">created_at</span>\": \"<span class=sf-dump-str title=\"19 characters\">2026-08-16 14:21:52</span>\"
      +\"<span class=sf-dump-public title=\"Runtime added dynamic property\">updated_at</span>\": \"<span class=sf-dump-str title=\"19 characters\">2026-08-16 14:21:52</span>\"
      +\"<span class=sf-dump-public title=\"Runtime added dynamic property\">supplier_name</span>\": \"<span class=sf-dump-str title=\"7 characters\">General</span>\"
    </samp>}
    <span class=sf-dump-index>30</span> => {<a class=sf-dump-ref>#1633</a><samp data-depth=3 class=sf-dump-compact>
      +\"<span class=sf-dump-public title=\"Runtime added dynamic property\">id</span>\": <span class=sf-dump-num>31</span>
      +\"<span class=sf-dump-public title=\"Runtime added dynamic property\">name</span>\": \"<span class=sf-dump-str title=\"28 characters\">Antihist ( Mepramine ) Cream</span>\"
      +\"<span class=sf-dump-public title=\"Runtime added dynamic property\">code</span>\": <span class=sf-dump-const>null</span>
      +\"<span class=sf-dump-public title=\"Runtime added dynamic property\">description</span>\": <span class=sf-dump-const>null</span>
      +\"<span class=sf-dump-public title=\"Runtime added dynamic property\">supplier_id</span>\": <span class=sf-dump-num>1</span>
      +\"<span class=sf-dump-public title=\"Runtime added dynamic property\">unit</span>\": \"<span class=sf-dump-str title=\"4 characters\">Each</span>\"
      +\"<span class=sf-dump-public title=\"Runtime added dynamic property\">pack_unit</span>\": <span class=sf-dump-const>null</span>
      +\"<span class=sf-dump-public title=\"Runtime added dynamic property\">units_per_pack</span>\": <span class=sf-dump-const>null</span>
      +\"<span class=sf-dump-public title=\"Runtime added dynamic property\">cost_price</span>\": \"<span class=sf-dump-str title=\"4 characters\">0.00</span>\"
      +\"<span class=sf-dump-public title=\"Runtime added dynamic property\">selling_price</span>\": \"<span class=sf-dump-str title=\"7 characters\">3000.00</span>\"
      +\"<span class=sf-dump-public title=\"Runtime added dynamic property\">min_order_quantity</span>\": \"<span class=sf-dump-str title=\"4 characters\">1.00</span>\"
      +\"<span class=sf-dump-public title=\"Runtime added dynamic property\">is_product</span>\": <span class=sf-dump-num>1</span>
      +\"<span class=sf-dump-public title=\"Runtime added dynamic property\">is_active</span>\": <span class=sf-dump-num>1</span>
      +\"<span class=sf-dump-public title=\"Runtime added dynamic property\">created_at</span>\": \"<span class=sf-dump-str title=\"19 characters\">2026-08-16 14:21:52</span>\"
      +\"<span class=sf-dump-public title=\"Runtime added dynamic property\">updated_at</span>\": \"<span class=sf-dump-str title=\"19 characters\">2026-08-16 14:21:52</span>\"
      +\"<span class=sf-dump-public title=\"Runtime added dynamic property\">supplier_name</span>\": \"<span class=sf-dump-str title=\"7 characters\">General</span>\"
    </samp>}
    <span class=sf-dump-index>31</span> => {<a class=sf-dump-ref>#1634</a><samp data-depth=3 class=sf-dump-compact>
      +\"<span class=sf-dump-public title=\"Runtime added dynamic property\">id</span>\": <span class=sf-dump-num>32</span>
      +\"<span class=sf-dump-public title=\"Runtime added dynamic property\">name</span>\": \"<span class=sf-dump-str title=\"15 characters\">Ascoril D Syrup</span>\"
      +\"<span class=sf-dump-public title=\"Runtime added dynamic property\">code</span>\": <span class=sf-dump-const>null</span>
      +\"<span class=sf-dump-public title=\"Runtime added dynamic property\">description</span>\": <span class=sf-dump-const>null</span>
      +\"<span class=sf-dump-public title=\"Runtime added dynamic property\">supplier_id</span>\": <span class=sf-dump-num>1</span>
      +\"<span class=sf-dump-public title=\"Runtime added dynamic property\">unit</span>\": \"<span class=sf-dump-str title=\"4 characters\">Each</span>\"
      +\"<span class=sf-dump-public title=\"Runtime added dynamic property\">pack_unit</span>\": <span class=sf-dump-const>null</span>
      +\"<span class=sf-dump-public title=\"Runtime added dynamic property\">units_per_pack</span>\": <span class=sf-dump-const>null</span>
      +\"<span class=sf-dump-public title=\"Runtime added dynamic property\">cost_price</span>\": \"<span class=sf-dump-str title=\"4 characters\">0.00</span>\"
      +\"<span class=sf-dump-public title=\"Runtime added dynamic property\">selling_price</span>\": \"<span class=sf-dump-str title=\"8 characters\">14000.00</span>\"
      +\"<span class=sf-dump-public title=\"Runtime added dynamic property\">min_order_quantity</span>\": \"<span class=sf-dump-str title=\"4 characters\">1.00</span>\"
      +\"<span class=sf-dump-public title=\"Runtime added dynamic property\">is_product</span>\": <span class=sf-dump-num>1</span>
      +\"<span class=sf-dump-public title=\"Runtime added dynamic property\">is_active</span>\": <span class=sf-dump-num>1</span>
      +\"<span class=sf-dump-public title=\"Runtime added dynamic property\">created_at</span>\": \"<span class=sf-dump-str title=\"19 characters\">2026-08-16 14:21:52</span>\"
      +\"<span class=sf-dump-public title=\"Runtime added dynamic property\">updated_at</span>\": \"<span class=sf-dump-str title=\"19 characters\">2026-08-16 14:21:52</span>\"
      +\"<span class=sf-dump-public title=\"Runtime added dynamic property\">supplier_name</span>\": \"<span class=sf-dump-str title=\"7 characters\">General</span>\"
    </samp>}
    <span class=sf-dump-index>32</span> => {<a class=sf-dump-ref>#1635</a><samp data-depth=3 class=sf-dump-compact>
      +\"<span class=sf-dump-public title=\"Runtime added dynamic property\">id</span>\": <span class=sf-dump-num>33</span>
      +\"<span class=sf-dump-public title=\"Runtime added dynamic property\">name</span>\": \"<span class=sf-dump-str title=\"12 characters\">Asprin 300Mg</span>\"
      +\"<span class=sf-dump-public title=\"Runtime added dynamic property\">code</span>\": <span class=sf-dump-const>null</span>
      +\"<span class=sf-dump-public title=\"Runtime added dynamic property\">description</span>\": <span class=sf-dump-const>null</span>
      +\"<span class=sf-dump-public title=\"Runtime added dynamic property\">supplier_id</span>\": <span class=sf-dump-num>1</span>
      +\"<span class=sf-dump-public title=\"Runtime added dynamic property\">unit</span>\": \"<span class=sf-dump-str title=\"3 characters\">18s</span>\"
      +\"<span class=sf-dump-public title=\"Runtime added dynamic property\">pack_unit</span>\": <span class=sf-dump-const>null</span>
      +\"<span class=sf-dump-public title=\"Runtime added dynamic property\">units_per_pack</span>\": <span class=sf-dump-const>null</span>
      +\"<span class=sf-dump-public title=\"Runtime added dynamic property\">cost_price</span>\": \"<span class=sf-dump-str title=\"4 characters\">0.00</span>\"
      +\"<span class=sf-dump-public title=\"Runtime added dynamic property\">selling_price</span>\": \"<span class=sf-dump-str title=\"7 characters\">1000.00</span>\"
      +\"<span class=sf-dump-public title=\"Runtime added dynamic property\">min_order_quantity</span>\": \"<span class=sf-dump-str title=\"4 characters\">1.00</span>\"
      +\"<span class=sf-dump-public title=\"Runtime added dynamic property\">is_product</span>\": <span class=sf-dump-num>1</span>
      +\"<span class=sf-dump-public title=\"Runtime added dynamic property\">is_active</span>\": <span class=sf-dump-num>1</span>
      +\"<span class=sf-dump-public title=\"Runtime added dynamic property\">created_at</span>\": \"<span class=sf-dump-str title=\"19 characters\">2026-08-16 14:21:52</span>\"
      +\"<span class=sf-dump-public title=\"Runtime added dynamic property\">updated_at</span>\": \"<span class=sf-dump-str title=\"19 characters\">2026-08-16 14:21:52</span>\"
      +\"<span class=sf-dump-public title=\"Runtime added dynamic property\">supplier_name</span>\": \"<span class=sf-dump-str title=\"7 characters\">General</span>\"
    </samp>}
    <span class=sf-dump-index>33</span> => {<a class=sf-dump-ref>#1636</a><samp data-depth=3 class=sf-dump-compact>
      +\"<span class=sf-dump-public title=\"Runtime added dynamic property\">id</span>\": <span class=sf-dump-num>34</span>
      +\"<span class=sf-dump-public title=\"Runtime added dynamic property\">name</span>\": \"<span class=sf-dump-str title=\"16 characters\">Asprin Tabs 75Mg</span>\"
      +\"<span class=sf-dump-public title=\"Runtime added dynamic property\">code</span>\": <span class=sf-dump-const>null</span>
      +\"<span class=sf-dump-public title=\"Runtime added dynamic property\">description</span>\": <span class=sf-dump-const>null</span>
      +\"<span class=sf-dump-public title=\"Runtime added dynamic property\">supplier_id</span>\": <span class=sf-dump-num>1</span>
      +\"<span class=sf-dump-public title=\"Runtime added dynamic property\">unit</span>\": \"<span class=sf-dump-str title=\"3 characters\">30s</span>\"
      +\"<span class=sf-dump-public title=\"Runtime added dynamic property\">pack_unit</span>\": <span class=sf-dump-const>null</span>
      +\"<span class=sf-dump-public title=\"Runtime added dynamic property\">units_per_pack</span>\": <span class=sf-dump-const>null</span>
      +\"<span class=sf-dump-public title=\"Runtime added dynamic property\">cost_price</span>\": \"<span class=sf-dump-str title=\"4 characters\">0.00</span>\"
      +\"<span class=sf-dump-public title=\"Runtime added dynamic property\">selling_price</span>\": \"<span class=sf-dump-str title=\"7 characters\">1500.00</span>\"
      +\"<span class=sf-dump-public title=\"Runtime added dynamic property\">min_order_quantity</span>\": \"<span class=sf-dump-str title=\"4 characters\">1.00</span>\"
      +\"<span class=sf-dump-public title=\"Runtime added dynamic property\">is_product</span>\": <span class=sf-dump-num>1</span>
      +\"<span class=sf-dump-public title=\"Runtime added dynamic property\">is_active</span>\": <span class=sf-dump-num>1</span>
      +\"<span class=sf-dump-public title=\"Runtime added dynamic property\">created_at</span>\": \"<span class=sf-dump-str title=\"19 characters\">2026-08-16 14:21:52</span>\"
      +\"<span class=sf-dump-public title=\"Runtime added dynamic property\">updated_at</span>\": \"<span class=sf-dump-str title=\"19 characters\">2026-08-16 14:21:52</span>\"
      +\"<span class=sf-dump-public title=\"Runtime added dynamic property\">supplier_name</span>\": \"<span class=sf-dump-str title=\"7 characters\">General</span>\"
    </samp>}
    <span class=sf-dump-index>34</span> => {<a class=sf-dump-ref>#1637</a><samp data-depth=3 class=sf-dump-compact>
      +\"<span class=sf-dump-public title=\"Runtime added dynamic property\">id</span>\": <span class=sf-dump-num>35</span>
      +\"<span class=sf-dump-public title=\"Runtime added dynamic property\">name</span>\": \"<span class=sf-dump-str title=\"11 characters\">Atenolol 50</span>\"
      +\"<span class=sf-dump-public title=\"Runtime added dynamic property\">code</span>\": <span class=sf-dump-const>null</span>
      +\"<span class=sf-dump-public title=\"Runtime added dynamic property\">description</span>\": <span class=sf-dump-const>null</span>
      +\"<span class=sf-dump-public title=\"Runtime added dynamic property\">supplier_id</span>\": <span class=sf-dump-num>1</span>
      +\"<span class=sf-dump-public title=\"Runtime added dynamic property\">unit</span>\": \"<span class=sf-dump-str title=\"3 characters\">10s</span>\"
      +\"<span class=sf-dump-public title=\"Runtime added dynamic property\">pack_unit</span>\": <span class=sf-dump-const>null</span>
      +\"<span class=sf-dump-public title=\"Runtime added dynamic property\">units_per_pack</span>\": <span class=sf-dump-const>null</span>
      +\"<span class=sf-dump-public title=\"Runtime added dynamic property\">cost_price</span>\": \"<span class=sf-dump-str title=\"4 characters\">0.00</span>\"
      +\"<span class=sf-dump-public title=\"Runtime added dynamic property\">selling_price</span>\": \"<span class=sf-dump-str title=\"7 characters\">2000.00</span>\"
      +\"<span class=sf-dump-public title=\"Runtime added dynamic property\">min_order_quantity</span>\": \"<span class=sf-dump-str title=\"4 characters\">1.00</span>\"
      +\"<span class=sf-dump-public title=\"Runtime added dynamic property\">is_product</span>\": <span class=sf-dump-num>1</span>
      +\"<span class=sf-dump-public title=\"Runtime added dynamic property\">is_active</span>\": <span class=sf-dump-num>1</span>
      +\"<span class=sf-dump-public title=\"Runtime added dynamic property\">created_at</span>\": \"<span class=sf-dump-str title=\"19 characters\">2026-08-16 14:21:52</span>\"
      +\"<span class=sf-dump-public title=\"Runtime added dynamic property\">updated_at</span>\": \"<span class=sf-dump-str title=\"19 characters\">2026-08-16 14:21:52</span>\"
      +\"<span class=sf-dump-public title=\"Runtime added dynamic property\">supplier_name</span>\": \"<span class=sf-dump-str title=\"7 characters\">General</span>\"
    </samp>}
    <span class=sf-dump-index>35</span> => {<a class=sf-dump-ref>#1638</a><samp data-depth=3 class=sf-dump-compact>
      +\"<span class=sf-dump-public title=\"Runtime added dynamic property\">id</span>\": <span class=sf-dump-num>36</span>
      +\"<span class=sf-dump-public title=\"Runtime added dynamic property\">name</span>\": \"<span class=sf-dump-str title=\"23 characters\">Atesunate Inj (Gsunate)</span>\"
      +\"<span class=sf-dump-public title=\"Runtime added dynamic property\">code</span>\": <span class=sf-dump-const>null</span>
      +\"<span class=sf-dump-public title=\"Runtime added dynamic property\">description</span>\": <span class=sf-dump-const>null</span>
      +\"<span class=sf-dump-public title=\"Runtime added dynamic property\">supplier_id</span>\": <span class=sf-dump-num>1</span>
      +\"<span class=sf-dump-public title=\"Runtime added dynamic property\">unit</span>\": \"<span class=sf-dump-str title=\"4 characters\">Each</span>\"
      +\"<span class=sf-dump-public title=\"Runtime added dynamic property\">pack_unit</span>\": <span class=sf-dump-const>null</span>
      +\"<span class=sf-dump-public title=\"Runtime added dynamic property\">units_per_pack</span>\": <span class=sf-dump-const>null</span>
      +\"<span class=sf-dump-public title=\"Runtime added dynamic property\">cost_price</span>\": \"<span class=sf-dump-str title=\"4 characters\">0.00</span>\"
      +\"<span class=sf-dump-public title=\"Runtime added dynamic property\">selling_price</span>\": \"<span class=sf-dump-str title=\"7 characters\">2500.00</span>\"
      +\"<span class=sf-dump-public title=\"Runtime added dynamic property\">min_order_quantity</span>\": \"<span class=sf-dump-str title=\"4 characters\">1.00</span>\"
      +\"<span class=sf-dump-public title=\"Runtime added dynamic property\">is_product</span>\": <span class=sf-dump-num>1</span>
      +\"<span class=sf-dump-public title=\"Runtime added dynamic property\">is_active</span>\": <span class=sf-dump-num>1</span>
      +\"<span class=sf-dump-public title=\"Runtime added dynamic property\">created_at</span>\": \"<span class=sf-dump-str title=\"19 characters\">2026-08-16 14:21:52</span>\"
      +\"<span class=sf-dump-public title=\"Runtime added dynamic property\">updated_at</span>\": \"<span class=sf-dump-str title=\"19 characters\">2026-08-16 14:21:52</span>\"
      +\"<span class=sf-dump-public title=\"Runtime added dynamic property\">supplier_name</span>\": \"<span class=sf-dump-str title=\"7 characters\">General</span>\"
    </samp>}
    <span class=sf-dump-index>36</span> => {<a class=sf-dump-ref>#1639</a><samp data-depth=3 class=sf-dump-compact>
      +\"<span class=sf-dump-public title=\"Runtime added dynamic property\">id</span>\": <span class=sf-dump-num>37</span>
      +\"<span class=sf-dump-public title=\"Runtime added dynamic property\">name</span>\": \"<span class=sf-dump-str title=\"31 characters\">Atorvastatin 20Mg ( Avastatin )</span>\"
      +\"<span class=sf-dump-public title=\"Runtime added dynamic property\">code</span>\": <span class=sf-dump-const>null</span>
      +\"<span class=sf-dump-public title=\"Runtime added dynamic property\">description</span>\": <span class=sf-dump-const>null</span>
      +\"<span class=sf-dump-public title=\"Runtime added dynamic property\">supplier_id</span>\": <span class=sf-dump-num>1</span>
      +\"<span class=sf-dump-public title=\"Runtime added dynamic property\">unit</span>\": \"<span class=sf-dump-str title=\"3 characters\">28s</span>\"
      +\"<span class=sf-dump-public title=\"Runtime added dynamic property\">pack_unit</span>\": <span class=sf-dump-const>null</span>
      +\"<span class=sf-dump-public title=\"Runtime added dynamic property\">units_per_pack</span>\": <span class=sf-dump-const>null</span>
      +\"<span class=sf-dump-public title=\"Runtime added dynamic property\">cost_price</span>\": \"<span class=sf-dump-str title=\"4 characters\">0.00</span>\"
      +\"<span class=sf-dump-public title=\"Runtime added dynamic property\">selling_price</span>\": \"<span class=sf-dump-str title=\"7 characters\">9000.00</span>\"
      +\"<span class=sf-dump-public title=\"Runtime added dynamic property\">min_order_quantity</span>\": \"<span class=sf-dump-str title=\"4 characters\">1.00</span>\"
      +\"<span class=sf-dump-public title=\"Runtime added dynamic property\">is_product</span>\": <span class=sf-dump-num>1</span>
      +\"<span class=sf-dump-public title=\"Runtime added dynamic property\">is_active</span>\": <span class=sf-dump-num>1</span>
      +\"<span class=sf-dump-public title=\"Runtime added dynamic property\">created_at</span>\": \"<span class=sf-dump-str title=\"19 characters\">2026-08-16 14:21:52</span>\"
      +\"<span class=sf-dump-public title=\"Runtime added dynamic property\">updated_at</span>\": \"<span class=sf-dump-str title=\"19 characters\">2026-08-16 14:21:52</span>\"
      +\"<span class=sf-dump-public title=\"Runtime added dynamic property\">supplier_name</span>\": \"<span class=sf-dump-str title=\"7 characters\">General</span>\"
    </samp>}
    <span class=sf-dump-index>37</span> => {<a class=sf-dump-ref>#1640</a><samp data-depth=3 class=sf-dump-compact>
      +\"<span class=sf-dump-public title=\"Runtime added dynamic property\">id</span>\": <span class=sf-dump-num>38</span>
      +\"<span class=sf-dump-public title=\"Runtime added dynamic property\">name</span>\": \"<span class=sf-dump-str title=\"18 characters\">Azithromycin Syrup</span>\"
      +\"<span class=sf-dump-public title=\"Runtime added dynamic property\">code</span>\": <span class=sf-dump-const>null</span>
      +\"<span class=sf-dump-public title=\"Runtime added dynamic property\">description</span>\": <span class=sf-dump-const>null</span>
      +\"<span class=sf-dump-public title=\"Runtime added dynamic property\">supplier_id</span>\": <span class=sf-dump-num>1</span>
      +\"<span class=sf-dump-public title=\"Runtime added dynamic property\">unit</span>\": \"<span class=sf-dump-str title=\"4 characters\">Each</span>\"
      +\"<span class=sf-dump-public title=\"Runtime added dynamic property\">pack_unit</span>\": <span class=sf-dump-const>null</span>
      +\"<span class=sf-dump-public title=\"Runtime added dynamic property\">units_per_pack</span>\": <span class=sf-dump-const>null</span>
      +\"<span class=sf-dump-public title=\"Runtime added dynamic property\">cost_price</span>\": \"<span class=sf-dump-str title=\"4 characters\">0.00</span>\"
      +\"<span class=sf-dump-public title=\"Runtime added dynamic property\">selling_price</span>\": \"<span class=sf-dump-str title=\"7 characters\">6500.00</span>\"
      +\"<span class=sf-dump-public title=\"Runtime added dynamic property\">min_order_quantity</span>\": \"<span class=sf-dump-str title=\"4 characters\">1.00</span>\"
      +\"<span class=sf-dump-public title=\"Runtime added dynamic property\">is_product</span>\": <span class=sf-dump-num>1</span>
      +\"<span class=sf-dump-public title=\"Runtime added dynamic property\">is_active</span>\": <span class=sf-dump-num>1</span>
      +\"<span class=sf-dump-public title=\"Runtime added dynamic property\">created_at</span>\": \"<span class=sf-dump-str title=\"19 characters\">2026-08-16 14:21:52</span>\"
      +\"<span class=sf-dump-public title=\"Runtime added dynamic property\">updated_at</span>\": \"<span class=sf-dump-str title=\"19 characters\">2026-08-16 14:21:52</span>\"
      +\"<span class=sf-dump-public title=\"Runtime added dynamic property\">supplier_name</span>\": \"<span class=sf-dump-str title=\"7 characters\">General</span>\"
    </samp>}
    <span class=sf-dump-index>38</span> => {<a class=sf-dump-ref>#1641</a><samp data-depth=3 class=sf-dump-compact>
      +\"<span class=sf-dump-public title=\"Runtime added dynamic property\">id</span>\": <span class=sf-dump-num>39</span>
      +\"<span class=sf-dump-public title=\"Runtime added dynamic property\">name</span>\": \"<span class=sf-dump-str title=\"23 characters\">Azithromycin Tabs 500Mg</span>\"
      +\"<span class=sf-dump-public title=\"Runtime added dynamic property\">code</span>\": <span class=sf-dump-const>null</span>
      +\"<span class=sf-dump-public title=\"Runtime added dynamic property\">description</span>\": <span class=sf-dump-const>null</span>
      +\"<span class=sf-dump-public title=\"Runtime added dynamic property\">supplier_id</span>\": <span class=sf-dump-num>1</span>
      +\"<span class=sf-dump-public title=\"Runtime added dynamic property\">unit</span>\": \"<span class=sf-dump-str title=\"2 characters\">3s</span>\"
      +\"<span class=sf-dump-public title=\"Runtime added dynamic property\">pack_unit</span>\": <span class=sf-dump-const>null</span>
      +\"<span class=sf-dump-public title=\"Runtime added dynamic property\">units_per_pack</span>\": <span class=sf-dump-const>null</span>
      +\"<span class=sf-dump-public title=\"Runtime added dynamic property\">cost_price</span>\": \"<span class=sf-dump-str title=\"4 characters\">0.00</span>\"
      +\"<span class=sf-dump-public title=\"Runtime added dynamic property\">selling_price</span>\": \"<span class=sf-dump-str title=\"7 characters\">6000.00</span>\"
      +\"<span class=sf-dump-public title=\"Runtime added dynamic property\">min_order_quantity</span>\": \"<span class=sf-dump-str title=\"4 characters\">1.00</span>\"
      +\"<span class=sf-dump-public title=\"Runtime added dynamic property\">is_product</span>\": <span class=sf-dump-num>1</span>
      +\"<span class=sf-dump-public title=\"Runtime added dynamic property\">is_active</span>\": <span class=sf-dump-num>1</span>
      +\"<span class=sf-dump-public title=\"Runtime added dynamic property\">created_at</span>\": \"<span class=sf-dump-str title=\"19 characters\">2026-08-16 14:21:52</span>\"
      +\"<span class=sf-dump-public title=\"Runtime added dynamic property\">updated_at</span>\": \"<span class=sf-dump-str title=\"19 characters\">2026-08-16 14:21:52</span>\"
      +\"<span class=sf-dump-public title=\"Runtime added dynamic property\">supplier_name</span>\": \"<span class=sf-dump-str title=\"7 characters\">General</span>\"
    </samp>}
    <span class=sf-dump-index>39</span> => {<a class=sf-dump-ref>#1642</a><samp data-depth=3 class=sf-dump-compact>
      +\"<span class=sf-dump-public title=\"Runtime added dynamic property\">id</span>\": <span class=sf-dump-num>40</span>
      +\"<span class=sf-dump-public title=\"Runtime added dynamic property\">name</span>\": \"<span class=sf-dump-str title=\"16 characters\">Baby Gripe Water</span>\"
      +\"<span class=sf-dump-public title=\"Runtime added dynamic property\">code</span>\": <span class=sf-dump-const>null</span>
      +\"<span class=sf-dump-public title=\"Runtime added dynamic property\">description</span>\": <span class=sf-dump-const>null</span>
      +\"<span class=sf-dump-public title=\"Runtime added dynamic property\">supplier_id</span>\": <span class=sf-dump-num>1</span>
      +\"<span class=sf-dump-public title=\"Runtime added dynamic property\">unit</span>\": \"<span class=sf-dump-str title=\"4 characters\">Each</span>\"
      +\"<span class=sf-dump-public title=\"Runtime added dynamic property\">pack_unit</span>\": <span class=sf-dump-const>null</span>
      +\"<span class=sf-dump-public title=\"Runtime added dynamic property\">units_per_pack</span>\": <span class=sf-dump-const>null</span>
      +\"<span class=sf-dump-public title=\"Runtime added dynamic property\">cost_price</span>\": \"<span class=sf-dump-str title=\"4 characters\">0.00</span>\"
      +\"<span class=sf-dump-public title=\"Runtime added dynamic property\">selling_price</span>\": \"<span class=sf-dump-str title=\"7 characters\">5000.00</span>\"
      +\"<span class=sf-dump-public title=\"Runtime added dynamic property\">min_order_quantity</span>\": \"<span class=sf-dump-str title=\"4 characters\">1.00</span>\"
      +\"<span class=sf-dump-public title=\"Runtime added dynamic property\">is_product</span>\": <span class=sf-dump-num>1</span>
      +\"<span class=sf-dump-public title=\"Runtime added dynamic property\">is_active</span>\": <span class=sf-dump-num>1</span>
      +\"<span class=sf-dump-public title=\"Runtime added dynamic property\">created_at</span>\": \"<span class=sf-dump-str title=\"19 characters\">2026-08-16 14:21:52</span>\"
      +\"<span class=sf-dump-public title=\"Runtime added dynamic property\">updated_at</span>\": \"<span class=sf-dump-str title=\"19 characters\">2026-08-16 14:21:52</span>\"
      +\"<span class=sf-dump-public title=\"Runtime added dynamic property\">supplier_name</span>\": \"<span class=sf-dump-str title=\"7 characters\">General</span>\"
    </samp>}
    <span class=sf-dump-index>40</span> => {<a class=sf-dump-ref>#1643</a><samp data-depth=3 class=sf-dump-compact>
      +\"<span class=sf-dump-public title=\"Runtime added dynamic property\">id</span>\": <span class=sf-dump-num>41</span>
      +\"<span class=sf-dump-public title=\"Runtime added dynamic property\">name</span>\": \"<span class=sf-dump-str title=\"15 characters\">Bactoclav 625Mg</span>\"
      +\"<span class=sf-dump-public title=\"Runtime added dynamic property\">code</span>\": <span class=sf-dump-const>null</span>
      +\"<span class=sf-dump-public title=\"Runtime added dynamic property\">description</span>\": <span class=sf-dump-const>null</span>
      +\"<span class=sf-dump-public title=\"Runtime added dynamic property\">supplier_id</span>\": <span class=sf-dump-num>1</span>
      +\"<span class=sf-dump-public title=\"Runtime added dynamic property\">unit</span>\": \"<span class=sf-dump-str title=\"3 characters\">10s</span>\"
      +\"<span class=sf-dump-public title=\"Runtime added dynamic property\">pack_unit</span>\": <span class=sf-dump-const>null</span>
      +\"<span class=sf-dump-public title=\"Runtime added dynamic property\">units_per_pack</span>\": <span class=sf-dump-const>null</span>
      +\"<span class=sf-dump-public title=\"Runtime added dynamic property\">cost_price</span>\": \"<span class=sf-dump-str title=\"4 characters\">0.00</span>\"
      +\"<span class=sf-dump-public title=\"Runtime added dynamic property\">selling_price</span>\": \"<span class=sf-dump-str title=\"8 characters\">15000.00</span>\"
      +\"<span class=sf-dump-public title=\"Runtime added dynamic property\">min_order_quantity</span>\": \"<span class=sf-dump-str title=\"4 characters\">1.00</span>\"
      +\"<span class=sf-dump-public title=\"Runtime added dynamic property\">is_product</span>\": <span class=sf-dump-num>1</span>
      +\"<span class=sf-dump-public title=\"Runtime added dynamic property\">is_active</span>\": <span class=sf-dump-num>1</span>
      +\"<span class=sf-dump-public title=\"Runtime added dynamic property\">created_at</span>\": \"<span class=sf-dump-str title=\"19 characters\">2026-08-16 14:21:52</span>\"
      +\"<span class=sf-dump-public title=\"Runtime added dynamic property\">updated_at</span>\": \"<span class=sf-dump-str title=\"19 characters\">2026-08-16 14:21:52</span>\"
      +\"<span class=sf-dump-public title=\"Runtime added dynamic property\">supplier_name</span>\": \"<span class=sf-dump-str title=\"7 characters\">General</span>\"
    </samp>}
    <span class=sf-dump-index>41</span> => {<a class=sf-dump-ref>#1644</a><samp data-depth=3 class=sf-dump-compact>
      +\"<span class=sf-dump-public title=\"Runtime added dynamic property\">id</span>\": <span class=sf-dump-num>42</span>
      +\"<span class=sf-dump-public title=\"Runtime added dynamic property\">name</span>\": \"<span class=sf-dump-str title=\"15 characters\">Bactoclav Syrup</span>\"
      +\"<span class=sf-dump-public title=\"Runtime added dynamic property\">code</span>\": <span class=sf-dump-const>null</span>
      +\"<span class=sf-dump-public title=\"Runtime added dynamic property\">description</span>\": <span class=sf-dump-const>null</span>
      +\"<span class=sf-dump-public title=\"Runtime added dynamic property\">supplier_id</span>\": <span class=sf-dump-num>1</span>
      +\"<span class=sf-dump-public title=\"Runtime added dynamic property\">unit</span>\": \"<span class=sf-dump-str title=\"6 characters\">100mls</span>\"
      +\"<span class=sf-dump-public title=\"Runtime added dynamic property\">pack_unit</span>\": <span class=sf-dump-const>null</span>
      +\"<span class=sf-dump-public title=\"Runtime added dynamic property\">units_per_pack</span>\": <span class=sf-dump-const>null</span>
      +\"<span class=sf-dump-public title=\"Runtime added dynamic property\">cost_price</span>\": \"<span class=sf-dump-str title=\"4 characters\">0.00</span>\"
      +\"<span class=sf-dump-public title=\"Runtime added dynamic property\">selling_price</span>\": \"<span class=sf-dump-str title=\"8 characters\">20000.00</span>\"
      +\"<span class=sf-dump-public title=\"Runtime added dynamic property\">min_order_quantity</span>\": \"<span class=sf-dump-str title=\"4 characters\">1.00</span>\"
      +\"<span class=sf-dump-public title=\"Runtime added dynamic property\">is_product</span>\": <span class=sf-dump-num>1</span>
      +\"<span class=sf-dump-public title=\"Runtime added dynamic property\">is_active</span>\": <span class=sf-dump-num>1</span>
      +\"<span class=sf-dump-public title=\"Runtime added dynamic property\">created_at</span>\": \"<span class=sf-dump-str title=\"19 characters\">2026-08-16 14:21:52</span>\"
      +\"<span class=sf-dump-public title=\"Runtime added dynamic property\">updated_at</span>\": \"<span class=sf-dump-str title=\"19 characters\">2026-08-16 14:21:52</span>\"
      +\"<span class=sf-dump-public title=\"Runtime added dynamic property\">supplier_name</span>\": \"<span class=sf-dump-str title=\"7 characters\">General</span>\"
    </samp>}
    <span class=sf-dump-index>42</span> => {<a class=sf-dump-ref>#1645</a><samp data-depth=3 class=sf-dump-compact>
      +\"<span class=sf-dump-public title=\"Runtime added dynamic property\">id</span>\": <span class=sf-dump-num>43</span>
      +\"<span class=sf-dump-public title=\"Runtime added dynamic property\">name</span>\": \"<span class=sf-dump-str title=\"14 characters\">Bb Paint 100Ml</span>\"
      +\"<span class=sf-dump-public title=\"Runtime added dynamic property\">code</span>\": <span class=sf-dump-const>null</span>
      +\"<span class=sf-dump-public title=\"Runtime added dynamic property\">description</span>\": <span class=sf-dump-const>null</span>
      +\"<span class=sf-dump-public title=\"Runtime added dynamic property\">supplier_id</span>\": <span class=sf-dump-num>1</span>
      +\"<span class=sf-dump-public title=\"Runtime added dynamic property\">unit</span>\": \"<span class=sf-dump-str title=\"4 characters\">Each</span>\"
      +\"<span class=sf-dump-public title=\"Runtime added dynamic property\">pack_unit</span>\": <span class=sf-dump-const>null</span>
      +\"<span class=sf-dump-public title=\"Runtime added dynamic property\">units_per_pack</span>\": <span class=sf-dump-const>null</span>
      +\"<span class=sf-dump-public title=\"Runtime added dynamic property\">cost_price</span>\": \"<span class=sf-dump-str title=\"4 characters\">0.00</span>\"
      +\"<span class=sf-dump-public title=\"Runtime added dynamic property\">selling_price</span>\": \"<span class=sf-dump-str title=\"7 characters\">6000.00</span>\"
      +\"<span class=sf-dump-public title=\"Runtime added dynamic property\">min_order_quantity</span>\": \"<span class=sf-dump-str title=\"4 characters\">1.00</span>\"
      +\"<span class=sf-dump-public title=\"Runtime added dynamic property\">is_product</span>\": <span class=sf-dump-num>1</span>
      +\"<span class=sf-dump-public title=\"Runtime added dynamic property\">is_active</span>\": <span class=sf-dump-num>1</span>
      +\"<span class=sf-dump-public title=\"Runtime added dynamic property\">created_at</span>\": \"<span class=sf-dump-str title=\"19 characters\">2026-08-16 14:21:52</span>\"
      +\"<span class=sf-dump-public title=\"Runtime added dynamic property\">updated_at</span>\": \"<span class=sf-dump-str title=\"19 characters\">2026-08-16 14:21:52</span>\"
      +\"<span class=sf-dump-public title=\"Runtime added dynamic property\">supplier_name</span>\": \"<span class=sf-dump-str title=\"7 characters\">General</span>\"
    </samp>}
    <span class=sf-dump-index>43</span> => {<a class=sf-dump-ref>#1646</a><samp data-depth=3 class=sf-dump-compact>
      +\"<span class=sf-dump-public title=\"Runtime added dynamic property\">id</span>\": <span class=sf-dump-num>44</span>
      +\"<span class=sf-dump-public title=\"Runtime added dynamic property\">name</span>\": \"<span class=sf-dump-str title=\"12 characters\">Beclem Cream</span>\"
      +\"<span class=sf-dump-public title=\"Runtime added dynamic property\">code</span>\": <span class=sf-dump-const>null</span>
      +\"<span class=sf-dump-public title=\"Runtime added dynamic property\">description</span>\": <span class=sf-dump-const>null</span>
      +\"<span class=sf-dump-public title=\"Runtime added dynamic property\">supplier_id</span>\": <span class=sf-dump-num>1</span>
      +\"<span class=sf-dump-public title=\"Runtime added dynamic property\">unit</span>\": \"<span class=sf-dump-str title=\"4 characters\">Each</span>\"
      +\"<span class=sf-dump-public title=\"Runtime added dynamic property\">pack_unit</span>\": <span class=sf-dump-const>null</span>
      +\"<span class=sf-dump-public title=\"Runtime added dynamic property\">units_per_pack</span>\": <span class=sf-dump-const>null</span>
      +\"<span class=sf-dump-public title=\"Runtime added dynamic property\">cost_price</span>\": \"<span class=sf-dump-str title=\"4 characters\">0.00</span>\"
      +\"<span class=sf-dump-public title=\"Runtime added dynamic property\">selling_price</span>\": \"<span class=sf-dump-str title=\"7 characters\">3000.00</span>\"
      +\"<span class=sf-dump-public title=\"Runtime added dynamic property\">min_order_quantity</span>\": \"<span class=sf-dump-str title=\"4 characters\">1.00</span>\"
      +\"<span class=sf-dump-public title=\"Runtime added dynamic property\">is_product</span>\": <span class=sf-dump-num>1</span>
      +\"<span class=sf-dump-public title=\"Runtime added dynamic property\">is_active</span>\": <span class=sf-dump-num>1</span>
      +\"<span class=sf-dump-public title=\"Runtime added dynamic property\">created_at</span>\": \"<span class=sf-dump-str title=\"19 characters\">2026-08-16 14:21:52</span>\"
      +\"<span class=sf-dump-public title=\"Runtime added dynamic property\">updated_at</span>\": \"<span class=sf-dump-str title=\"19 characters\">2026-08-16 14:21:52</span>\"
      +\"<span class=sf-dump-public title=\"Runtime added dynamic property\">supplier_name</span>\": \"<span class=sf-dump-str title=\"7 characters\">General</span>\"
    </samp>}
    <span class=sf-dump-index>44</span> => {<a class=sf-dump-ref>#1647</a><samp data-depth=3 class=sf-dump-compact>
      +\"<span class=sf-dump-public title=\"Runtime added dynamic property\">id</span>\": <span class=sf-dump-num>45</span>
      +\"<span class=sf-dump-public title=\"Runtime added dynamic property\">name</span>\": \"<span class=sf-dump-str title=\"18 characters\">Beclomin Cream 15G</span>\"
      +\"<span class=sf-dump-public title=\"Runtime added dynamic property\">code</span>\": <span class=sf-dump-const>null</span>
      +\"<span class=sf-dump-public title=\"Runtime added dynamic property\">description</span>\": <span class=sf-dump-const>null</span>
      +\"<span class=sf-dump-public title=\"Runtime added dynamic property\">supplier_id</span>\": <span class=sf-dump-num>1</span>
      +\"<span class=sf-dump-public title=\"Runtime added dynamic property\">unit</span>\": \"<span class=sf-dump-str title=\"4 characters\">Each</span>\"
      +\"<span class=sf-dump-public title=\"Runtime added dynamic property\">pack_unit</span>\": <span class=sf-dump-const>null</span>
      +\"<span class=sf-dump-public title=\"Runtime added dynamic property\">units_per_pack</span>\": <span class=sf-dump-const>null</span>
      +\"<span class=sf-dump-public title=\"Runtime added dynamic property\">cost_price</span>\": \"<span class=sf-dump-str title=\"4 characters\">0.00</span>\"
      +\"<span class=sf-dump-public title=\"Runtime added dynamic property\">selling_price</span>\": \"<span class=sf-dump-str title=\"7 characters\">3000.00</span>\"
      +\"<span class=sf-dump-public title=\"Runtime added dynamic property\">min_order_quantity</span>\": \"<span class=sf-dump-str title=\"4 characters\">1.00</span>\"
      +\"<span class=sf-dump-public title=\"Runtime added dynamic property\">is_product</span>\": <span class=sf-dump-num>1</span>
      +\"<span class=sf-dump-public title=\"Runtime added dynamic property\">is_active</span>\": <span class=sf-dump-num>1</span>
      +\"<span class=sf-dump-public title=\"Runtime added dynamic property\">created_at</span>\": \"<span class=sf-dump-str title=\"19 characters\">2026-08-16 14:21:52</span>\"
      +\"<span class=sf-dump-public title=\"Runtime added dynamic property\">updated_at</span>\": \"<span class=sf-dump-str title=\"19 characters\">2026-08-16 14:21:52</span>\"
      +\"<span class=sf-dump-public title=\"Runtime added dynamic property\">supplier_name</span>\": \"<span class=sf-dump-str title=\"7 characters\">General</span>\"
    </samp>}
    <span class=sf-dump-index>45</span> => {<a class=sf-dump-ref>#1648</a><samp data-depth=3 class=sf-dump-compact>
      +\"<span class=sf-dump-public title=\"Runtime added dynamic property\">id</span>\": <span class=sf-dump-num>46</span>
      +\"<span class=sf-dump-public title=\"Runtime added dynamic property\">name</span>\": \"<span class=sf-dump-str title=\"18 characters\">Beclomin Cream 30G</span>\"
      +\"<span class=sf-dump-public title=\"Runtime added dynamic property\">code</span>\": <span class=sf-dump-const>null</span>
      +\"<span class=sf-dump-public title=\"Runtime added dynamic property\">description</span>\": <span class=sf-dump-const>null</span>
      +\"<span class=sf-dump-public title=\"Runtime added dynamic property\">supplier_id</span>\": <span class=sf-dump-num>1</span>
      +\"<span class=sf-dump-public title=\"Runtime added dynamic property\">unit</span>\": \"<span class=sf-dump-str title=\"4 characters\">Each</span>\"
      +\"<span class=sf-dump-public title=\"Runtime added dynamic property\">pack_unit</span>\": <span class=sf-dump-const>null</span>
      +\"<span class=sf-dump-public title=\"Runtime added dynamic property\">units_per_pack</span>\": <span class=sf-dump-const>null</span>
      +\"<span class=sf-dump-public title=\"Runtime added dynamic property\">cost_price</span>\": \"<span class=sf-dump-str title=\"4 characters\">0.00</span>\"
      +\"<span class=sf-dump-public title=\"Runtime added dynamic property\">selling_price</span>\": \"<span class=sf-dump-str title=\"7 characters\">5000.00</span>\"
      +\"<span class=sf-dump-public title=\"Runtime added dynamic property\">min_order_quantity</span>\": \"<span class=sf-dump-str title=\"4 characters\">1.00</span>\"
      +\"<span class=sf-dump-public title=\"Runtime added dynamic property\">is_product</span>\": <span class=sf-dump-num>1</span>
      +\"<span class=sf-dump-public title=\"Runtime added dynamic property\">is_active</span>\": <span class=sf-dump-num>1</span>
      +\"<span class=sf-dump-public title=\"Runtime added dynamic property\">created_at</span>\": \"<span class=sf-dump-str title=\"19 characters\">2026-08-16 14:21:52</span>\"
      +\"<span class=sf-dump-public title=\"Runtime added dynamic property\">updated_at</span>\": \"<span class=sf-dump-str title=\"19 characters\">2026-08-16 14:21:52</span>\"
      +\"<span class=sf-dump-public title=\"Runtime added dynamic property\">supplier_name</span>\": \"<span class=sf-dump-str title=\"7 characters\">General</span>\"
    </samp>}
    <span class=sf-dump-index>46</span> => {<a class=sf-dump-ref>#1649</a><samp data-depth=3 class=sf-dump-compact>
      +\"<span class=sf-dump-public title=\"Runtime added dynamic property\">id</span>\": <span class=sf-dump-num>47</span>
      +\"<span class=sf-dump-public title=\"Runtime added dynamic property\">name</span>\": \"<span class=sf-dump-str title=\"20 characters\">Beclomin Lotion 30Ml</span>\"
      +\"<span class=sf-dump-public title=\"Runtime added dynamic property\">code</span>\": <span class=sf-dump-const>null</span>
      +\"<span class=sf-dump-public title=\"Runtime added dynamic property\">description</span>\": <span class=sf-dump-const>null</span>
      +\"<span class=sf-dump-public title=\"Runtime added dynamic property\">supplier_id</span>\": <span class=sf-dump-num>1</span>
      +\"<span class=sf-dump-public title=\"Runtime added dynamic property\">unit</span>\": \"<span class=sf-dump-str title=\"4 characters\">Each</span>\"
      +\"<span class=sf-dump-public title=\"Runtime added dynamic property\">pack_unit</span>\": <span class=sf-dump-const>null</span>
      +\"<span class=sf-dump-public title=\"Runtime added dynamic property\">units_per_pack</span>\": <span class=sf-dump-const>null</span>
      +\"<span class=sf-dump-public title=\"Runtime added dynamic property\">cost_price</span>\": \"<span class=sf-dump-str title=\"4 characters\">0.00</span>\"
      +\"<span class=sf-dump-public title=\"Runtime added dynamic property\">selling_price</span>\": \"<span class=sf-dump-str title=\"7 characters\">5000.00</span>\"
      +\"<span class=sf-dump-public title=\"Runtime added dynamic property\">min_order_quantity</span>\": \"<span class=sf-dump-str title=\"4 characters\">1.00</span>\"
      +\"<span class=sf-dump-public title=\"Runtime added dynamic property\">is_product</span>\": <span class=sf-dump-num>1</span>
      +\"<span class=sf-dump-public title=\"Runtime added dynamic property\">is_active</span>\": <span class=sf-dump-num>1</span>
      +\"<span class=sf-dump-public title=\"Runtime added dynamic property\">created_at</span>\": \"<span class=sf-dump-str title=\"19 characters\">2026-08-16 14:21:52</span>\"
      +\"<span class=sf-dump-public title=\"Runtime added dynamic property\">updated_at</span>\": \"<span class=sf-dump-str title=\"19 characters\">2026-08-16 14:21:52</span>\"
      +\"<span class=sf-dump-public title=\"Runtime added dynamic property\">supplier_name</span>\": \"<span class=sf-dump-str title=\"7 characters\">General</span>\"
    </samp>}
    <span class=sf-dump-index>47</span> => {<a class=sf-dump-ref>#1650</a><samp data-depth=3 class=sf-dump-compact>
      +\"<span class=sf-dump-public title=\"Runtime added dynamic property\">id</span>\": <span class=sf-dump-num>48</span>
      +\"<span class=sf-dump-public title=\"Runtime added dynamic property\">name</span>\": \"<span class=sf-dump-str title=\"26 characters\">Benylin  Wet Cough (Adult)</span>\"
      +\"<span class=sf-dump-public title=\"Runtime added dynamic property\">code</span>\": <span class=sf-dump-const>null</span>
      +\"<span class=sf-dump-public title=\"Runtime added dynamic property\">description</span>\": <span class=sf-dump-const>null</span>
      +\"<span class=sf-dump-public title=\"Runtime added dynamic property\">supplier_id</span>\": <span class=sf-dump-num>1</span>
      +\"<span class=sf-dump-public title=\"Runtime added dynamic property\">unit</span>\": \"<span class=sf-dump-str title=\"4 characters\">Each</span>\"
      +\"<span class=sf-dump-public title=\"Runtime added dynamic property\">pack_unit</span>\": <span class=sf-dump-const>null</span>
      +\"<span class=sf-dump-public title=\"Runtime added dynamic property\">units_per_pack</span>\": <span class=sf-dump-const>null</span>
      +\"<span class=sf-dump-public title=\"Runtime added dynamic property\">cost_price</span>\": \"<span class=sf-dump-str title=\"4 characters\">0.00</span>\"
      +\"<span class=sf-dump-public title=\"Runtime added dynamic property\">selling_price</span>\": \"<span class=sf-dump-str title=\"8 characters\">32000.00</span>\"
      +\"<span class=sf-dump-public title=\"Runtime added dynamic property\">min_order_quantity</span>\": \"<span class=sf-dump-str title=\"4 characters\">1.00</span>\"
      +\"<span class=sf-dump-public title=\"Runtime added dynamic property\">is_product</span>\": <span class=sf-dump-num>1</span>
      +\"<span class=sf-dump-public title=\"Runtime added dynamic property\">is_active</span>\": <span class=sf-dump-num>1</span>
      +\"<span class=sf-dump-public title=\"Runtime added dynamic property\">created_at</span>\": \"<span class=sf-dump-str title=\"19 characters\">2026-08-16 14:21:52</span>\"
      +\"<span class=sf-dump-public title=\"Runtime added dynamic property\">updated_at</span>\": \"<span class=sf-dump-str title=\"19 characters\">2026-08-16 14:21:52</span>\"
      +\"<span class=sf-dump-public title=\"Runtime added dynamic property\">supplier_name</span>\": \"<span class=sf-dump-str title=\"7 characters\">General</span>\"
    </samp>}
    <span class=sf-dump-index>48</span> => {<a class=sf-dump-ref>#1651</a><samp data-depth=3 class=sf-dump-compact>
      +\"<span class=sf-dump-public title=\"Runtime added dynamic property\">id</span>\": <span class=sf-dump-num>49</span>
      +\"<span class=sf-dump-public title=\"Runtime added dynamic property\">name</span>\": \"<span class=sf-dump-str title=\"11 characters\">Benylin Dry</span>\"
      +\"<span class=sf-dump-public title=\"Runtime added dynamic property\">code</span>\": <span class=sf-dump-const>null</span>
      +\"<span class=sf-dump-public title=\"Runtime added dynamic property\">description</span>\": <span class=sf-dump-const>null</span>
      +\"<span class=sf-dump-public title=\"Runtime added dynamic property\">supplier_id</span>\": <span class=sf-dump-num>1</span>
      +\"<span class=sf-dump-public title=\"Runtime added dynamic property\">unit</span>\": \"<span class=sf-dump-str title=\"4 characters\">Each</span>\"
      +\"<span class=sf-dump-public title=\"Runtime added dynamic property\">pack_unit</span>\": <span class=sf-dump-const>null</span>
      +\"<span class=sf-dump-public title=\"Runtime added dynamic property\">units_per_pack</span>\": <span class=sf-dump-const>null</span>
      +\"<span class=sf-dump-public title=\"Runtime added dynamic property\">cost_price</span>\": \"<span class=sf-dump-str title=\"4 characters\">0.00</span>\"
      +\"<span class=sf-dump-public title=\"Runtime added dynamic property\">selling_price</span>\": \"<span class=sf-dump-str title=\"8 characters\">32000.00</span>\"
      +\"<span class=sf-dump-public title=\"Runtime added dynamic property\">min_order_quantity</span>\": \"<span class=sf-dump-str title=\"4 characters\">1.00</span>\"
      +\"<span class=sf-dump-public title=\"Runtime added dynamic property\">is_product</span>\": <span class=sf-dump-num>1</span>
      +\"<span class=sf-dump-public title=\"Runtime added dynamic property\">is_active</span>\": <span class=sf-dump-num>1</span>
      +\"<span class=sf-dump-public title=\"Runtime added dynamic property\">created_at</span>\": \"<span class=sf-dump-str title=\"19 characters\">2026-08-16 14:21:52</span>\"
      +\"<span class=sf-dump-public title=\"Runtime added dynamic property\">updated_at</span>\": \"<span class=sf-dump-str title=\"19 characters\">2026-08-16 14:21:52</span>\"
      +\"<span class=sf-dump-public title=\"Runtime added dynamic property\">supplier_name</span>\": \"<span class=sf-dump-str title=\"7 characters\">General</span>\"
    </samp>}
    <span class=sf-dump-index>49</span> => {<a class=sf-dump-ref>#1652</a><samp data-depth=3 class=sf-dump-compact>
      +\"<span class=sf-dump-public title=\"Runtime added dynamic property\">id</span>\": <span class=sf-dump-num>50</span>
      +\"<span class=sf-dump-public title=\"Runtime added dynamic property\">name</span>\": \"<span class=sf-dump-str title=\"16 characters\">Benylin Original</span>\"
      +\"<span class=sf-dump-public title=\"Runtime added dynamic property\">code</span>\": <span class=sf-dump-const>null</span>
      +\"<span class=sf-dump-public title=\"Runtime added dynamic property\">description</span>\": <span class=sf-dump-const>null</span>
      +\"<span class=sf-dump-public title=\"Runtime added dynamic property\">supplier_id</span>\": <span class=sf-dump-num>1</span>
      +\"<span class=sf-dump-public title=\"Runtime added dynamic property\">unit</span>\": \"<span class=sf-dump-str title=\"4 characters\">Each</span>\"
      +\"<span class=sf-dump-public title=\"Runtime added dynamic property\">pack_unit</span>\": <span class=sf-dump-const>null</span>
      +\"<span class=sf-dump-public title=\"Runtime added dynamic property\">units_per_pack</span>\": <span class=sf-dump-const>null</span>
      +\"<span class=sf-dump-public title=\"Runtime added dynamic property\">cost_price</span>\": \"<span class=sf-dump-str title=\"4 characters\">0.00</span>\"
      +\"<span class=sf-dump-public title=\"Runtime added dynamic property\">selling_price</span>\": \"<span class=sf-dump-str title=\"8 characters\">32000.00</span>\"
      +\"<span class=sf-dump-public title=\"Runtime added dynamic property\">min_order_quantity</span>\": \"<span class=sf-dump-str title=\"4 characters\">1.00</span>\"
      +\"<span class=sf-dump-public title=\"Runtime added dynamic property\">is_product</span>\": <span class=sf-dump-num>1</span>
      +\"<span class=sf-dump-public title=\"Runtime added dynamic property\">is_active</span>\": <span class=sf-dump-num>1</span>
      +\"<span class=sf-dump-public title=\"Runtime added dynamic property\">created_at</span>\": \"<span class=sf-dump-str title=\"19 characters\">2026-08-16 14:21:52</span>\"
      +\"<span class=sf-dump-public title=\"Runtime added dynamic property\">updated_at</span>\": \"<span class=sf-dump-str title=\"19 characters\">2026-08-16 14:21:52</span>\"
      +\"<span class=sf-dump-public title=\"Runtime added dynamic property\">supplier_name</span>\": \"<span class=sf-dump-str title=\"7 characters\">General</span>\"
    </samp>}
    <span class=sf-dump-index>50</span> => {<a class=sf-dump-ref>#1653</a><samp data-depth=3 class=sf-dump-compact>
      +\"<span class=sf-dump-public title=\"Runtime added dynamic property\">id</span>\": <span class=sf-dump-num>51</span>
      +\"<span class=sf-dump-public title=\"Runtime added dynamic property\">name</span>\": \"<span class=sf-dump-str title=\"13 characters\">Benylin Peads</span>\"
      +\"<span class=sf-dump-public title=\"Runtime added dynamic property\">code</span>\": <span class=sf-dump-const>null</span>
      +\"<span class=sf-dump-public title=\"Runtime added dynamic property\">description</span>\": <span class=sf-dump-const>null</span>
      +\"<span class=sf-dump-public title=\"Runtime added dynamic property\">supplier_id</span>\": <span class=sf-dump-num>1</span>
      +\"<span class=sf-dump-public title=\"Runtime added dynamic property\">unit</span>\": \"<span class=sf-dump-str title=\"4 characters\">Each</span>\"
      +\"<span class=sf-dump-public title=\"Runtime added dynamic property\">pack_unit</span>\": <span class=sf-dump-const>null</span>
      +\"<span class=sf-dump-public title=\"Runtime added dynamic property\">units_per_pack</span>\": <span class=sf-dump-const>null</span>
      +\"<span class=sf-dump-public title=\"Runtime added dynamic property\">cost_price</span>\": \"<span class=sf-dump-str title=\"4 characters\">0.00</span>\"
      +\"<span class=sf-dump-public title=\"Runtime added dynamic property\">selling_price</span>\": \"<span class=sf-dump-str title=\"8 characters\">23000.00</span>\"
      +\"<span class=sf-dump-public title=\"Runtime added dynamic property\">min_order_quantity</span>\": \"<span class=sf-dump-str title=\"4 characters\">1.00</span>\"
      +\"<span class=sf-dump-public title=\"Runtime added dynamic property\">is_product</span>\": <span class=sf-dump-num>1</span>
      +\"<span class=sf-dump-public title=\"Runtime added dynamic property\">is_active</span>\": <span class=sf-dump-num>1</span>
      +\"<span class=sf-dump-public title=\"Runtime added dynamic property\">created_at</span>\": \"<span class=sf-dump-str title=\"19 characters\">2026-08-16 14:21:52</span>\"
      +\"<span class=sf-dump-public title=\"Runtime added dynamic property\">updated_at</span>\": \"<span class=sf-dump-str title=\"19 characters\">2026-08-16 14:21:52</span>\"
      +\"<span class=sf-dump-public title=\"Runtime added dynamic property\">supplier_name</span>\": \"<span class=sf-dump-str title=\"7 characters\">General</span>\"
    </samp>}
    <span class=sf-dump-index>51</span> => {<a class=sf-dump-ref>#1654</a><samp data-depth=3 class=sf-dump-compact>
      +\"<span class=sf-dump-public title=\"Runtime added dynamic property\">id</span>\": <span class=sf-dump-num>52</span>
      +\"<span class=sf-dump-public title=\"Runtime added dynamic property\">name</span>\": \"<span class=sf-dump-str title=\"16 characters\">Benylin4flue Big</span>\"
      +\"<span class=sf-dump-public title=\"Runtime added dynamic property\">code</span>\": <span class=sf-dump-const>null</span>
      +\"<span class=sf-dump-public title=\"Runtime added dynamic property\">description</span>\": <span class=sf-dump-const>null</span>
      +\"<span class=sf-dump-public title=\"Runtime added dynamic property\">supplier_id</span>\": <span class=sf-dump-num>1</span>
      +\"<span class=sf-dump-public title=\"Runtime added dynamic property\">unit</span>\": \"<span class=sf-dump-str title=\"4 characters\">Each</span>\"
      +\"<span class=sf-dump-public title=\"Runtime added dynamic property\">pack_unit</span>\": <span class=sf-dump-const>null</span>
      +\"<span class=sf-dump-public title=\"Runtime added dynamic property\">units_per_pack</span>\": <span class=sf-dump-const>null</span>
      +\"<span class=sf-dump-public title=\"Runtime added dynamic property\">cost_price</span>\": \"<span class=sf-dump-str title=\"4 characters\">0.00</span>\"
      +\"<span class=sf-dump-public title=\"Runtime added dynamic property\">selling_price</span>\": \"<span class=sf-dump-str title=\"8 characters\">45000.00</span>\"
      +\"<span class=sf-dump-public title=\"Runtime added dynamic property\">min_order_quantity</span>\": \"<span class=sf-dump-str title=\"4 characters\">1.00</span>\"
      +\"<span class=sf-dump-public title=\"Runtime added dynamic property\">is_product</span>\": <span class=sf-dump-num>1</span>
      +\"<span class=sf-dump-public title=\"Runtime added dynamic property\">is_active</span>\": <span class=sf-dump-num>1</span>
      +\"<span class=sf-dump-public title=\"Runtime added dynamic property\">created_at</span>\": \"<span class=sf-dump-str title=\"19 characters\">2026-08-16 14:21:52</span>\"
      +\"<span class=sf-dump-public title=\"Runtime added dynamic property\">updated_at</span>\": \"<span class=sf-dump-str title=\"19 characters\">2026-08-16 14:21:52</span>\"
      +\"<span class=sf-dump-public title=\"Runtime added dynamic property\">supplier_name</span>\": \"<span class=sf-dump-str title=\"7 characters\">General</span>\"
    </samp>}
    <span class=sf-dump-index>52</span> => {<a class=sf-dump-ref>#1655</a><samp data-depth=3 class=sf-dump-compact>
      +\"<span class=sf-dump-public title=\"Runtime added dynamic property\">id</span>\": <span class=sf-dump-num>53</span>
      +\"<span class=sf-dump-public title=\"Runtime added dynamic property\">name</span>\": \"<span class=sf-dump-str title=\"18 characters\">Benylin4flue Small</span>\"
      +\"<span class=sf-dump-public title=\"Runtime added dynamic property\">code</span>\": <span class=sf-dump-const>null</span>
      +\"<span class=sf-dump-public title=\"Runtime added dynamic property\">description</span>\": <span class=sf-dump-const>null</span>
      +\"<span class=sf-dump-public title=\"Runtime added dynamic property\">supplier_id</span>\": <span class=sf-dump-num>1</span>
      +\"<span class=sf-dump-public title=\"Runtime added dynamic property\">unit</span>\": \"<span class=sf-dump-str title=\"4 characters\">Each</span>\"
      +\"<span class=sf-dump-public title=\"Runtime added dynamic property\">pack_unit</span>\": <span class=sf-dump-const>null</span>
      +\"<span class=sf-dump-public title=\"Runtime added dynamic property\">units_per_pack</span>\": <span class=sf-dump-const>null</span>
      +\"<span class=sf-dump-public title=\"Runtime added dynamic property\">cost_price</span>\": \"<span class=sf-dump-str title=\"4 characters\">0.00</span>\"
      +\"<span class=sf-dump-public title=\"Runtime added dynamic property\">selling_price</span>\": \"<span class=sf-dump-str title=\"8 characters\">25000.00</span>\"
      +\"<span class=sf-dump-public title=\"Runtime added dynamic property\">min_order_quantity</span>\": \"<span class=sf-dump-str title=\"4 characters\">1.00</span>\"
      +\"<span class=sf-dump-public title=\"Runtime added dynamic property\">is_product</span>\": <span class=sf-dump-num>1</span>
      +\"<span class=sf-dump-public title=\"Runtime added dynamic property\">is_active</span>\": <span class=sf-dump-num>1</span>
      +\"<span class=sf-dump-public title=\"Runtime added dynamic property\">created_at</span>\": \"<span class=sf-dump-str title=\"19 characters\">2026-08-16 14:21:52</span>\"
      +\"<span class=sf-dump-public title=\"Runtime added dynamic property\">updated_at</span>\": \"<span class=sf-dump-str title=\"19 characters\">2026-08-16 14:21:52</span>\"
      +\"<span class=sf-dump-public title=\"Runtime added dynamic property\">supplier_name</span>\": \"<span class=sf-dump-str title=\"7 characters\">General</span>\"
    </samp>}
    <span class=sf-dump-index>53</span> => {<a class=sf-dump-ref>#1656</a><samp data-depth=3 class=sf-dump-compact>
      +\"<span class=sf-dump-public title=\"Runtime added dynamic property\">id</span>\": <span class=sf-dump-num>54</span>
      +\"<span class=sf-dump-public title=\"Runtime added dynamic property\">name</span>\": \"<span class=sf-dump-str title=\"13 characters\">Betacor Cream</span>\"
      +\"<span class=sf-dump-public title=\"Runtime added dynamic property\">code</span>\": <span class=sf-dump-const>null</span>
      +\"<span class=sf-dump-public title=\"Runtime added dynamic property\">description</span>\": <span class=sf-dump-const>null</span>
      +\"<span class=sf-dump-public title=\"Runtime added dynamic property\">supplier_id</span>\": <span class=sf-dump-num>1</span>
      +\"<span class=sf-dump-public title=\"Runtime added dynamic property\">unit</span>\": \"<span class=sf-dump-str title=\"4 characters\">Each</span>\"
      +\"<span class=sf-dump-public title=\"Runtime added dynamic property\">pack_unit</span>\": <span class=sf-dump-const>null</span>
      +\"<span class=sf-dump-public title=\"Runtime added dynamic property\">units_per_pack</span>\": <span class=sf-dump-const>null</span>
      +\"<span class=sf-dump-public title=\"Runtime added dynamic property\">cost_price</span>\": \"<span class=sf-dump-str title=\"4 characters\">0.00</span>\"
      +\"<span class=sf-dump-public title=\"Runtime added dynamic property\">selling_price</span>\": \"<span class=sf-dump-str title=\"7 characters\">5000.00</span>\"
      +\"<span class=sf-dump-public title=\"Runtime added dynamic property\">min_order_quantity</span>\": \"<span class=sf-dump-str title=\"4 characters\">1.00</span>\"
      +\"<span class=sf-dump-public title=\"Runtime added dynamic property\">is_product</span>\": <span class=sf-dump-num>1</span>
      +\"<span class=sf-dump-public title=\"Runtime added dynamic property\">is_active</span>\": <span class=sf-dump-num>1</span>
      +\"<span class=sf-dump-public title=\"Runtime added dynamic property\">created_at</span>\": \"<span class=sf-dump-str title=\"19 characters\">2026-08-16 14:21:52</span>\"
      +\"<span class=sf-dump-public title=\"Runtime added dynamic property\">updated_at</span>\": \"<span class=sf-dump-str title=\"19 characters\">2026-08-16 14:21:52</span>\"
      +\"<span class=sf-dump-public title=\"Runtime added dynamic property\">supplier_name</span>\": \"<span class=sf-dump-str title=\"7 characters\">General</span>\"
    </samp>}
    <span class=sf-dump-index>54</span> => {<a class=sf-dump-ref>#1657</a><samp data-depth=3 class=sf-dump-compact>
      +\"<span class=sf-dump-public title=\"Runtime added dynamic property\">id</span>\": <span class=sf-dump-num>55</span>
      +\"<span class=sf-dump-public title=\"Runtime added dynamic property\">name</span>\": \"<span class=sf-dump-str title=\"15 characters\">Betacor S Cream</span>\"
      +\"<span class=sf-dump-public title=\"Runtime added dynamic property\">code</span>\": <span class=sf-dump-const>null</span>
      +\"<span class=sf-dump-public title=\"Runtime added dynamic property\">description</span>\": <span class=sf-dump-const>null</span>
      +\"<span class=sf-dump-public title=\"Runtime added dynamic property\">supplier_id</span>\": <span class=sf-dump-num>1</span>
      +\"<span class=sf-dump-public title=\"Runtime added dynamic property\">unit</span>\": \"<span class=sf-dump-str title=\"4 characters\">Each</span>\"
      +\"<span class=sf-dump-public title=\"Runtime added dynamic property\">pack_unit</span>\": <span class=sf-dump-const>null</span>
      +\"<span class=sf-dump-public title=\"Runtime added dynamic property\">units_per_pack</span>\": <span class=sf-dump-const>null</span>
      +\"<span class=sf-dump-public title=\"Runtime added dynamic property\">cost_price</span>\": \"<span class=sf-dump-str title=\"4 characters\">0.00</span>\"
      +\"<span class=sf-dump-public title=\"Runtime added dynamic property\">selling_price</span>\": \"<span class=sf-dump-str title=\"7 characters\">5000.00</span>\"
      +\"<span class=sf-dump-public title=\"Runtime added dynamic property\">min_order_quantity</span>\": \"<span class=sf-dump-str title=\"4 characters\">1.00</span>\"
      +\"<span class=sf-dump-public title=\"Runtime added dynamic property\">is_product</span>\": <span class=sf-dump-num>1</span>
      +\"<span class=sf-dump-public title=\"Runtime added dynamic property\">is_active</span>\": <span class=sf-dump-num>1</span>
      +\"<span class=sf-dump-public title=\"Runtime added dynamic property\">created_at</span>\": \"<span class=sf-dump-str title=\"19 characters\">2026-08-16 14:21:52</span>\"
      +\"<span class=sf-dump-public title=\"Runtime added dynamic property\">updated_at</span>\": \"<span class=sf-dump-str title=\"19 characters\">2026-08-16 14:21:52</span>\"
      +\"<span class=sf-dump-public title=\"Runtime added dynamic property\">supplier_name</span>\": \"<span class=sf-dump-str title=\"7 characters\">General</span>\"
    </samp>}
    <span class=sf-dump-index>55</span> => {<a class=sf-dump-ref>#1658</a><samp data-depth=3 class=sf-dump-compact>
      +\"<span class=sf-dump-public title=\"Runtime added dynamic property\">id</span>\": <span class=sf-dump-num>56</span>
      +\"<span class=sf-dump-public title=\"Runtime added dynamic property\">name</span>\": \"<span class=sf-dump-str title=\"29 characters\">Betaleb Cream (Betamethasone)</span>\"
      +\"<span class=sf-dump-public title=\"Runtime added dynamic property\">code</span>\": <span class=sf-dump-const>null</span>
      +\"<span class=sf-dump-public title=\"Runtime added dynamic property\">description</span>\": <span class=sf-dump-const>null</span>
      +\"<span class=sf-dump-public title=\"Runtime added dynamic property\">supplier_id</span>\": <span class=sf-dump-num>1</span>
      +\"<span class=sf-dump-public title=\"Runtime added dynamic property\">unit</span>\": \"<span class=sf-dump-str title=\"4 characters\">Each</span>\"
      +\"<span class=sf-dump-public title=\"Runtime added dynamic property\">pack_unit</span>\": <span class=sf-dump-const>null</span>
      +\"<span class=sf-dump-public title=\"Runtime added dynamic property\">units_per_pack</span>\": <span class=sf-dump-const>null</span>
      +\"<span class=sf-dump-public title=\"Runtime added dynamic property\">cost_price</span>\": \"<span class=sf-dump-str title=\"4 characters\">0.00</span>\"
      +\"<span class=sf-dump-public title=\"Runtime added dynamic property\">selling_price</span>\": \"<span class=sf-dump-str title=\"7 characters\">4000.00</span>\"
      +\"<span class=sf-dump-public title=\"Runtime added dynamic property\">min_order_quantity</span>\": \"<span class=sf-dump-str title=\"4 characters\">1.00</span>\"
      +\"<span class=sf-dump-public title=\"Runtime added dynamic property\">is_product</span>\": <span class=sf-dump-num>1</span>
      +\"<span class=sf-dump-public title=\"Runtime added dynamic property\">is_active</span>\": <span class=sf-dump-num>1</span>
      +\"<span class=sf-dump-public title=\"Runtime added dynamic property\">created_at</span>\": \"<span class=sf-dump-str title=\"19 characters\">2026-08-16 14:21:52</span>\"
      +\"<span class=sf-dump-public title=\"Runtime added dynamic property\">updated_at</span>\": \"<span class=sf-dump-str title=\"19 characters\">2026-08-16 14:21:52</span>\"
      +\"<span class=sf-dump-public title=\"Runtime added dynamic property\">supplier_name</span>\": \"<span class=sf-dump-str title=\"7 characters\">General</span>\"
    </samp>}
    <span class=sf-dump-index>56</span> => {<a class=sf-dump-ref>#1659</a><samp data-depth=3 class=sf-dump-compact>
      +\"<span class=sf-dump-public title=\"Runtime added dynamic property\">id</span>\": <span class=sf-dump-num>57</span>
      +\"<span class=sf-dump-public title=\"Runtime added dynamic property\">name</span>\": \"<span class=sf-dump-str title=\"18 characters\">Betamethsone Cream</span>\"
      +\"<span class=sf-dump-public title=\"Runtime added dynamic property\">code</span>\": <span class=sf-dump-const>null</span>
      +\"<span class=sf-dump-public title=\"Runtime added dynamic property\">description</span>\": <span class=sf-dump-const>null</span>
      +\"<span class=sf-dump-public title=\"Runtime added dynamic property\">supplier_id</span>\": <span class=sf-dump-num>1</span>
      +\"<span class=sf-dump-public title=\"Runtime added dynamic property\">unit</span>\": \"<span class=sf-dump-str title=\"4 characters\">Each</span>\"
      +\"<span class=sf-dump-public title=\"Runtime added dynamic property\">pack_unit</span>\": <span class=sf-dump-const>null</span>
      +\"<span class=sf-dump-public title=\"Runtime added dynamic property\">units_per_pack</span>\": <span class=sf-dump-const>null</span>
      +\"<span class=sf-dump-public title=\"Runtime added dynamic property\">cost_price</span>\": \"<span class=sf-dump-str title=\"4 characters\">0.00</span>\"
      +\"<span class=sf-dump-public title=\"Runtime added dynamic property\">selling_price</span>\": \"<span class=sf-dump-str title=\"7 characters\">7000.00</span>\"
      +\"<span class=sf-dump-public title=\"Runtime added dynamic property\">min_order_quantity</span>\": \"<span class=sf-dump-str title=\"4 characters\">1.00</span>\"
      +\"<span class=sf-dump-public title=\"Runtime added dynamic property\">is_product</span>\": <span class=sf-dump-num>1</span>
      +\"<span class=sf-dump-public title=\"Runtime added dynamic property\">is_active</span>\": <span class=sf-dump-num>1</span>
      +\"<span class=sf-dump-public title=\"Runtime added dynamic property\">created_at</span>\": \"<span class=sf-dump-str title=\"19 characters\">2026-08-16 14:21:52</span>\"
      +\"<span class=sf-dump-public title=\"Runtime added dynamic property\">updated_at</span>\": \"<span class=sf-dump-str title=\"19 characters\">2026-08-16 14:21:52</span>\"
      +\"<span class=sf-dump-public title=\"Runtime added dynamic property\">supplier_name</span>\": \"<span class=sf-dump-str title=\"7 characters\">General</span>\"
    </samp>}
    <span class=sf-dump-index>57</span> => {<a class=sf-dump-ref>#1660</a><samp data-depth=3 class=sf-dump-compact>
      +\"<span class=sf-dump-public title=\"Runtime added dynamic property\">id</span>\": <span class=sf-dump-num>58</span>
      +\"<span class=sf-dump-public title=\"Runtime added dynamic property\">name</span>\": \"<span class=sf-dump-str title=\"17 characters\">Betasol Cream 15G</span>\"
      +\"<span class=sf-dump-public title=\"Runtime added dynamic property\">code</span>\": <span class=sf-dump-const>null</span>
      +\"<span class=sf-dump-public title=\"Runtime added dynamic property\">description</span>\": <span class=sf-dump-const>null</span>
      +\"<span class=sf-dump-public title=\"Runtime added dynamic property\">supplier_id</span>\": <span class=sf-dump-num>1</span>
      +\"<span class=sf-dump-public title=\"Runtime added dynamic property\">unit</span>\": \"<span class=sf-dump-str title=\"4 characters\">Each</span>\"
      +\"<span class=sf-dump-public title=\"Runtime added dynamic property\">pack_unit</span>\": <span class=sf-dump-const>null</span>
      +\"<span class=sf-dump-public title=\"Runtime added dynamic property\">units_per_pack</span>\": <span class=sf-dump-const>null</span>
      +\"<span class=sf-dump-public title=\"Runtime added dynamic property\">cost_price</span>\": \"<span class=sf-dump-str title=\"4 characters\">0.00</span>\"
      +\"<span class=sf-dump-public title=\"Runtime added dynamic property\">selling_price</span>\": \"<span class=sf-dump-str title=\"7 characters\">3000.00</span>\"
      +\"<span class=sf-dump-public title=\"Runtime added dynamic property\">min_order_quantity</span>\": \"<span class=sf-dump-str title=\"4 characters\">1.00</span>\"
      +\"<span class=sf-dump-public title=\"Runtime added dynamic property\">is_product</span>\": <span class=sf-dump-num>1</span>
      +\"<span class=sf-dump-public title=\"Runtime added dynamic property\">is_active</span>\": <span class=sf-dump-num>1</span>
      +\"<span class=sf-dump-public title=\"Runtime added dynamic property\">created_at</span>\": \"<span class=sf-dump-str title=\"19 characters\">2026-08-16 14:21:52</span>\"
      +\"<span class=sf-dump-public title=\"Runtime added dynamic property\">updated_at</span>\": \"<span class=sf-dump-str title=\"19 characters\">2026-08-16 14:21:52</span>\"
      +\"<span class=sf-dump-public title=\"Runtime added dynamic property\">supplier_name</span>\": \"<span class=sf-dump-str title=\"7 characters\">General</span>\"
    </samp>}
    <span class=sf-dump-index>58</span> => {<a class=sf-dump-ref>#1661</a><samp data-depth=3 class=sf-dump-compact>
      +\"<span class=sf-dump-public title=\"Runtime added dynamic property\">id</span>\": <span class=sf-dump-num>59</span>
      +\"<span class=sf-dump-public title=\"Runtime added dynamic property\">name</span>\": \"<span class=sf-dump-str title=\"11 characters\">Bg Glutamin</span>\"
      +\"<span class=sf-dump-public title=\"Runtime added dynamic property\">code</span>\": <span class=sf-dump-const>null</span>
      +\"<span class=sf-dump-public title=\"Runtime added dynamic property\">description</span>\": <span class=sf-dump-const>null</span>
      +\"<span class=sf-dump-public title=\"Runtime added dynamic property\">supplier_id</span>\": <span class=sf-dump-num>1</span>
      +\"<span class=sf-dump-public title=\"Runtime added dynamic property\">unit</span>\": \"<span class=sf-dump-str title=\"3 characters\">30s</span>\"
      +\"<span class=sf-dump-public title=\"Runtime added dynamic property\">pack_unit</span>\": <span class=sf-dump-const>null</span>
      +\"<span class=sf-dump-public title=\"Runtime added dynamic property\">units_per_pack</span>\": <span class=sf-dump-const>null</span>
      +\"<span class=sf-dump-public title=\"Runtime added dynamic property\">cost_price</span>\": \"<span class=sf-dump-str title=\"4 characters\">0.00</span>\"
      +\"<span class=sf-dump-public title=\"Runtime added dynamic property\">selling_price</span>\": \"<span class=sf-dump-str title=\"8 characters\">12000.00</span>\"
      +\"<span class=sf-dump-public title=\"Runtime added dynamic property\">min_order_quantity</span>\": \"<span class=sf-dump-str title=\"4 characters\">1.00</span>\"
      +\"<span class=sf-dump-public title=\"Runtime added dynamic property\">is_product</span>\": <span class=sf-dump-num>1</span>
      +\"<span class=sf-dump-public title=\"Runtime added dynamic property\">is_active</span>\": <span class=sf-dump-num>1</span>
      +\"<span class=sf-dump-public title=\"Runtime added dynamic property\">created_at</span>\": \"<span class=sf-dump-str title=\"19 characters\">2026-08-16 14:21:52</span>\"
      +\"<span class=sf-dump-public title=\"Runtime added dynamic property\">updated_at</span>\": \"<span class=sf-dump-str title=\"19 characters\">2026-08-16 14:21:52</span>\"
      +\"<span class=sf-dump-public title=\"Runtime added dynamic property\">supplier_name</span>\": \"<span class=sf-dump-str title=\"7 characters\">General</span>\"
    </samp>}
    <span class=sf-dump-index>59</span> => {<a class=sf-dump-ref>#1662</a><samp data-depth=3 class=sf-dump-compact>
      +\"<span class=sf-dump-public title=\"Runtime added dynamic property\">id</span>\": <span class=sf-dump-num>60</span>
      +\"<span class=sf-dump-public title=\"Runtime added dynamic property\">name</span>\": \"<span class=sf-dump-str title=\"12 characters\">Bg Sol Cream</span>\"
      +\"<span class=sf-dump-public title=\"Runtime added dynamic property\">code</span>\": <span class=sf-dump-const>null</span>
      +\"<span class=sf-dump-public title=\"Runtime added dynamic property\">description</span>\": <span class=sf-dump-const>null</span>
      +\"<span class=sf-dump-public title=\"Runtime added dynamic property\">supplier_id</span>\": <span class=sf-dump-num>1</span>
      +\"<span class=sf-dump-public title=\"Runtime added dynamic property\">unit</span>\": \"<span class=sf-dump-str title=\"4 characters\">Each</span>\"
      +\"<span class=sf-dump-public title=\"Runtime added dynamic property\">pack_unit</span>\": <span class=sf-dump-const>null</span>
      +\"<span class=sf-dump-public title=\"Runtime added dynamic property\">units_per_pack</span>\": <span class=sf-dump-const>null</span>
      +\"<span class=sf-dump-public title=\"Runtime added dynamic property\">cost_price</span>\": \"<span class=sf-dump-str title=\"4 characters\">0.00</span>\"
      +\"<span class=sf-dump-public title=\"Runtime added dynamic property\">selling_price</span>\": \"<span class=sf-dump-str title=\"7 characters\">6000.00</span>\"
      +\"<span class=sf-dump-public title=\"Runtime added dynamic property\">min_order_quantity</span>\": \"<span class=sf-dump-str title=\"4 characters\">1.00</span>\"
      +\"<span class=sf-dump-public title=\"Runtime added dynamic property\">is_product</span>\": <span class=sf-dump-num>1</span>
      +\"<span class=sf-dump-public title=\"Runtime added dynamic property\">is_active</span>\": <span class=sf-dump-num>1</span>
      +\"<span class=sf-dump-public title=\"Runtime added dynamic property\">created_at</span>\": \"<span class=sf-dump-str title=\"19 characters\">2026-08-16 14:21:52</span>\"
      +\"<span class=sf-dump-public title=\"Runtime added dynamic property\">updated_at</span>\": \"<span class=sf-dump-str title=\"19 characters\">2026-08-16 14:21:52</span>\"
      +\"<span class=sf-dump-public title=\"Runtime added dynamic property\">supplier_name</span>\": \"<span class=sf-dump-str title=\"7 characters\">General</span>\"
    </samp>}
    <span class=sf-dump-index>60</span> => {<a class=sf-dump-ref>#1663</a><samp data-depth=3 class=sf-dump-compact>
      +\"<span class=sf-dump-public title=\"Runtime added dynamic property\">id</span>\": <span class=sf-dump-num>61</span>
      +\"<span class=sf-dump-public title=\"Runtime added dynamic property\">name</span>\": \"<span class=sf-dump-str title=\"22 characters\">Bio Oil Skin Care 25Ml</span>\"
      +\"<span class=sf-dump-public title=\"Runtime added dynamic property\">code</span>\": <span class=sf-dump-const>null</span>
      +\"<span class=sf-dump-public title=\"Runtime added dynamic property\">description</span>\": <span class=sf-dump-const>null</span>
      +\"<span class=sf-dump-public title=\"Runtime added dynamic property\">supplier_id</span>\": <span class=sf-dump-num>1</span>
      +\"<span class=sf-dump-public title=\"Runtime added dynamic property\">unit</span>\": \"<span class=sf-dump-str title=\"4 characters\">Each</span>\"
      +\"<span class=sf-dump-public title=\"Runtime added dynamic property\">pack_unit</span>\": <span class=sf-dump-const>null</span>
      +\"<span class=sf-dump-public title=\"Runtime added dynamic property\">units_per_pack</span>\": <span class=sf-dump-const>null</span>
      +\"<span class=sf-dump-public title=\"Runtime added dynamic property\">cost_price</span>\": \"<span class=sf-dump-str title=\"4 characters\">0.00</span>\"
      +\"<span class=sf-dump-public title=\"Runtime added dynamic property\">selling_price</span>\": \"<span class=sf-dump-str title=\"8 characters\">10000.00</span>\"
      +\"<span class=sf-dump-public title=\"Runtime added dynamic property\">min_order_quantity</span>\": \"<span class=sf-dump-str title=\"4 characters\">1.00</span>\"
      +\"<span class=sf-dump-public title=\"Runtime added dynamic property\">is_product</span>\": <span class=sf-dump-num>1</span>
      +\"<span class=sf-dump-public title=\"Runtime added dynamic property\">is_active</span>\": <span class=sf-dump-num>1</span>
      +\"<span class=sf-dump-public title=\"Runtime added dynamic property\">created_at</span>\": \"<span class=sf-dump-str title=\"19 characters\">2026-08-16 14:21:52</span>\"
      +\"<span class=sf-dump-public title=\"Runtime added dynamic property\">updated_at</span>\": \"<span class=sf-dump-str title=\"19 characters\">2026-08-16 14:21:52</span>\"
      +\"<span class=sf-dump-public title=\"Runtime added dynamic property\">supplier_name</span>\": \"<span class=sf-dump-str title=\"7 characters\">General</span>\"
    </samp>}
    <span class=sf-dump-index>61</span> => {<a class=sf-dump-ref>#1664</a><samp data-depth=3 class=sf-dump-compact>
      +\"<span class=sf-dump-public title=\"Runtime added dynamic property\">id</span>\": <span class=sf-dump-num>62</span>
      +\"<span class=sf-dump-public title=\"Runtime added dynamic property\">name</span>\": \"<span class=sf-dump-str title=\"18 characters\">Bisacodly 5Mg Tabs</span>\"
      +\"<span class=sf-dump-public title=\"Runtime added dynamic property\">code</span>\": <span class=sf-dump-const>null</span>
      +\"<span class=sf-dump-public title=\"Runtime added dynamic property\">description</span>\": <span class=sf-dump-const>null</span>
      +\"<span class=sf-dump-public title=\"Runtime added dynamic property\">supplier_id</span>\": <span class=sf-dump-num>1</span>
      +\"<span class=sf-dump-public title=\"Runtime added dynamic property\">unit</span>\": \"<span class=sf-dump-str title=\"3 characters\">10s</span>\"
      +\"<span class=sf-dump-public title=\"Runtime added dynamic property\">pack_unit</span>\": <span class=sf-dump-const>null</span>
      +\"<span class=sf-dump-public title=\"Runtime added dynamic property\">units_per_pack</span>\": <span class=sf-dump-const>null</span>
      +\"<span class=sf-dump-public title=\"Runtime added dynamic property\">cost_price</span>\": \"<span class=sf-dump-str title=\"4 characters\">0.00</span>\"
      +\"<span class=sf-dump-public title=\"Runtime added dynamic property\">selling_price</span>\": \"<span class=sf-dump-str title=\"7 characters\">2000.00</span>\"
      +\"<span class=sf-dump-public title=\"Runtime added dynamic property\">min_order_quantity</span>\": \"<span class=sf-dump-str title=\"4 characters\">1.00</span>\"
      +\"<span class=sf-dump-public title=\"Runtime added dynamic property\">is_product</span>\": <span class=sf-dump-num>1</span>
      +\"<span class=sf-dump-public title=\"Runtime added dynamic property\">is_active</span>\": <span class=sf-dump-num>1</span>
      +\"<span class=sf-dump-public title=\"Runtime added dynamic property\">created_at</span>\": \"<span class=sf-dump-str title=\"19 characters\">2026-08-16 14:21:52</span>\"
      +\"<span class=sf-dump-public title=\"Runtime added dynamic property\">updated_at</span>\": \"<span class=sf-dump-str title=\"19 characters\">2026-08-16 14:21:52</span>\"
      +\"<span class=sf-dump-public title=\"Runtime added dynamic property\">supplier_name</span>\": \"<span class=sf-dump-str title=\"7 characters\">General</span>\"
    </samp>}
    <span class=sf-dump-index>62</span> => {<a class=sf-dump-ref>#1665</a><samp data-depth=3 class=sf-dump-compact>
      +\"<span class=sf-dump-public title=\"Runtime added dynamic property\">id</span>\": <span class=sf-dump-num>63</span>
      +\"<span class=sf-dump-public title=\"Runtime added dynamic property\">name</span>\": \"<span class=sf-dump-str title=\"12 characters\">Blood Lancet</span>\"
      +\"<span class=sf-dump-public title=\"Runtime added dynamic property\">code</span>\": <span class=sf-dump-const>null</span>
      +\"<span class=sf-dump-public title=\"Runtime added dynamic property\">description</span>\": <span class=sf-dump-const>null</span>
      +\"<span class=sf-dump-public title=\"Runtime added dynamic property\">supplier_id</span>\": <span class=sf-dump-num>1</span>
      +\"<span class=sf-dump-public title=\"Runtime added dynamic property\">unit</span>\": \"<span class=sf-dump-str title=\"4 characters\">100s</span>\"
      +\"<span class=sf-dump-public title=\"Runtime added dynamic property\">pack_unit</span>\": <span class=sf-dump-const>null</span>
      +\"<span class=sf-dump-public title=\"Runtime added dynamic property\">units_per_pack</span>\": <span class=sf-dump-const>null</span>
      +\"<span class=sf-dump-public title=\"Runtime added dynamic property\">cost_price</span>\": \"<span class=sf-dump-str title=\"4 characters\">0.00</span>\"
      +\"<span class=sf-dump-public title=\"Runtime added dynamic property\">selling_price</span>\": \"<span class=sf-dump-str title=\"8 characters\">10000.00</span>\"
      +\"<span class=sf-dump-public title=\"Runtime added dynamic property\">min_order_quantity</span>\": \"<span class=sf-dump-str title=\"4 characters\">1.00</span>\"
      +\"<span class=sf-dump-public title=\"Runtime added dynamic property\">is_product</span>\": <span class=sf-dump-num>1</span>
      +\"<span class=sf-dump-public title=\"Runtime added dynamic property\">is_active</span>\": <span class=sf-dump-num>1</span>
      +\"<span class=sf-dump-public title=\"Runtime added dynamic property\">created_at</span>\": \"<span class=sf-dump-str title=\"19 characters\">2026-08-16 14:21:52</span>\"
      +\"<span class=sf-dump-public title=\"Runtime added dynamic property\">updated_at</span>\": \"<span class=sf-dump-str title=\"19 characters\">2026-08-16 14:21:52</span>\"
      +\"<span class=sf-dump-public title=\"Runtime added dynamic property\">supplier_name</span>\": \"<span class=sf-dump-str title=\"7 characters\">General</span>\"
    </samp>}
    <span class=sf-dump-index>63</span> => {<a class=sf-dump-ref>#1666</a><samp data-depth=3 class=sf-dump-compact>
      +\"<span class=sf-dump-public title=\"Runtime added dynamic property\">id</span>\": <span class=sf-dump-num>64</span>
      +\"<span class=sf-dump-public title=\"Runtime added dynamic property\">name</span>\": \"<span class=sf-dump-str title=\"18 characters\">Bp Machine Digital</span>\"
      +\"<span class=sf-dump-public title=\"Runtime added dynamic property\">code</span>\": <span class=sf-dump-const>null</span>
      +\"<span class=sf-dump-public title=\"Runtime added dynamic property\">description</span>\": <span class=sf-dump-const>null</span>
      +\"<span class=sf-dump-public title=\"Runtime added dynamic property\">supplier_id</span>\": <span class=sf-dump-num>1</span>
      +\"<span class=sf-dump-public title=\"Runtime added dynamic property\">unit</span>\": \"<span class=sf-dump-str title=\"4 characters\">Each</span>\"
      +\"<span class=sf-dump-public title=\"Runtime added dynamic property\">pack_unit</span>\": <span class=sf-dump-const>null</span>
      +\"<span class=sf-dump-public title=\"Runtime added dynamic property\">units_per_pack</span>\": <span class=sf-dump-const>null</span>
      +\"<span class=sf-dump-public title=\"Runtime added dynamic property\">cost_price</span>\": \"<span class=sf-dump-str title=\"4 characters\">0.00</span>\"
      +\"<span class=sf-dump-public title=\"Runtime added dynamic property\">selling_price</span>\": \"<span class=sf-dump-str title=\"9 characters\">220000.00</span>\"
      +\"<span class=sf-dump-public title=\"Runtime added dynamic property\">min_order_quantity</span>\": \"<span class=sf-dump-str title=\"4 characters\">1.00</span>\"
      +\"<span class=sf-dump-public title=\"Runtime added dynamic property\">is_product</span>\": <span class=sf-dump-num>1</span>
      +\"<span class=sf-dump-public title=\"Runtime added dynamic property\">is_active</span>\": <span class=sf-dump-num>1</span>
      +\"<span class=sf-dump-public title=\"Runtime added dynamic property\">created_at</span>\": \"<span class=sf-dump-str title=\"19 characters\">2026-08-16 14:21:52</span>\"
      +\"<span class=sf-dump-public title=\"Runtime added dynamic property\">updated_at</span>\": \"<span class=sf-dump-str title=\"19 characters\">2026-08-16 14:21:52</span>\"
      +\"<span class=sf-dump-public title=\"Runtime added dynamic property\">supplier_name</span>\": \"<span class=sf-dump-str title=\"7 characters\">General</span>\"
    </samp>}
    <span class=sf-dump-index>64</span> => {<a class=sf-dump-ref>#1667</a><samp data-depth=3 class=sf-dump-compact>
      +\"<span class=sf-dump-public title=\"Runtime added dynamic property\">id</span>\": <span class=sf-dump-num>65</span>
      +\"<span class=sf-dump-public title=\"Runtime added dynamic property\">name</span>\": \"<span class=sf-dump-str title=\"30 characters\">Bp Machine Digital (Arm Style)</span>\"
      +\"<span class=sf-dump-public title=\"Runtime added dynamic property\">code</span>\": <span class=sf-dump-const>null</span>
      +\"<span class=sf-dump-public title=\"Runtime added dynamic property\">description</span>\": <span class=sf-dump-const>null</span>
      +\"<span class=sf-dump-public title=\"Runtime added dynamic property\">supplier_id</span>\": <span class=sf-dump-num>1</span>
      +\"<span class=sf-dump-public title=\"Runtime added dynamic property\">unit</span>\": \"<span class=sf-dump-str title=\"4 characters\">Each</span>\"
      +\"<span class=sf-dump-public title=\"Runtime added dynamic property\">pack_unit</span>\": <span class=sf-dump-const>null</span>
      +\"<span class=sf-dump-public title=\"Runtime added dynamic property\">units_per_pack</span>\": <span class=sf-dump-const>null</span>
      +\"<span class=sf-dump-public title=\"Runtime added dynamic property\">cost_price</span>\": \"<span class=sf-dump-str title=\"4 characters\">0.00</span>\"
      +\"<span class=sf-dump-public title=\"Runtime added dynamic property\">selling_price</span>\": \"<span class=sf-dump-str title=\"9 characters\">120000.00</span>\"
      +\"<span class=sf-dump-public title=\"Runtime added dynamic property\">min_order_quantity</span>\": \"<span class=sf-dump-str title=\"4 characters\">1.00</span>\"
      +\"<span class=sf-dump-public title=\"Runtime added dynamic property\">is_product</span>\": <span class=sf-dump-num>1</span>
      +\"<span class=sf-dump-public title=\"Runtime added dynamic property\">is_active</span>\": <span class=sf-dump-num>1</span>
      +\"<span class=sf-dump-public title=\"Runtime added dynamic property\">created_at</span>\": \"<span class=sf-dump-str title=\"19 characters\">2026-08-16 14:21:52</span>\"
      +\"<span class=sf-dump-public title=\"Runtime added dynamic property\">updated_at</span>\": \"<span class=sf-dump-str title=\"19 characters\">2026-08-16 14:21:52</span>\"
      +\"<span class=sf-dump-public title=\"Runtime added dynamic property\">supplier_name</span>\": \"<span class=sf-dump-str title=\"7 characters\">General</span>\"
    </samp>}
    <span class=sf-dump-index>65</span> => {<a class=sf-dump-ref>#1668</a><samp data-depth=3 class=sf-dump-compact>
      +\"<span class=sf-dump-public title=\"Runtime added dynamic property\">id</span>\": <span class=sf-dump-num>66</span>
      +\"<span class=sf-dump-public title=\"Runtime added dynamic property\">name</span>\": \"<span class=sf-dump-str title=\"19 characters\">Broxol Junior Syrup</span>\"
      +\"<span class=sf-dump-public title=\"Runtime added dynamic property\">code</span>\": <span class=sf-dump-const>null</span>
      +\"<span class=sf-dump-public title=\"Runtime added dynamic property\">description</span>\": <span class=sf-dump-const>null</span>
      +\"<span class=sf-dump-public title=\"Runtime added dynamic property\">supplier_id</span>\": <span class=sf-dump-num>1</span>
      +\"<span class=sf-dump-public title=\"Runtime added dynamic property\">unit</span>\": \"<span class=sf-dump-str title=\"4 characters\">Each</span>\"
      +\"<span class=sf-dump-public title=\"Runtime added dynamic property\">pack_unit</span>\": <span class=sf-dump-const>null</span>
      +\"<span class=sf-dump-public title=\"Runtime added dynamic property\">units_per_pack</span>\": <span class=sf-dump-const>null</span>
      +\"<span class=sf-dump-public title=\"Runtime added dynamic property\">cost_price</span>\": \"<span class=sf-dump-str title=\"4 characters\">0.00</span>\"
      +\"<span class=sf-dump-public title=\"Runtime added dynamic property\">selling_price</span>\": \"<span class=sf-dump-str title=\"7 characters\">8000.00</span>\"
      +\"<span class=sf-dump-public title=\"Runtime added dynamic property\">min_order_quantity</span>\": \"<span class=sf-dump-str title=\"4 characters\">1.00</span>\"
      +\"<span class=sf-dump-public title=\"Runtime added dynamic property\">is_product</span>\": <span class=sf-dump-num>1</span>
      +\"<span class=sf-dump-public title=\"Runtime added dynamic property\">is_active</span>\": <span class=sf-dump-num>1</span>
      +\"<span class=sf-dump-public title=\"Runtime added dynamic property\">created_at</span>\": \"<span class=sf-dump-str title=\"19 characters\">2026-08-16 14:21:52</span>\"
      +\"<span class=sf-dump-public title=\"Runtime added dynamic property\">updated_at</span>\": \"<span class=sf-dump-str title=\"19 characters\">2026-08-16 14:21:52</span>\"
      +\"<span class=sf-dump-public title=\"Runtime added dynamic property\">supplier_name</span>\": \"<span class=sf-dump-str title=\"7 characters\">General</span>\"
    </samp>}
    <span class=sf-dump-index>66</span> => {<a class=sf-dump-ref>#1669</a><samp data-depth=3 class=sf-dump-compact>
      +\"<span class=sf-dump-public title=\"Runtime added dynamic property\">id</span>\": <span class=sf-dump-num>67</span>
      +\"<span class=sf-dump-public title=\"Runtime added dynamic property\">name</span>\": \"<span class=sf-dump-str title=\"12 characters\">Broxol Syrup</span>\"
      +\"<span class=sf-dump-public title=\"Runtime added dynamic property\">code</span>\": <span class=sf-dump-const>null</span>
      +\"<span class=sf-dump-public title=\"Runtime added dynamic property\">description</span>\": <span class=sf-dump-const>null</span>
      +\"<span class=sf-dump-public title=\"Runtime added dynamic property\">supplier_id</span>\": <span class=sf-dump-num>1</span>
      +\"<span class=sf-dump-public title=\"Runtime added dynamic property\">unit</span>\": \"<span class=sf-dump-str title=\"4 characters\">Each</span>\"
      +\"<span class=sf-dump-public title=\"Runtime added dynamic property\">pack_unit</span>\": <span class=sf-dump-const>null</span>
      +\"<span class=sf-dump-public title=\"Runtime added dynamic property\">units_per_pack</span>\": <span class=sf-dump-const>null</span>
      +\"<span class=sf-dump-public title=\"Runtime added dynamic property\">cost_price</span>\": \"<span class=sf-dump-str title=\"4 characters\">0.00</span>\"
      +\"<span class=sf-dump-public title=\"Runtime added dynamic property\">selling_price</span>\": \"<span class=sf-dump-str title=\"7 characters\">7000.00</span>\"
      +\"<span class=sf-dump-public title=\"Runtime added dynamic property\">min_order_quantity</span>\": \"<span class=sf-dump-str title=\"4 characters\">1.00</span>\"
      +\"<span class=sf-dump-public title=\"Runtime added dynamic property\">is_product</span>\": <span class=sf-dump-num>1</span>
      +\"<span class=sf-dump-public title=\"Runtime added dynamic property\">is_active</span>\": <span class=sf-dump-num>1</span>
      +\"<span class=sf-dump-public title=\"Runtime added dynamic property\">created_at</span>\": \"<span class=sf-dump-str title=\"19 characters\">2026-08-16 14:21:52</span>\"
      +\"<span class=sf-dump-public title=\"Runtime added dynamic property\">updated_at</span>\": \"<span class=sf-dump-str title=\"19 characters\">2026-08-16 14:21:52</span>\"
      +\"<span class=sf-dump-public title=\"Runtime added dynamic property\">supplier_name</span>\": \"<span class=sf-dump-str title=\"7 characters\">General</span>\"
    </samp>}
    <span class=sf-dump-index>67</span> => {<a class=sf-dump-ref>#1670</a><samp data-depth=3 class=sf-dump-compact>
      +\"<span class=sf-dump-public title=\"Runtime added dynamic property\">id</span>\": <span class=sf-dump-num>68</span>
      +\"<span class=sf-dump-public title=\"Runtime added dynamic property\">name</span>\": \"<span class=sf-dump-str title=\"12 characters\">Brustan Tabs</span>\"
      +\"<span class=sf-dump-public title=\"Runtime added dynamic property\">code</span>\": <span class=sf-dump-const>null</span>
      +\"<span class=sf-dump-public title=\"Runtime added dynamic property\">description</span>\": <span class=sf-dump-const>null</span>
      +\"<span class=sf-dump-public title=\"Runtime added dynamic property\">supplier_id</span>\": <span class=sf-dump-num>1</span>
      +\"<span class=sf-dump-public title=\"Runtime added dynamic property\">unit</span>\": \"<span class=sf-dump-str title=\"3 characters\">10s</span>\"
      +\"<span class=sf-dump-public title=\"Runtime added dynamic property\">pack_unit</span>\": <span class=sf-dump-const>null</span>
      +\"<span class=sf-dump-public title=\"Runtime added dynamic property\">units_per_pack</span>\": <span class=sf-dump-const>null</span>
      +\"<span class=sf-dump-public title=\"Runtime added dynamic property\">cost_price</span>\": \"<span class=sf-dump-str title=\"4 characters\">0.00</span>\"
      +\"<span class=sf-dump-public title=\"Runtime added dynamic property\">selling_price</span>\": \"<span class=sf-dump-str title=\"7 characters\">6000.00</span>\"
      +\"<span class=sf-dump-public title=\"Runtime added dynamic property\">min_order_quantity</span>\": \"<span class=sf-dump-str title=\"4 characters\">1.00</span>\"
      +\"<span class=sf-dump-public title=\"Runtime added dynamic property\">is_product</span>\": <span class=sf-dump-num>1</span>
      +\"<span class=sf-dump-public title=\"Runtime added dynamic property\">is_active</span>\": <span class=sf-dump-num>1</span>
      +\"<span class=sf-dump-public title=\"Runtime added dynamic property\">created_at</span>\": \"<span class=sf-dump-str title=\"19 characters\">2026-08-16 14:21:52</span>\"
      +\"<span class=sf-dump-public title=\"Runtime added dynamic property\">updated_at</span>\": \"<span class=sf-dump-str title=\"19 characters\">2026-08-16 14:21:52</span>\"
      +\"<span class=sf-dump-public title=\"Runtime added dynamic property\">supplier_name</span>\": \"<span class=sf-dump-str title=\"7 characters\">General</span>\"
    </samp>}
    <span class=sf-dump-index>68</span> => {<a class=sf-dump-ref>#1671</a><samp data-depth=3 class=sf-dump-compact>
      +\"<span class=sf-dump-public title=\"Runtime added dynamic property\">id</span>\": <span class=sf-dump-num>69</span>
      +\"<span class=sf-dump-public title=\"Runtime added dynamic property\">name</span>\": \"<span class=sf-dump-str title=\"12 characters\">Bull Condoms</span>\"
      +\"<span class=sf-dump-public title=\"Runtime added dynamic property\">code</span>\": <span class=sf-dump-const>null</span>
      +\"<span class=sf-dump-public title=\"Runtime added dynamic property\">description</span>\": <span class=sf-dump-const>null</span>
      +\"<span class=sf-dump-public title=\"Runtime added dynamic property\">supplier_id</span>\": <span class=sf-dump-num>1</span>
      +\"<span class=sf-dump-public title=\"Runtime added dynamic property\">unit</span>\": \"<span class=sf-dump-str title=\"2 characters\">3s</span>\"
      +\"<span class=sf-dump-public title=\"Runtime added dynamic property\">pack_unit</span>\": <span class=sf-dump-const>null</span>
      +\"<span class=sf-dump-public title=\"Runtime added dynamic property\">units_per_pack</span>\": <span class=sf-dump-const>null</span>
      +\"<span class=sf-dump-public title=\"Runtime added dynamic property\">cost_price</span>\": \"<span class=sf-dump-str title=\"4 characters\">0.00</span>\"
      +\"<span class=sf-dump-public title=\"Runtime added dynamic property\">selling_price</span>\": \"<span class=sf-dump-str title=\"7 characters\">2000.00</span>\"
      +\"<span class=sf-dump-public title=\"Runtime added dynamic property\">min_order_quantity</span>\": \"<span class=sf-dump-str title=\"4 characters\">1.00</span>\"
      +\"<span class=sf-dump-public title=\"Runtime added dynamic property\">is_product</span>\": <span class=sf-dump-num>1</span>
      +\"<span class=sf-dump-public title=\"Runtime added dynamic property\">is_active</span>\": <span class=sf-dump-num>1</span>
      +\"<span class=sf-dump-public title=\"Runtime added dynamic property\">created_at</span>\": \"<span class=sf-dump-str title=\"19 characters\">2026-08-16 14:21:52</span>\"
      +\"<span class=sf-dump-public title=\"Runtime added dynamic property\">updated_at</span>\": \"<span class=sf-dump-str title=\"19 characters\">2026-08-16 14:21:52</span>\"
      +\"<span class=sf-dump-public title=\"Runtime added dynamic property\">supplier_name</span>\": \"<span class=sf-dump-str title=\"7 characters\">General</span>\"
    </samp>}
    <span class=sf-dump-index>69</span> => {<a class=sf-dump-ref>#1672</a><samp data-depth=3 class=sf-dump-compact>
      +\"<span class=sf-dump-public title=\"Runtime added dynamic property\">id</span>\": <span class=sf-dump-num>70</span>
      +\"<span class=sf-dump-public title=\"Runtime added dynamic property\">name</span>\": \"<span class=sf-dump-str title=\"31 characters\">Cachart Forte ( Catchet 80/480)</span>\"
      +\"<span class=sf-dump-public title=\"Runtime added dynamic property\">code</span>\": <span class=sf-dump-const>null</span>
      +\"<span class=sf-dump-public title=\"Runtime added dynamic property\">description</span>\": <span class=sf-dump-const>null</span>
      +\"<span class=sf-dump-public title=\"Runtime added dynamic property\">supplier_id</span>\": <span class=sf-dump-num>1</span>
      +\"<span class=sf-dump-public title=\"Runtime added dynamic property\">unit</span>\": \"<span class=sf-dump-str title=\"2 characters\">6s</span>\"
      +\"<span class=sf-dump-public title=\"Runtime added dynamic property\">pack_unit</span>\": <span class=sf-dump-const>null</span>
      +\"<span class=sf-dump-public title=\"Runtime added dynamic property\">units_per_pack</span>\": <span class=sf-dump-const>null</span>
      +\"<span class=sf-dump-public title=\"Runtime added dynamic property\">cost_price</span>\": \"<span class=sf-dump-str title=\"4 characters\">0.00</span>\"
      +\"<span class=sf-dump-public title=\"Runtime added dynamic property\">selling_price</span>\": \"<span class=sf-dump-str title=\"7 characters\">6000.00</span>\"
      +\"<span class=sf-dump-public title=\"Runtime added dynamic property\">min_order_quantity</span>\": \"<span class=sf-dump-str title=\"4 characters\">1.00</span>\"
      +\"<span class=sf-dump-public title=\"Runtime added dynamic property\">is_product</span>\": <span class=sf-dump-num>1</span>
      +\"<span class=sf-dump-public title=\"Runtime added dynamic property\">is_active</span>\": <span class=sf-dump-num>1</span>
      +\"<span class=sf-dump-public title=\"Runtime added dynamic property\">created_at</span>\": \"<span class=sf-dump-str title=\"19 characters\">2026-08-16 14:21:52</span>\"
      +\"<span class=sf-dump-public title=\"Runtime added dynamic property\">updated_at</span>\": \"<span class=sf-dump-str title=\"19 characters\">2026-08-16 14:21:52</span>\"
      +\"<span class=sf-dump-public title=\"Runtime added dynamic property\">supplier_name</span>\": \"<span class=sf-dump-str title=\"7 characters\">General</span>\"
    </samp>}
    <span class=sf-dump-index>70</span> => {<a class=sf-dump-ref>#1673</a><samp data-depth=3 class=sf-dump-compact>
      +\"<span class=sf-dump-public title=\"Runtime added dynamic property\">id</span>\": <span class=sf-dump-num>71</span>
      +\"<span class=sf-dump-public title=\"Runtime added dynamic property\">name</span>\": \"<span class=sf-dump-str title=\"21 characters\">Cachfer (Iron ) Syrup</span>\"
      +\"<span class=sf-dump-public title=\"Runtime added dynamic property\">code</span>\": <span class=sf-dump-const>null</span>
      +\"<span class=sf-dump-public title=\"Runtime added dynamic property\">description</span>\": <span class=sf-dump-const>null</span>
      +\"<span class=sf-dump-public title=\"Runtime added dynamic property\">supplier_id</span>\": <span class=sf-dump-num>1</span>
      +\"<span class=sf-dump-public title=\"Runtime added dynamic property\">unit</span>\": \"<span class=sf-dump-str title=\"4 characters\">Each</span>\"
      +\"<span class=sf-dump-public title=\"Runtime added dynamic property\">pack_unit</span>\": <span class=sf-dump-const>null</span>
      +\"<span class=sf-dump-public title=\"Runtime added dynamic property\">units_per_pack</span>\": <span class=sf-dump-const>null</span>
      +\"<span class=sf-dump-public title=\"Runtime added dynamic property\">cost_price</span>\": \"<span class=sf-dump-str title=\"4 characters\">0.00</span>\"
      +\"<span class=sf-dump-public title=\"Runtime added dynamic property\">selling_price</span>\": \"<span class=sf-dump-str title=\"7 characters\">4500.00</span>\"
      +\"<span class=sf-dump-public title=\"Runtime added dynamic property\">min_order_quantity</span>\": \"<span class=sf-dump-str title=\"4 characters\">1.00</span>\"
      +\"<span class=sf-dump-public title=\"Runtime added dynamic property\">is_product</span>\": <span class=sf-dump-num>1</span>
      +\"<span class=sf-dump-public title=\"Runtime added dynamic property\">is_active</span>\": <span class=sf-dump-num>1</span>
      +\"<span class=sf-dump-public title=\"Runtime added dynamic property\">created_at</span>\": \"<span class=sf-dump-str title=\"19 characters\">2026-08-16 14:21:52</span>\"
      +\"<span class=sf-dump-public title=\"Runtime added dynamic property\">updated_at</span>\": \"<span class=sf-dump-str title=\"19 characters\">2026-08-16 14:21:52</span>\"
      +\"<span class=sf-dump-public title=\"Runtime added dynamic property\">supplier_name</span>\": \"<span class=sf-dump-str title=\"7 characters\">General</span>\"
    </samp>}
    <span class=sf-dump-index>71</span> => {<a class=sf-dump-ref>#1674</a><samp data-depth=3 class=sf-dump-compact>
      +\"<span class=sf-dump-public title=\"Runtime added dynamic property\">id</span>\": <span class=sf-dump-num>72</span>
      +\"<span class=sf-dump-public title=\"Runtime added dynamic property\">name</span>\": \"<span class=sf-dump-str title=\"14 characters\">Cachnerve Tabs</span>\"
      +\"<span class=sf-dump-public title=\"Runtime added dynamic property\">code</span>\": <span class=sf-dump-const>null</span>
      +\"<span class=sf-dump-public title=\"Runtime added dynamic property\">description</span>\": <span class=sf-dump-const>null</span>
      +\"<span class=sf-dump-public title=\"Runtime added dynamic property\">supplier_id</span>\": <span class=sf-dump-num>1</span>
      +\"<span class=sf-dump-public title=\"Runtime added dynamic property\">unit</span>\": \"<span class=sf-dump-str title=\"3 characters\">10s</span>\"
      +\"<span class=sf-dump-public title=\"Runtime added dynamic property\">pack_unit</span>\": <span class=sf-dump-const>null</span>
      +\"<span class=sf-dump-public title=\"Runtime added dynamic property\">units_per_pack</span>\": <span class=sf-dump-const>null</span>
      +\"<span class=sf-dump-public title=\"Runtime added dynamic property\">cost_price</span>\": \"<span class=sf-dump-str title=\"4 characters\">0.00</span>\"
      +\"<span class=sf-dump-public title=\"Runtime added dynamic property\">selling_price</span>\": \"<span class=sf-dump-str title=\"8 characters\">15000.00</span>\"
      +\"<span class=sf-dump-public title=\"Runtime added dynamic property\">min_order_quantity</span>\": \"<span class=sf-dump-str title=\"4 characters\">1.00</span>\"
      +\"<span class=sf-dump-public title=\"Runtime added dynamic property\">is_product</span>\": <span class=sf-dump-num>1</span>
      +\"<span class=sf-dump-public title=\"Runtime added dynamic property\">is_active</span>\": <span class=sf-dump-num>1</span>
      +\"<span class=sf-dump-public title=\"Runtime added dynamic property\">created_at</span>\": \"<span class=sf-dump-str title=\"19 characters\">2026-08-16 14:21:52</span>\"
      +\"<span class=sf-dump-public title=\"Runtime added dynamic property\">updated_at</span>\": \"<span class=sf-dump-str title=\"19 characters\">2026-08-16 14:21:52</span>\"
      +\"<span class=sf-dump-public title=\"Runtime added dynamic property\">supplier_name</span>\": \"<span class=sf-dump-str title=\"7 characters\">General</span>\"
    </samp>}
    <span class=sf-dump-index>72</span> => {<a class=sf-dump-ref>#1675</a><samp data-depth=3 class=sf-dump-compact>
      +\"<span class=sf-dump-public title=\"Runtime added dynamic property\">id</span>\": <span class=sf-dump-num>73</span>
      +\"<span class=sf-dump-public title=\"Runtime added dynamic property\">name</span>\": \"<span class=sf-dump-str title=\"21 characters\">Calamine Lotion 100Ml</span>\"
      +\"<span class=sf-dump-public title=\"Runtime added dynamic property\">code</span>\": <span class=sf-dump-const>null</span>
      +\"<span class=sf-dump-public title=\"Runtime added dynamic property\">description</span>\": <span class=sf-dump-const>null</span>
      +\"<span class=sf-dump-public title=\"Runtime added dynamic property\">supplier_id</span>\": <span class=sf-dump-num>1</span>
      +\"<span class=sf-dump-public title=\"Runtime added dynamic property\">unit</span>\": \"<span class=sf-dump-str title=\"4 characters\">Each</span>\"
      +\"<span class=sf-dump-public title=\"Runtime added dynamic property\">pack_unit</span>\": <span class=sf-dump-const>null</span>
      +\"<span class=sf-dump-public title=\"Runtime added dynamic property\">units_per_pack</span>\": <span class=sf-dump-const>null</span>
      +\"<span class=sf-dump-public title=\"Runtime added dynamic property\">cost_price</span>\": \"<span class=sf-dump-str title=\"4 characters\">0.00</span>\"
      +\"<span class=sf-dump-public title=\"Runtime added dynamic property\">selling_price</span>\": \"<span class=sf-dump-str title=\"7 characters\">6000.00</span>\"
      +\"<span class=sf-dump-public title=\"Runtime added dynamic property\">min_order_quantity</span>\": \"<span class=sf-dump-str title=\"4 characters\">1.00</span>\"
      +\"<span class=sf-dump-public title=\"Runtime added dynamic property\">is_product</span>\": <span class=sf-dump-num>1</span>
      +\"<span class=sf-dump-public title=\"Runtime added dynamic property\">is_active</span>\": <span class=sf-dump-num>1</span>
      +\"<span class=sf-dump-public title=\"Runtime added dynamic property\">created_at</span>\": \"<span class=sf-dump-str title=\"19 characters\">2026-08-16 14:21:52</span>\"
      +\"<span class=sf-dump-public title=\"Runtime added dynamic property\">updated_at</span>\": \"<span class=sf-dump-str title=\"19 characters\">2026-08-16 14:21:52</span>\"
      +\"<span class=sf-dump-public title=\"Runtime added dynamic property\">supplier_name</span>\": \"<span class=sf-dump-str title=\"7 characters\">General</span>\"
    </samp>}
    <span class=sf-dump-index>73</span> => {<a class=sf-dump-ref>#1676</a><samp data-depth=3 class=sf-dump-compact>
      +\"<span class=sf-dump-public title=\"Runtime added dynamic property\">id</span>\": <span class=sf-dump-num>74</span>
      +\"<span class=sf-dump-public title=\"Runtime added dynamic property\">name</span>\": \"<span class=sf-dump-str title=\"17 characters\">Candid Powder 30g</span>\"
      +\"<span class=sf-dump-public title=\"Runtime added dynamic property\">code</span>\": <span class=sf-dump-const>null</span>
      +\"<span class=sf-dump-public title=\"Runtime added dynamic property\">description</span>\": <span class=sf-dump-const>null</span>
      +\"<span class=sf-dump-public title=\"Runtime added dynamic property\">supplier_id</span>\": <span class=sf-dump-num>1</span>
      +\"<span class=sf-dump-public title=\"Runtime added dynamic property\">unit</span>\": \"<span class=sf-dump-str title=\"4 characters\">Each</span>\"
      +\"<span class=sf-dump-public title=\"Runtime added dynamic property\">pack_unit</span>\": <span class=sf-dump-const>null</span>
      +\"<span class=sf-dump-public title=\"Runtime added dynamic property\">units_per_pack</span>\": <span class=sf-dump-const>null</span>
      +\"<span class=sf-dump-public title=\"Runtime added dynamic property\">cost_price</span>\": \"<span class=sf-dump-str title=\"4 characters\">0.00</span>\"
      +\"<span class=sf-dump-public title=\"Runtime added dynamic property\">selling_price</span>\": \"<span class=sf-dump-str title=\"7 characters\">7000.00</span>\"
      +\"<span class=sf-dump-public title=\"Runtime added dynamic property\">min_order_quantity</span>\": \"<span class=sf-dump-str title=\"4 characters\">1.00</span>\"
      +\"<span class=sf-dump-public title=\"Runtime added dynamic property\">is_product</span>\": <span class=sf-dump-num>1</span>
      +\"<span class=sf-dump-public title=\"Runtime added dynamic property\">is_active</span>\": <span class=sf-dump-num>1</span>
      +\"<span class=sf-dump-public title=\"Runtime added dynamic property\">created_at</span>\": \"<span class=sf-dump-str title=\"19 characters\">2026-08-16 14:21:52</span>\"
      +\"<span class=sf-dump-public title=\"Runtime added dynamic property\">updated_at</span>\": \"<span class=sf-dump-str title=\"19 characters\">2026-08-16 14:21:52</span>\"
      +\"<span class=sf-dump-public title=\"Runtime added dynamic property\">supplier_name</span>\": \"<span class=sf-dump-str title=\"7 characters\">General</span>\"
    </samp>}
    <span class=sf-dump-index>74</span> => {<a class=sf-dump-ref>#1677</a><samp data-depth=3 class=sf-dump-compact>
      +\"<span class=sf-dump-public title=\"Runtime added dynamic property\">id</span>\": <span class=sf-dump-num>75</span>
      +\"<span class=sf-dump-public title=\"Runtime added dynamic property\">name</span>\": \"<span class=sf-dump-str title=\"19 characters\">Captopril  Capsules</span>\"
      +\"<span class=sf-dump-public title=\"Runtime added dynamic property\">code</span>\": <span class=sf-dump-const>null</span>
      +\"<span class=sf-dump-public title=\"Runtime added dynamic property\">description</span>\": <span class=sf-dump-const>null</span>
      +\"<span class=sf-dump-public title=\"Runtime added dynamic property\">supplier_id</span>\": <span class=sf-dump-num>1</span>
      +\"<span class=sf-dump-public title=\"Runtime added dynamic property\">unit</span>\": \"<span class=sf-dump-str title=\"3 characters\">10s</span>\"
      +\"<span class=sf-dump-public title=\"Runtime added dynamic property\">pack_unit</span>\": <span class=sf-dump-const>null</span>
      +\"<span class=sf-dump-public title=\"Runtime added dynamic property\">units_per_pack</span>\": <span class=sf-dump-const>null</span>
      +\"<span class=sf-dump-public title=\"Runtime added dynamic property\">cost_price</span>\": \"<span class=sf-dump-str title=\"4 characters\">0.00</span>\"
      +\"<span class=sf-dump-public title=\"Runtime added dynamic property\">selling_price</span>\": \"<span class=sf-dump-str title=\"7 characters\">2000.00</span>\"
      +\"<span class=sf-dump-public title=\"Runtime added dynamic property\">min_order_quantity</span>\": \"<span class=sf-dump-str title=\"4 characters\">1.00</span>\"
      +\"<span class=sf-dump-public title=\"Runtime added dynamic property\">is_product</span>\": <span class=sf-dump-num>1</span>
      +\"<span class=sf-dump-public title=\"Runtime added dynamic property\">is_active</span>\": <span class=sf-dump-num>1</span>
      +\"<span class=sf-dump-public title=\"Runtime added dynamic property\">created_at</span>\": \"<span class=sf-dump-str title=\"19 characters\">2026-08-16 14:21:52</span>\"
      +\"<span class=sf-dump-public title=\"Runtime added dynamic property\">updated_at</span>\": \"<span class=sf-dump-str title=\"19 characters\">2026-08-16 14:21:52</span>\"
      +\"<span class=sf-dump-public title=\"Runtime added dynamic property\">supplier_name</span>\": \"<span class=sf-dump-str title=\"7 characters\">General</span>\"
    </samp>}
    <span class=sf-dump-index>75</span> => {<a class=sf-dump-ref>#1678</a><samp data-depth=3 class=sf-dump-compact>
      +\"<span class=sf-dump-public title=\"Runtime added dynamic property\">id</span>\": <span class=sf-dump-num>76</span>
      +\"<span class=sf-dump-public title=\"Runtime added dynamic property\">name</span>\": \"<span class=sf-dump-str title=\"23 characters\">Carbamazepime 200Mg Tab</span>\"
      +\"<span class=sf-dump-public title=\"Runtime added dynamic property\">code</span>\": <span class=sf-dump-const>null</span>
      +\"<span class=sf-dump-public title=\"Runtime added dynamic property\">description</span>\": <span class=sf-dump-const>null</span>
      +\"<span class=sf-dump-public title=\"Runtime added dynamic property\">supplier_id</span>\": <span class=sf-dump-num>1</span>
      +\"<span class=sf-dump-public title=\"Runtime added dynamic property\">unit</span>\": \"<span class=sf-dump-str title=\"3 characters\">10s</span>\"
      +\"<span class=sf-dump-public title=\"Runtime added dynamic property\">pack_unit</span>\": <span class=sf-dump-const>null</span>
      +\"<span class=sf-dump-public title=\"Runtime added dynamic property\">units_per_pack</span>\": <span class=sf-dump-const>null</span>
      +\"<span class=sf-dump-public title=\"Runtime added dynamic property\">cost_price</span>\": \"<span class=sf-dump-str title=\"4 characters\">0.00</span>\"
      +\"<span class=sf-dump-public title=\"Runtime added dynamic property\">selling_price</span>\": \"<span class=sf-dump-str title=\"7 characters\">5000.00</span>\"
      +\"<span class=sf-dump-public title=\"Runtime added dynamic property\">min_order_quantity</span>\": \"<span class=sf-dump-str title=\"4 characters\">1.00</span>\"
      +\"<span class=sf-dump-public title=\"Runtime added dynamic property\">is_product</span>\": <span class=sf-dump-num>1</span>
      +\"<span class=sf-dump-public title=\"Runtime added dynamic property\">is_active</span>\": <span class=sf-dump-num>1</span>
      +\"<span class=sf-dump-public title=\"Runtime added dynamic property\">created_at</span>\": \"<span class=sf-dump-str title=\"19 characters\">2026-08-16 14:21:52</span>\"
      +\"<span class=sf-dump-public title=\"Runtime added dynamic property\">updated_at</span>\": \"<span class=sf-dump-str title=\"19 characters\">2026-08-16 14:21:52</span>\"
      +\"<span class=sf-dump-public title=\"Runtime added dynamic property\">supplier_name</span>\": \"<span class=sf-dump-str title=\"7 characters\">General</span>\"
    </samp>}
    <span class=sf-dump-index>76</span> => {<a class=sf-dump-ref>#1679</a><samp data-depth=3 class=sf-dump-compact>
      +\"<span class=sf-dump-public title=\"Runtime added dynamic property\">id</span>\": <span class=sf-dump-num>77</span>
      +\"<span class=sf-dump-public title=\"Runtime added dynamic property\">name</span>\": \"<span class=sf-dump-str title=\"25 characters\">Carditan ( Losartan 50Mg)</span>\"
      +\"<span class=sf-dump-public title=\"Runtime added dynamic property\">code</span>\": <span class=sf-dump-const>null</span>
      +\"<span class=sf-dump-public title=\"Runtime added dynamic property\">description</span>\": <span class=sf-dump-const>null</span>
      +\"<span class=sf-dump-public title=\"Runtime added dynamic property\">supplier_id</span>\": <span class=sf-dump-num>1</span>
      +\"<span class=sf-dump-public title=\"Runtime added dynamic property\">unit</span>\": \"<span class=sf-dump-str title=\"3 characters\">28s</span>\"
      +\"<span class=sf-dump-public title=\"Runtime added dynamic property\">pack_unit</span>\": <span class=sf-dump-const>null</span>
      +\"<span class=sf-dump-public title=\"Runtime added dynamic property\">units_per_pack</span>\": <span class=sf-dump-const>null</span>
      +\"<span class=sf-dump-public title=\"Runtime added dynamic property\">cost_price</span>\": \"<span class=sf-dump-str title=\"4 characters\">0.00</span>\"
      +\"<span class=sf-dump-public title=\"Runtime added dynamic property\">selling_price</span>\": \"<span class=sf-dump-str title=\"7 characters\">8000.00</span>\"
      +\"<span class=sf-dump-public title=\"Runtime added dynamic property\">min_order_quantity</span>\": \"<span class=sf-dump-str title=\"4 characters\">1.00</span>\"
      +\"<span class=sf-dump-public title=\"Runtime added dynamic property\">is_product</span>\": <span class=sf-dump-num>1</span>
      +\"<span class=sf-dump-public title=\"Runtime added dynamic property\">is_active</span>\": <span class=sf-dump-num>1</span>
      +\"<span class=sf-dump-public title=\"Runtime added dynamic property\">created_at</span>\": \"<span class=sf-dump-str title=\"19 characters\">2026-08-16 14:21:52</span>\"
      +\"<span class=sf-dump-public title=\"Runtime added dynamic property\">updated_at</span>\": \"<span class=sf-dump-str title=\"19 characters\">2026-08-16 14:21:52</span>\"
      +\"<span class=sf-dump-public title=\"Runtime added dynamic property\">supplier_name</span>\": \"<span class=sf-dump-str title=\"7 characters\">General</span>\"
    </samp>}
    <span class=sf-dump-index>77</span> => {<a class=sf-dump-ref>#1680</a><samp data-depth=3 class=sf-dump-compact>
      +\"<span class=sf-dump-public title=\"Runtime added dynamic property\">id</span>\": <span class=sf-dump-num>78</span>
      +\"<span class=sf-dump-public title=\"Runtime added dynamic property\">name</span>\": \"<span class=sf-dump-str title=\"31 characters\">Castor Oil Med (Hercoles) 100Ml</span>\"
      +\"<span class=sf-dump-public title=\"Runtime added dynamic property\">code</span>\": <span class=sf-dump-const>null</span>
      +\"<span class=sf-dump-public title=\"Runtime added dynamic property\">description</span>\": <span class=sf-dump-const>null</span>
      +\"<span class=sf-dump-public title=\"Runtime added dynamic property\">supplier_id</span>\": <span class=sf-dump-num>1</span>
      +\"<span class=sf-dump-public title=\"Runtime added dynamic property\">unit</span>\": \"<span class=sf-dump-str title=\"4 characters\">Each</span>\"
      +\"<span class=sf-dump-public title=\"Runtime added dynamic property\">pack_unit</span>\": <span class=sf-dump-const>null</span>
      +\"<span class=sf-dump-public title=\"Runtime added dynamic property\">units_per_pack</span>\": <span class=sf-dump-const>null</span>
      +\"<span class=sf-dump-public title=\"Runtime added dynamic property\">cost_price</span>\": \"<span class=sf-dump-str title=\"4 characters\">0.00</span>\"
      +\"<span class=sf-dump-public title=\"Runtime added dynamic property\">selling_price</span>\": \"<span class=sf-dump-str title=\"8 characters\">14000.00</span>\"
      +\"<span class=sf-dump-public title=\"Runtime added dynamic property\">min_order_quantity</span>\": \"<span class=sf-dump-str title=\"4 characters\">1.00</span>\"
      +\"<span class=sf-dump-public title=\"Runtime added dynamic property\">is_product</span>\": <span class=sf-dump-num>1</span>
      +\"<span class=sf-dump-public title=\"Runtime added dynamic property\">is_active</span>\": <span class=sf-dump-num>1</span>
      +\"<span class=sf-dump-public title=\"Runtime added dynamic property\">created_at</span>\": \"<span class=sf-dump-str title=\"19 characters\">2026-08-16 14:21:52</span>\"
      +\"<span class=sf-dump-public title=\"Runtime added dynamic property\">updated_at</span>\": \"<span class=sf-dump-str title=\"19 characters\">2026-08-16 14:21:52</span>\"
      +\"<span class=sf-dump-public title=\"Runtime added dynamic property\">supplier_name</span>\": \"<span class=sf-dump-str title=\"7 characters\">General</span>\"
    </samp>}
    <span class=sf-dump-index>78</span> => {<a class=sf-dump-ref>#1681</a><samp data-depth=3 class=sf-dump-compact>
      +\"<span class=sf-dump-public title=\"Runtime added dynamic property\">id</span>\": <span class=sf-dump-num>79</span>
      +\"<span class=sf-dump-public title=\"Runtime added dynamic property\">name</span>\": \"<span class=sf-dump-str title=\"10 characters\">Cavit - Xt</span>\"
      +\"<span class=sf-dump-public title=\"Runtime added dynamic property\">code</span>\": <span class=sf-dump-const>null</span>
      +\"<span class=sf-dump-public title=\"Runtime added dynamic property\">description</span>\": <span class=sf-dump-const>null</span>
      +\"<span class=sf-dump-public title=\"Runtime added dynamic property\">supplier_id</span>\": <span class=sf-dump-num>1</span>
      +\"<span class=sf-dump-public title=\"Runtime added dynamic property\">unit</span>\": \"<span class=sf-dump-str title=\"3 characters\">30s</span>\"
      +\"<span class=sf-dump-public title=\"Runtime added dynamic property\">pack_unit</span>\": <span class=sf-dump-const>null</span>
      +\"<span class=sf-dump-public title=\"Runtime added dynamic property\">units_per_pack</span>\": <span class=sf-dump-const>null</span>
      +\"<span class=sf-dump-public title=\"Runtime added dynamic property\">cost_price</span>\": \"<span class=sf-dump-str title=\"4 characters\">0.00</span>\"
      +\"<span class=sf-dump-public title=\"Runtime added dynamic property\">selling_price</span>\": \"<span class=sf-dump-str title=\"8 characters\">25000.00</span>\"
      +\"<span class=sf-dump-public title=\"Runtime added dynamic property\">min_order_quantity</span>\": \"<span class=sf-dump-str title=\"4 characters\">1.00</span>\"
      +\"<span class=sf-dump-public title=\"Runtime added dynamic property\">is_product</span>\": <span class=sf-dump-num>1</span>
      +\"<span class=sf-dump-public title=\"Runtime added dynamic property\">is_active</span>\": <span class=sf-dump-num>1</span>
      +\"<span class=sf-dump-public title=\"Runtime added dynamic property\">created_at</span>\": \"<span class=sf-dump-str title=\"19 characters\">2026-08-16 14:21:52</span>\"
      +\"<span class=sf-dump-public title=\"Runtime added dynamic property\">updated_at</span>\": \"<span class=sf-dump-str title=\"19 characters\">2026-08-16 14:21:52</span>\"
      +\"<span class=sf-dump-public title=\"Runtime added dynamic property\">supplier_name</span>\": \"<span class=sf-dump-str title=\"7 characters\">General</span>\"
    </samp>}
    <span class=sf-dump-index>79</span> => {<a class=sf-dump-ref>#1682</a><samp data-depth=3 class=sf-dump-compact>
      +\"<span class=sf-dump-public title=\"Runtime added dynamic property\">id</span>\": <span class=sf-dump-num>80</span>
      +\"<span class=sf-dump-public title=\"Runtime added dynamic property\">name</span>\": \"<span class=sf-dump-str title=\"24 characters\">Cefixime (Cachmax) 400Mg</span>\"
      +\"<span class=sf-dump-public title=\"Runtime added dynamic property\">code</span>\": <span class=sf-dump-const>null</span>
      +\"<span class=sf-dump-public title=\"Runtime added dynamic property\">description</span>\": <span class=sf-dump-const>null</span>
      +\"<span class=sf-dump-public title=\"Runtime added dynamic property\">supplier_id</span>\": <span class=sf-dump-num>1</span>
      +\"<span class=sf-dump-public title=\"Runtime added dynamic property\">unit</span>\": \"<span class=sf-dump-str title=\"3 characters\">10s</span>\"
      +\"<span class=sf-dump-public title=\"Runtime added dynamic property\">pack_unit</span>\": <span class=sf-dump-const>null</span>
      +\"<span class=sf-dump-public title=\"Runtime added dynamic property\">units_per_pack</span>\": <span class=sf-dump-const>null</span>
      +\"<span class=sf-dump-public title=\"Runtime added dynamic property\">cost_price</span>\": \"<span class=sf-dump-str title=\"4 characters\">0.00</span>\"
      +\"<span class=sf-dump-public title=\"Runtime added dynamic property\">selling_price</span>\": \"<span class=sf-dump-str title=\"8 characters\">22000.00</span>\"
      +\"<span class=sf-dump-public title=\"Runtime added dynamic property\">min_order_quantity</span>\": \"<span class=sf-dump-str title=\"4 characters\">1.00</span>\"
      +\"<span class=sf-dump-public title=\"Runtime added dynamic property\">is_product</span>\": <span class=sf-dump-num>1</span>
      +\"<span class=sf-dump-public title=\"Runtime added dynamic property\">is_active</span>\": <span class=sf-dump-num>1</span>
      +\"<span class=sf-dump-public title=\"Runtime added dynamic property\">created_at</span>\": \"<span class=sf-dump-str title=\"19 characters\">2026-08-16 14:21:52</span>\"
      +\"<span class=sf-dump-public title=\"Runtime added dynamic property\">updated_at</span>\": \"<span class=sf-dump-str title=\"19 characters\">2026-08-16 14:21:52</span>\"
      +\"<span class=sf-dump-public title=\"Runtime added dynamic property\">supplier_name</span>\": \"<span class=sf-dump-str title=\"7 characters\">General</span>\"
    </samp>}
    <span class=sf-dump-index>80</span> => {<a class=sf-dump-ref>#1683</a><samp data-depth=3 class=sf-dump-compact>
      +\"<span class=sf-dump-public title=\"Runtime added dynamic property\">id</span>\": <span class=sf-dump-num>81</span>
      +\"<span class=sf-dump-public title=\"Runtime added dynamic property\">name</span>\": \"<span class=sf-dump-str title=\"25 characters\">Cefixime 200Mg (Gramocef)</span>\"
      +\"<span class=sf-dump-public title=\"Runtime added dynamic property\">code</span>\": <span class=sf-dump-const>null</span>
      +\"<span class=sf-dump-public title=\"Runtime added dynamic property\">description</span>\": <span class=sf-dump-const>null</span>
      +\"<span class=sf-dump-public title=\"Runtime added dynamic property\">supplier_id</span>\": <span class=sf-dump-num>1</span>
      +\"<span class=sf-dump-public title=\"Runtime added dynamic property\">unit</span>\": \"<span class=sf-dump-str title=\"3 characters\">10s</span>\"
      +\"<span class=sf-dump-public title=\"Runtime added dynamic property\">pack_unit</span>\": <span class=sf-dump-const>null</span>
      +\"<span class=sf-dump-public title=\"Runtime added dynamic property\">units_per_pack</span>\": <span class=sf-dump-const>null</span>
      +\"<span class=sf-dump-public title=\"Runtime added dynamic property\">cost_price</span>\": \"<span class=sf-dump-str title=\"4 characters\">0.00</span>\"
      +\"<span class=sf-dump-public title=\"Runtime added dynamic property\">selling_price</span>\": \"<span class=sf-dump-str title=\"8 characters\">32000.00</span>\"
      +\"<span class=sf-dump-public title=\"Runtime added dynamic property\">min_order_quantity</span>\": \"<span class=sf-dump-str title=\"4 characters\">1.00</span>\"
      +\"<span class=sf-dump-public title=\"Runtime added dynamic property\">is_product</span>\": <span class=sf-dump-num>1</span>
      +\"<span class=sf-dump-public title=\"Runtime added dynamic property\">is_active</span>\": <span class=sf-dump-num>1</span>
      +\"<span class=sf-dump-public title=\"Runtime added dynamic property\">created_at</span>\": \"<span class=sf-dump-str title=\"19 characters\">2026-08-16 14:21:52</span>\"
      +\"<span class=sf-dump-public title=\"Runtime added dynamic property\">updated_at</span>\": \"<span class=sf-dump-str title=\"19 characters\">2026-08-16 14:21:52</span>\"
      +\"<span class=sf-dump-public title=\"Runtime added dynamic property\">supplier_name</span>\": \"<span class=sf-dump-str title=\"7 characters\">General</span>\"
    </samp>}
    <span class=sf-dump-index>81</span> => {<a class=sf-dump-ref>#1684</a><samp data-depth=3 class=sf-dump-compact>
      +\"<span class=sf-dump-public title=\"Runtime added dynamic property\">id</span>\": <span class=sf-dump-num>82</span>
      +\"<span class=sf-dump-public title=\"Runtime added dynamic property\">name</span>\": \"<span class=sf-dump-str title=\"15 characters\">Ceftriaxone Inj</span>\"
      +\"<span class=sf-dump-public title=\"Runtime added dynamic property\">code</span>\": <span class=sf-dump-const>null</span>
      +\"<span class=sf-dump-public title=\"Runtime added dynamic property\">description</span>\": <span class=sf-dump-const>null</span>
      +\"<span class=sf-dump-public title=\"Runtime added dynamic property\">supplier_id</span>\": <span class=sf-dump-num>1</span>
      +\"<span class=sf-dump-public title=\"Runtime added dynamic property\">unit</span>\": \"<span class=sf-dump-str title=\"3 characters\">Amp</span>\"
      +\"<span class=sf-dump-public title=\"Runtime added dynamic property\">pack_unit</span>\": <span class=sf-dump-const>null</span>
      +\"<span class=sf-dump-public title=\"Runtime added dynamic property\">units_per_pack</span>\": <span class=sf-dump-const>null</span>
      +\"<span class=sf-dump-public title=\"Runtime added dynamic property\">cost_price</span>\": \"<span class=sf-dump-str title=\"4 characters\">0.00</span>\"
      +\"<span class=sf-dump-public title=\"Runtime added dynamic property\">selling_price</span>\": \"<span class=sf-dump-str title=\"7 characters\">4000.00</span>\"
      +\"<span class=sf-dump-public title=\"Runtime added dynamic property\">min_order_quantity</span>\": \"<span class=sf-dump-str title=\"4 characters\">1.00</span>\"
      +\"<span class=sf-dump-public title=\"Runtime added dynamic property\">is_product</span>\": <span class=sf-dump-num>1</span>
      +\"<span class=sf-dump-public title=\"Runtime added dynamic property\">is_active</span>\": <span class=sf-dump-num>1</span>
      +\"<span class=sf-dump-public title=\"Runtime added dynamic property\">created_at</span>\": \"<span class=sf-dump-str title=\"19 characters\">2026-08-16 14:21:52</span>\"
      +\"<span class=sf-dump-public title=\"Runtime added dynamic property\">updated_at</span>\": \"<span class=sf-dump-str title=\"19 characters\">2026-08-16 14:21:52</span>\"
      +\"<span class=sf-dump-public title=\"Runtime added dynamic property\">supplier_name</span>\": \"<span class=sf-dump-str title=\"7 characters\">General</span>\"
    </samp>}
    <span class=sf-dump-index>82</span> => {<a class=sf-dump-ref>#1685</a><samp data-depth=3 class=sf-dump-compact>
      +\"<span class=sf-dump-public title=\"Runtime added dynamic property\">id</span>\": <span class=sf-dump-num>83</span>
      +\"<span class=sf-dump-public title=\"Runtime added dynamic property\">name</span>\": \"<span class=sf-dump-str title=\"27 characters\">Cefuroxime 500Mg (Pulmocef)</span>\"
      +\"<span class=sf-dump-public title=\"Runtime added dynamic property\">code</span>\": <span class=sf-dump-const>null</span>
      +\"<span class=sf-dump-public title=\"Runtime added dynamic property\">description</span>\": <span class=sf-dump-const>null</span>
      +\"<span class=sf-dump-public title=\"Runtime added dynamic property\">supplier_id</span>\": <span class=sf-dump-num>1</span>
      +\"<span class=sf-dump-public title=\"Runtime added dynamic property\">unit</span>\": \"<span class=sf-dump-str title=\"3 characters\">10s</span>\"
      +\"<span class=sf-dump-public title=\"Runtime added dynamic property\">pack_unit</span>\": <span class=sf-dump-const>null</span>
      +\"<span class=sf-dump-public title=\"Runtime added dynamic property\">units_per_pack</span>\": <span class=sf-dump-const>null</span>
      +\"<span class=sf-dump-public title=\"Runtime added dynamic property\">cost_price</span>\": \"<span class=sf-dump-str title=\"4 characters\">0.00</span>\"
      +\"<span class=sf-dump-public title=\"Runtime added dynamic property\">selling_price</span>\": \"<span class=sf-dump-str title=\"8 characters\">22000.00</span>\"
      +\"<span class=sf-dump-public title=\"Runtime added dynamic property\">min_order_quantity</span>\": \"<span class=sf-dump-str title=\"4 characters\">1.00</span>\"
      +\"<span class=sf-dump-public title=\"Runtime added dynamic property\">is_product</span>\": <span class=sf-dump-num>1</span>
      +\"<span class=sf-dump-public title=\"Runtime added dynamic property\">is_active</span>\": <span class=sf-dump-num>1</span>
      +\"<span class=sf-dump-public title=\"Runtime added dynamic property\">created_at</span>\": \"<span class=sf-dump-str title=\"19 characters\">2026-08-16 14:21:52</span>\"
      +\"<span class=sf-dump-public title=\"Runtime added dynamic property\">updated_at</span>\": \"<span class=sf-dump-str title=\"19 characters\">2026-08-16 14:21:52</span>\"
      +\"<span class=sf-dump-public title=\"Runtime added dynamic property\">supplier_name</span>\": \"<span class=sf-dump-str title=\"7 characters\">General</span>\"
    </samp>}
    <span class=sf-dump-index>83</span> => {<a class=sf-dump-ref>#1686</a><samp data-depth=3 class=sf-dump-compact>
      +\"<span class=sf-dump-public title=\"Runtime added dynamic property\">id</span>\": <span class=sf-dump-num>84</span>
      +\"<span class=sf-dump-public title=\"Runtime added dynamic property\">name</span>\": \"<span class=sf-dump-str title=\"19 characters\">Cetrizine 10Mg Tabs</span>\"
      +\"<span class=sf-dump-public title=\"Runtime added dynamic property\">code</span>\": <span class=sf-dump-const>null</span>
      +\"<span class=sf-dump-public title=\"Runtime added dynamic property\">description</span>\": <span class=sf-dump-const>null</span>
      +\"<span class=sf-dump-public title=\"Runtime added dynamic property\">supplier_id</span>\": <span class=sf-dump-num>1</span>
      +\"<span class=sf-dump-public title=\"Runtime added dynamic property\">unit</span>\": \"<span class=sf-dump-str title=\"3 characters\">10s</span>\"
      +\"<span class=sf-dump-public title=\"Runtime added dynamic property\">pack_unit</span>\": <span class=sf-dump-const>null</span>
      +\"<span class=sf-dump-public title=\"Runtime added dynamic property\">units_per_pack</span>\": <span class=sf-dump-const>null</span>
      +\"<span class=sf-dump-public title=\"Runtime added dynamic property\">cost_price</span>\": \"<span class=sf-dump-str title=\"4 characters\">0.00</span>\"
      +\"<span class=sf-dump-public title=\"Runtime added dynamic property\">selling_price</span>\": \"<span class=sf-dump-str title=\"7 characters\">1500.00</span>\"
      +\"<span class=sf-dump-public title=\"Runtime added dynamic property\">min_order_quantity</span>\": \"<span class=sf-dump-str title=\"4 characters\">1.00</span>\"
      +\"<span class=sf-dump-public title=\"Runtime added dynamic property\">is_product</span>\": <span class=sf-dump-num>1</span>
      +\"<span class=sf-dump-public title=\"Runtime added dynamic property\">is_active</span>\": <span class=sf-dump-num>1</span>
      +\"<span class=sf-dump-public title=\"Runtime added dynamic property\">created_at</span>\": \"<span class=sf-dump-str title=\"19 characters\">2026-08-16 14:21:52</span>\"
      +\"<span class=sf-dump-public title=\"Runtime added dynamic property\">updated_at</span>\": \"<span class=sf-dump-str title=\"19 characters\">2026-08-16 14:21:52</span>\"
      +\"<span class=sf-dump-public title=\"Runtime added dynamic property\">supplier_name</span>\": \"<span class=sf-dump-str title=\"7 characters\">General</span>\"
    </samp>}
    <span class=sf-dump-index>84</span> => {<a class=sf-dump-ref>#1687</a><samp data-depth=3 class=sf-dump-compact>
      +\"<span class=sf-dump-public title=\"Runtime added dynamic property\">id</span>\": <span class=sf-dump-num>85</span>
      +\"<span class=sf-dump-public title=\"Runtime added dynamic property\">name</span>\": \"<span class=sf-dump-str title=\"15 characters\">Cetrizine Syrup</span>\"
      +\"<span class=sf-dump-public title=\"Runtime added dynamic property\">code</span>\": <span class=sf-dump-const>null</span>
      +\"<span class=sf-dump-public title=\"Runtime added dynamic property\">description</span>\": <span class=sf-dump-const>null</span>
      +\"<span class=sf-dump-public title=\"Runtime added dynamic property\">supplier_id</span>\": <span class=sf-dump-num>1</span>
      +\"<span class=sf-dump-public title=\"Runtime added dynamic property\">unit</span>\": \"<span class=sf-dump-str title=\"5 characters\">60mls</span>\"
      +\"<span class=sf-dump-public title=\"Runtime added dynamic property\">pack_unit</span>\": <span class=sf-dump-const>null</span>
      +\"<span class=sf-dump-public title=\"Runtime added dynamic property\">units_per_pack</span>\": <span class=sf-dump-const>null</span>
      +\"<span class=sf-dump-public title=\"Runtime added dynamic property\">cost_price</span>\": \"<span class=sf-dump-str title=\"4 characters\">0.00</span>\"
      +\"<span class=sf-dump-public title=\"Runtime added dynamic property\">selling_price</span>\": \"<span class=sf-dump-str title=\"7 characters\">4500.00</span>\"
      +\"<span class=sf-dump-public title=\"Runtime added dynamic property\">min_order_quantity</span>\": \"<span class=sf-dump-str title=\"4 characters\">1.00</span>\"
      +\"<span class=sf-dump-public title=\"Runtime added dynamic property\">is_product</span>\": <span class=sf-dump-num>1</span>
      +\"<span class=sf-dump-public title=\"Runtime added dynamic property\">is_active</span>\": <span class=sf-dump-num>1</span>
      +\"<span class=sf-dump-public title=\"Runtime added dynamic property\">created_at</span>\": \"<span class=sf-dump-str title=\"19 characters\">2026-08-16 14:21:52</span>\"
      +\"<span class=sf-dump-public title=\"Runtime added dynamic property\">updated_at</span>\": \"<span class=sf-dump-str title=\"19 characters\">2026-08-16 14:21:52</span>\"
      +\"<span class=sf-dump-public title=\"Runtime added dynamic property\">supplier_name</span>\": \"<span class=sf-dump-str title=\"7 characters\">General</span>\"
    </samp>}
    <span class=sf-dump-index>85</span> => {<a class=sf-dump-ref>#1688</a><samp data-depth=3 class=sf-dump-compact>
      +\"<span class=sf-dump-public title=\"Runtime added dynamic property\">id</span>\": <span class=sf-dump-num>86</span>
      +\"<span class=sf-dump-public title=\"Runtime added dynamic property\">name</span>\": \"<span class=sf-dump-str title=\"14 characters\">Chericof Syrup</span>\"
      +\"<span class=sf-dump-public title=\"Runtime added dynamic property\">code</span>\": <span class=sf-dump-const>null</span>
      +\"<span class=sf-dump-public title=\"Runtime added dynamic property\">description</span>\": <span class=sf-dump-const>null</span>
      +\"<span class=sf-dump-public title=\"Runtime added dynamic property\">supplier_id</span>\": <span class=sf-dump-num>1</span>
      +\"<span class=sf-dump-public title=\"Runtime added dynamic property\">unit</span>\": \"<span class=sf-dump-str title=\"4 characters\">Each</span>\"
      +\"<span class=sf-dump-public title=\"Runtime added dynamic property\">pack_unit</span>\": <span class=sf-dump-const>null</span>
      +\"<span class=sf-dump-public title=\"Runtime added dynamic property\">units_per_pack</span>\": <span class=sf-dump-const>null</span>
      +\"<span class=sf-dump-public title=\"Runtime added dynamic property\">cost_price</span>\": \"<span class=sf-dump-str title=\"4 characters\">0.00</span>\"
      +\"<span class=sf-dump-public title=\"Runtime added dynamic property\">selling_price</span>\": \"<span class=sf-dump-str title=\"8 characters\">14000.00</span>\"
      +\"<span class=sf-dump-public title=\"Runtime added dynamic property\">min_order_quantity</span>\": \"<span class=sf-dump-str title=\"4 characters\">1.00</span>\"
      +\"<span class=sf-dump-public title=\"Runtime added dynamic property\">is_product</span>\": <span class=sf-dump-num>1</span>
      +\"<span class=sf-dump-public title=\"Runtime added dynamic property\">is_active</span>\": <span class=sf-dump-num>1</span>
      +\"<span class=sf-dump-public title=\"Runtime added dynamic property\">created_at</span>\": \"<span class=sf-dump-str title=\"19 characters\">2026-08-16 14:21:52</span>\"
      +\"<span class=sf-dump-public title=\"Runtime added dynamic property\">updated_at</span>\": \"<span class=sf-dump-str title=\"19 characters\">2026-08-16 14:21:52</span>\"
      +\"<span class=sf-dump-public title=\"Runtime added dynamic property\">supplier_name</span>\": \"<span class=sf-dump-str title=\"7 characters\">General</span>\"
    </samp>}
    <span class=sf-dump-index>86</span> => {<a class=sf-dump-ref>#1689</a><samp data-depth=3 class=sf-dump-compact>
      +\"<span class=sf-dump-public title=\"Runtime added dynamic property\">id</span>\": <span class=sf-dump-num>87</span>
      +\"<span class=sf-dump-public title=\"Runtime added dynamic property\">name</span>\": \"<span class=sf-dump-str title=\"14 characters\">Chestcof Syrup</span>\"
      +\"<span class=sf-dump-public title=\"Runtime added dynamic property\">code</span>\": <span class=sf-dump-const>null</span>
      +\"<span class=sf-dump-public title=\"Runtime added dynamic property\">description</span>\": <span class=sf-dump-const>null</span>
      +\"<span class=sf-dump-public title=\"Runtime added dynamic property\">supplier_id</span>\": <span class=sf-dump-num>1</span>
      +\"<span class=sf-dump-public title=\"Runtime added dynamic property\">unit</span>\": \"<span class=sf-dump-str title=\"4 characters\">Each</span>\"
      +\"<span class=sf-dump-public title=\"Runtime added dynamic property\">pack_unit</span>\": <span class=sf-dump-const>null</span>
      +\"<span class=sf-dump-public title=\"Runtime added dynamic property\">units_per_pack</span>\": <span class=sf-dump-const>null</span>
      +\"<span class=sf-dump-public title=\"Runtime added dynamic property\">cost_price</span>\": \"<span class=sf-dump-str title=\"4 characters\">0.00</span>\"
      +\"<span class=sf-dump-public title=\"Runtime added dynamic property\">selling_price</span>\": \"<span class=sf-dump-str title=\"7 characters\">7000.00</span>\"
      +\"<span class=sf-dump-public title=\"Runtime added dynamic property\">min_order_quantity</span>\": \"<span class=sf-dump-str title=\"4 characters\">1.00</span>\"
      +\"<span class=sf-dump-public title=\"Runtime added dynamic property\">is_product</span>\": <span class=sf-dump-num>1</span>
      +\"<span class=sf-dump-public title=\"Runtime added dynamic property\">is_active</span>\": <span class=sf-dump-num>1</span>
      +\"<span class=sf-dump-public title=\"Runtime added dynamic property\">created_at</span>\": \"<span class=sf-dump-str title=\"19 characters\">2026-08-16 14:21:52</span>\"
      +\"<span class=sf-dump-public title=\"Runtime added dynamic property\">updated_at</span>\": \"<span class=sf-dump-str title=\"19 characters\">2026-08-16 14:21:52</span>\"
      +\"<span class=sf-dump-public title=\"Runtime added dynamic property\">supplier_name</span>\": \"<span class=sf-dump-str title=\"7 characters\">General</span>\"
    </samp>}
    <span class=sf-dump-index>87</span> => {<a class=sf-dump-ref>#1690</a><samp data-depth=3 class=sf-dump-compact>
      +\"<span class=sf-dump-public title=\"Runtime added dynamic property\">id</span>\": <span class=sf-dump-num>88</span>
      +\"<span class=sf-dump-public title=\"Runtime added dynamic property\">name</span>\": \"<span class=sf-dump-str title=\"16 characters\">Chishango Condom</span>\"
      +\"<span class=sf-dump-public title=\"Runtime added dynamic property\">code</span>\": <span class=sf-dump-const>null</span>
      +\"<span class=sf-dump-public title=\"Runtime added dynamic property\">description</span>\": <span class=sf-dump-const>null</span>
      +\"<span class=sf-dump-public title=\"Runtime added dynamic property\">supplier_id</span>\": <span class=sf-dump-num>1</span>
      +\"<span class=sf-dump-public title=\"Runtime added dynamic property\">unit</span>\": \"<span class=sf-dump-str title=\"4 characters\">Each</span>\"
      +\"<span class=sf-dump-public title=\"Runtime added dynamic property\">pack_unit</span>\": <span class=sf-dump-const>null</span>
      +\"<span class=sf-dump-public title=\"Runtime added dynamic property\">units_per_pack</span>\": <span class=sf-dump-const>null</span>
      +\"<span class=sf-dump-public title=\"Runtime added dynamic property\">cost_price</span>\": \"<span class=sf-dump-str title=\"4 characters\">0.00</span>\"
      +\"<span class=sf-dump-public title=\"Runtime added dynamic property\">selling_price</span>\": \"<span class=sf-dump-str title=\"7 characters\">1000.00</span>\"
      +\"<span class=sf-dump-public title=\"Runtime added dynamic property\">min_order_quantity</span>\": \"<span class=sf-dump-str title=\"4 characters\">1.00</span>\"
      +\"<span class=sf-dump-public title=\"Runtime added dynamic property\">is_product</span>\": <span class=sf-dump-num>1</span>
      +\"<span class=sf-dump-public title=\"Runtime added dynamic property\">is_active</span>\": <span class=sf-dump-num>1</span>
      +\"<span class=sf-dump-public title=\"Runtime added dynamic property\">created_at</span>\": \"<span class=sf-dump-str title=\"19 characters\">2026-08-16 14:21:52</span>\"
      +\"<span class=sf-dump-public title=\"Runtime added dynamic property\">updated_at</span>\": \"<span class=sf-dump-str title=\"19 characters\">2026-08-16 14:21:52</span>\"
      +\"<span class=sf-dump-public title=\"Runtime added dynamic property\">supplier_name</span>\": \"<span class=sf-dump-str title=\"7 characters\">General</span>\"
    </samp>}
    <span class=sf-dump-index>88</span> => {<a class=sf-dump-ref>#1691</a><samp data-depth=3 class=sf-dump-compact>
      +\"<span class=sf-dump-public title=\"Runtime added dynamic property\">id</span>\": <span class=sf-dump-num>89</span>
      +\"<span class=sf-dump-public title=\"Runtime added dynamic property\">name</span>\": \"<span class=sf-dump-str title=\"8 characters\">Chiswabu</span>\"
      +\"<span class=sf-dump-public title=\"Runtime added dynamic property\">code</span>\": <span class=sf-dump-const>null</span>
      +\"<span class=sf-dump-public title=\"Runtime added dynamic property\">description</span>\": <span class=sf-dump-const>null</span>
      +\"<span class=sf-dump-public title=\"Runtime added dynamic property\">supplier_id</span>\": <span class=sf-dump-num>1</span>
      +\"<span class=sf-dump-public title=\"Runtime added dynamic property\">unit</span>\": \"<span class=sf-dump-str title=\"4 characters\">Each</span>\"
      +\"<span class=sf-dump-public title=\"Runtime added dynamic property\">pack_unit</span>\": <span class=sf-dump-const>null</span>
      +\"<span class=sf-dump-public title=\"Runtime added dynamic property\">units_per_pack</span>\": <span class=sf-dump-const>null</span>
      +\"<span class=sf-dump-public title=\"Runtime added dynamic property\">cost_price</span>\": \"<span class=sf-dump-str title=\"4 characters\">0.00</span>\"
      +\"<span class=sf-dump-public title=\"Runtime added dynamic property\">selling_price</span>\": \"<span class=sf-dump-str title=\"7 characters\">5000.00</span>\"
      +\"<span class=sf-dump-public title=\"Runtime added dynamic property\">min_order_quantity</span>\": \"<span class=sf-dump-str title=\"4 characters\">1.00</span>\"
      +\"<span class=sf-dump-public title=\"Runtime added dynamic property\">is_product</span>\": <span class=sf-dump-num>1</span>
      +\"<span class=sf-dump-public title=\"Runtime added dynamic property\">is_active</span>\": <span class=sf-dump-num>1</span>
      +\"<span class=sf-dump-public title=\"Runtime added dynamic property\">created_at</span>\": \"<span class=sf-dump-str title=\"19 characters\">2026-08-16 14:21:52</span>\"
      +\"<span class=sf-dump-public title=\"Runtime added dynamic property\">updated_at</span>\": \"<span class=sf-dump-str title=\"19 characters\">2026-08-16 14:21:52</span>\"
      +\"<span class=sf-dump-public title=\"Runtime added dynamic property\">supplier_name</span>\": \"<span class=sf-dump-str title=\"7 characters\">General</span>\"
    </samp>}
    <span class=sf-dump-index>89</span> => {<a class=sf-dump-ref>#1692</a><samp data-depth=3 class=sf-dump-compact>
      +\"<span class=sf-dump-public title=\"Runtime added dynamic property\">id</span>\": <span class=sf-dump-num>90</span>
      +\"<span class=sf-dump-public title=\"Runtime added dynamic property\">name</span>\": \"<span class=sf-dump-str title=\"30 characters\">Chloramphenicol Eye Drops 5Mls</span>\"
      +\"<span class=sf-dump-public title=\"Runtime added dynamic property\">code</span>\": <span class=sf-dump-const>null</span>
      +\"<span class=sf-dump-public title=\"Runtime added dynamic property\">description</span>\": <span class=sf-dump-const>null</span>
      +\"<span class=sf-dump-public title=\"Runtime added dynamic property\">supplier_id</span>\": <span class=sf-dump-num>1</span>
      +\"<span class=sf-dump-public title=\"Runtime added dynamic property\">unit</span>\": \"<span class=sf-dump-str title=\"4 characters\">Each</span>\"
      +\"<span class=sf-dump-public title=\"Runtime added dynamic property\">pack_unit</span>\": <span class=sf-dump-const>null</span>
      +\"<span class=sf-dump-public title=\"Runtime added dynamic property\">units_per_pack</span>\": <span class=sf-dump-const>null</span>
      +\"<span class=sf-dump-public title=\"Runtime added dynamic property\">cost_price</span>\": \"<span class=sf-dump-str title=\"4 characters\">0.00</span>\"
      +\"<span class=sf-dump-public title=\"Runtime added dynamic property\">selling_price</span>\": \"<span class=sf-dump-str title=\"7 characters\">3000.00</span>\"
      +\"<span class=sf-dump-public title=\"Runtime added dynamic property\">min_order_quantity</span>\": \"<span class=sf-dump-str title=\"4 characters\">1.00</span>\"
      +\"<span class=sf-dump-public title=\"Runtime added dynamic property\">is_product</span>\": <span class=sf-dump-num>1</span>
      +\"<span class=sf-dump-public title=\"Runtime added dynamic property\">is_active</span>\": <span class=sf-dump-num>1</span>
      +\"<span class=sf-dump-public title=\"Runtime added dynamic property\">created_at</span>\": \"<span class=sf-dump-str title=\"19 characters\">2026-08-16 14:21:52</span>\"
      +\"<span class=sf-dump-public title=\"Runtime added dynamic property\">updated_at</span>\": \"<span class=sf-dump-str title=\"19 characters\">2026-08-16 14:21:52</span>\"
      +\"<span class=sf-dump-public title=\"Runtime added dynamic property\">supplier_name</span>\": \"<span class=sf-dump-str title=\"7 characters\">General</span>\"
    </samp>}
    <span class=sf-dump-index>90</span> => {<a class=sf-dump-ref>#1693</a><samp data-depth=3 class=sf-dump-compact>
      +\"<span class=sf-dump-public title=\"Runtime added dynamic property\">id</span>\": <span class=sf-dump-num>91</span>
      +\"<span class=sf-dump-public title=\"Runtime added dynamic property\">name</span>\": \"<span class=sf-dump-str title=\"21 characters\">Chloramphenicol Syrup</span>\"
      +\"<span class=sf-dump-public title=\"Runtime added dynamic property\">code</span>\": <span class=sf-dump-const>null</span>
      +\"<span class=sf-dump-public title=\"Runtime added dynamic property\">description</span>\": <span class=sf-dump-const>null</span>
      +\"<span class=sf-dump-public title=\"Runtime added dynamic property\">supplier_id</span>\": <span class=sf-dump-num>1</span>
      +\"<span class=sf-dump-public title=\"Runtime added dynamic property\">unit</span>\": \"<span class=sf-dump-str title=\"4 characters\">Each</span>\"
      +\"<span class=sf-dump-public title=\"Runtime added dynamic property\">pack_unit</span>\": <span class=sf-dump-const>null</span>
      +\"<span class=sf-dump-public title=\"Runtime added dynamic property\">units_per_pack</span>\": <span class=sf-dump-const>null</span>
      +\"<span class=sf-dump-public title=\"Runtime added dynamic property\">cost_price</span>\": \"<span class=sf-dump-str title=\"4 characters\">0.00</span>\"
      +\"<span class=sf-dump-public title=\"Runtime added dynamic property\">selling_price</span>\": \"<span class=sf-dump-str title=\"7 characters\">8000.00</span>\"
      +\"<span class=sf-dump-public title=\"Runtime added dynamic property\">min_order_quantity</span>\": \"<span class=sf-dump-str title=\"4 characters\">1.00</span>\"
      +\"<span class=sf-dump-public title=\"Runtime added dynamic property\">is_product</span>\": <span class=sf-dump-num>1</span>
      +\"<span class=sf-dump-public title=\"Runtime added dynamic property\">is_active</span>\": <span class=sf-dump-num>1</span>
      +\"<span class=sf-dump-public title=\"Runtime added dynamic property\">created_at</span>\": \"<span class=sf-dump-str title=\"19 characters\">2026-08-16 14:21:52</span>\"
      +\"<span class=sf-dump-public title=\"Runtime added dynamic property\">updated_at</span>\": \"<span class=sf-dump-str title=\"19 characters\">2026-08-16 14:21:52</span>\"
      +\"<span class=sf-dump-public title=\"Runtime added dynamic property\">supplier_name</span>\": \"<span class=sf-dump-str title=\"7 characters\">General</span>\"
    </samp>}
    <span class=sf-dump-index>91</span> => {<a class=sf-dump-ref>#1694</a><samp data-depth=3 class=sf-dump-compact>
      +\"<span class=sf-dump-public title=\"Runtime added dynamic property\">id</span>\": <span class=sf-dump-num>92</span>
      +\"<span class=sf-dump-public title=\"Runtime added dynamic property\">name</span>\": \"<span class=sf-dump-str title=\"15 characters\">Cimetidine Tabs</span>\"
      +\"<span class=sf-dump-public title=\"Runtime added dynamic property\">code</span>\": <span class=sf-dump-const>null</span>
      +\"<span class=sf-dump-public title=\"Runtime added dynamic property\">description</span>\": <span class=sf-dump-const>null</span>
      +\"<span class=sf-dump-public title=\"Runtime added dynamic property\">supplier_id</span>\": <span class=sf-dump-num>1</span>
      +\"<span class=sf-dump-public title=\"Runtime added dynamic property\">unit</span>\": \"<span class=sf-dump-str title=\"3 characters\">10s</span>\"
      +\"<span class=sf-dump-public title=\"Runtime added dynamic property\">pack_unit</span>\": <span class=sf-dump-const>null</span>
      +\"<span class=sf-dump-public title=\"Runtime added dynamic property\">units_per_pack</span>\": <span class=sf-dump-const>null</span>
      +\"<span class=sf-dump-public title=\"Runtime added dynamic property\">cost_price</span>\": \"<span class=sf-dump-str title=\"4 characters\">0.00</span>\"
      +\"<span class=sf-dump-public title=\"Runtime added dynamic property\">selling_price</span>\": \"<span class=sf-dump-str title=\"7 characters\">6000.00</span>\"
      +\"<span class=sf-dump-public title=\"Runtime added dynamic property\">min_order_quantity</span>\": \"<span class=sf-dump-str title=\"4 characters\">1.00</span>\"
      +\"<span class=sf-dump-public title=\"Runtime added dynamic property\">is_product</span>\": <span class=sf-dump-num>1</span>
      +\"<span class=sf-dump-public title=\"Runtime added dynamic property\">is_active</span>\": <span class=sf-dump-num>1</span>
      +\"<span class=sf-dump-public title=\"Runtime added dynamic property\">created_at</span>\": \"<span class=sf-dump-str title=\"19 characters\">2026-08-16 14:21:52</span>\"
      +\"<span class=sf-dump-public title=\"Runtime added dynamic property\">updated_at</span>\": \"<span class=sf-dump-str title=\"19 characters\">2026-08-16 14:21:52</span>\"
      +\"<span class=sf-dump-public title=\"Runtime added dynamic property\">supplier_name</span>\": \"<span class=sf-dump-str title=\"7 characters\">General</span>\"
    </samp>}
    <span class=sf-dump-index>92</span> => {<a class=sf-dump-ref>#1695</a><samp data-depth=3 class=sf-dump-compact>
      +\"<span class=sf-dump-public title=\"Runtime added dynamic property\">id</span>\": <span class=sf-dump-num>93</span>
      +\"<span class=sf-dump-public title=\"Runtime added dynamic property\">name</span>\": \"<span class=sf-dump-str title=\"15 characters\">Cipro Eye Drops</span>\"
      +\"<span class=sf-dump-public title=\"Runtime added dynamic property\">code</span>\": <span class=sf-dump-const>null</span>
      +\"<span class=sf-dump-public title=\"Runtime added dynamic property\">description</span>\": <span class=sf-dump-const>null</span>
      +\"<span class=sf-dump-public title=\"Runtime added dynamic property\">supplier_id</span>\": <span class=sf-dump-num>1</span>
      +\"<span class=sf-dump-public title=\"Runtime added dynamic property\">unit</span>\": \"<span class=sf-dump-str title=\"4 characters\">Each</span>\"
      +\"<span class=sf-dump-public title=\"Runtime added dynamic property\">pack_unit</span>\": <span class=sf-dump-const>null</span>
      +\"<span class=sf-dump-public title=\"Runtime added dynamic property\">units_per_pack</span>\": <span class=sf-dump-const>null</span>
      +\"<span class=sf-dump-public title=\"Runtime added dynamic property\">cost_price</span>\": \"<span class=sf-dump-str title=\"4 characters\">0.00</span>\"
      +\"<span class=sf-dump-public title=\"Runtime added dynamic property\">selling_price</span>\": \"<span class=sf-dump-str title=\"7 characters\">2500.00</span>\"
      +\"<span class=sf-dump-public title=\"Runtime added dynamic property\">min_order_quantity</span>\": \"<span class=sf-dump-str title=\"4 characters\">1.00</span>\"
      +\"<span class=sf-dump-public title=\"Runtime added dynamic property\">is_product</span>\": <span class=sf-dump-num>1</span>
      +\"<span class=sf-dump-public title=\"Runtime added dynamic property\">is_active</span>\": <span class=sf-dump-num>1</span>
      +\"<span class=sf-dump-public title=\"Runtime added dynamic property\">created_at</span>\": \"<span class=sf-dump-str title=\"19 characters\">2026-08-16 14:21:52</span>\"
      +\"<span class=sf-dump-public title=\"Runtime added dynamic property\">updated_at</span>\": \"<span class=sf-dump-str title=\"19 characters\">2026-08-16 14:21:52</span>\"
      +\"<span class=sf-dump-public title=\"Runtime added dynamic property\">supplier_name</span>\": \"<span class=sf-dump-str title=\"7 characters\">General</span>\"
    </samp>}
    <span class=sf-dump-index>93</span> => {<a class=sf-dump-ref>#1696</a><samp data-depth=3 class=sf-dump-compact>
      +\"<span class=sf-dump-public title=\"Runtime added dynamic property\">id</span>\": <span class=sf-dump-num>94</span>
      +\"<span class=sf-dump-public title=\"Runtime added dynamic property\">name</span>\": \"<span class=sf-dump-str title=\"19 characters\">Ciprofloxacin 250Mg</span>\"
      +\"<span class=sf-dump-public title=\"Runtime added dynamic property\">code</span>\": <span class=sf-dump-const>null</span>
      +\"<span class=sf-dump-public title=\"Runtime added dynamic property\">description</span>\": <span class=sf-dump-const>null</span>
      +\"<span class=sf-dump-public title=\"Runtime added dynamic property\">supplier_id</span>\": <span class=sf-dump-num>1</span>
      +\"<span class=sf-dump-public title=\"Runtime added dynamic property\">unit</span>\": \"<span class=sf-dump-str title=\"3 characters\">20s</span>\"
      +\"<span class=sf-dump-public title=\"Runtime added dynamic property\">pack_unit</span>\": <span class=sf-dump-const>null</span>
      +\"<span class=sf-dump-public title=\"Runtime added dynamic property\">units_per_pack</span>\": <span class=sf-dump-const>null</span>
      +\"<span class=sf-dump-public title=\"Runtime added dynamic property\">cost_price</span>\": \"<span class=sf-dump-str title=\"4 characters\">0.00</span>\"
      +\"<span class=sf-dump-public title=\"Runtime added dynamic property\">selling_price</span>\": \"<span class=sf-dump-str title=\"7 characters\">4000.00</span>\"
      +\"<span class=sf-dump-public title=\"Runtime added dynamic property\">min_order_quantity</span>\": \"<span class=sf-dump-str title=\"4 characters\">1.00</span>\"
      +\"<span class=sf-dump-public title=\"Runtime added dynamic property\">is_product</span>\": <span class=sf-dump-num>1</span>
      +\"<span class=sf-dump-public title=\"Runtime added dynamic property\">is_active</span>\": <span class=sf-dump-num>1</span>
      +\"<span class=sf-dump-public title=\"Runtime added dynamic property\">created_at</span>\": \"<span class=sf-dump-str title=\"19 characters\">2026-08-16 14:21:52</span>\"
      +\"<span class=sf-dump-public title=\"Runtime added dynamic property\">updated_at</span>\": \"<span class=sf-dump-str title=\"19 characters\">2026-08-16 14:21:52</span>\"
      +\"<span class=sf-dump-public title=\"Runtime added dynamic property\">supplier_name</span>\": \"<span class=sf-dump-str title=\"7 characters\">General</span>\"
    </samp>}
    <span class=sf-dump-index>94</span> => {<a class=sf-dump-ref>#1697</a><samp data-depth=3 class=sf-dump-compact>
      +\"<span class=sf-dump-public title=\"Runtime added dynamic property\">id</span>\": <span class=sf-dump-num>95</span>
      +\"<span class=sf-dump-public title=\"Runtime added dynamic property\">name</span>\": \"<span class=sf-dump-str title=\"19 characters\">Ciprofloxacin 500Mg</span>\"
      +\"<span class=sf-dump-public title=\"Runtime added dynamic property\">code</span>\": <span class=sf-dump-const>null</span>
      +\"<span class=sf-dump-public title=\"Runtime added dynamic property\">description</span>\": <span class=sf-dump-const>null</span>
      +\"<span class=sf-dump-public title=\"Runtime added dynamic property\">supplier_id</span>\": <span class=sf-dump-num>1</span>
      +\"<span class=sf-dump-public title=\"Runtime added dynamic property\">unit</span>\": \"<span class=sf-dump-str title=\"3 characters\">10s</span>\"
      +\"<span class=sf-dump-public title=\"Runtime added dynamic property\">pack_unit</span>\": <span class=sf-dump-const>null</span>
      +\"<span class=sf-dump-public title=\"Runtime added dynamic property\">units_per_pack</span>\": <span class=sf-dump-const>null</span>
      +\"<span class=sf-dump-public title=\"Runtime added dynamic property\">cost_price</span>\": \"<span class=sf-dump-str title=\"4 characters\">0.00</span>\"
      +\"<span class=sf-dump-public title=\"Runtime added dynamic property\">selling_price</span>\": \"<span class=sf-dump-str title=\"7 characters\">3500.00</span>\"
      +\"<span class=sf-dump-public title=\"Runtime added dynamic property\">min_order_quantity</span>\": \"<span class=sf-dump-str title=\"4 characters\">1.00</span>\"
      +\"<span class=sf-dump-public title=\"Runtime added dynamic property\">is_product</span>\": <span class=sf-dump-num>1</span>
      +\"<span class=sf-dump-public title=\"Runtime added dynamic property\">is_active</span>\": <span class=sf-dump-num>1</span>
      +\"<span class=sf-dump-public title=\"Runtime added dynamic property\">created_at</span>\": \"<span class=sf-dump-str title=\"19 characters\">2026-08-16 14:21:52</span>\"
      +\"<span class=sf-dump-public title=\"Runtime added dynamic property\">updated_at</span>\": \"<span class=sf-dump-str title=\"19 characters\">2026-08-16 14:21:52</span>\"
      +\"<span class=sf-dump-public title=\"Runtime added dynamic property\">supplier_name</span>\": \"<span class=sf-dump-str title=\"7 characters\">General</span>\"
    </samp>}
    <span class=sf-dump-index>95</span> => {<a class=sf-dump-ref>#1698</a><samp data-depth=3 class=sf-dump-compact>
      +\"<span class=sf-dump-public title=\"Runtime added dynamic property\">id</span>\": <span class=sf-dump-num>96</span>
      +\"<span class=sf-dump-public title=\"Runtime added dynamic property\">name</span>\": \"<span class=sf-dump-str title=\"22 characters\">Clomifene Citrate Tabs</span>\"
      +\"<span class=sf-dump-public title=\"Runtime added dynamic property\">code</span>\": <span class=sf-dump-const>null</span>
      +\"<span class=sf-dump-public title=\"Runtime added dynamic property\">description</span>\": <span class=sf-dump-const>null</span>
      +\"<span class=sf-dump-public title=\"Runtime added dynamic property\">supplier_id</span>\": <span class=sf-dump-num>1</span>
      +\"<span class=sf-dump-public title=\"Runtime added dynamic property\">unit</span>\": \"<span class=sf-dump-str title=\"3 characters\">10s</span>\"
      +\"<span class=sf-dump-public title=\"Runtime added dynamic property\">pack_unit</span>\": <span class=sf-dump-const>null</span>
      +\"<span class=sf-dump-public title=\"Runtime added dynamic property\">units_per_pack</span>\": <span class=sf-dump-const>null</span>
      +\"<span class=sf-dump-public title=\"Runtime added dynamic property\">cost_price</span>\": \"<span class=sf-dump-str title=\"4 characters\">0.00</span>\"
      +\"<span class=sf-dump-public title=\"Runtime added dynamic property\">selling_price</span>\": \"<span class=sf-dump-str title=\"8 characters\">12000.00</span>\"
      +\"<span class=sf-dump-public title=\"Runtime added dynamic property\">min_order_quantity</span>\": \"<span class=sf-dump-str title=\"4 characters\">1.00</span>\"
      +\"<span class=sf-dump-public title=\"Runtime added dynamic property\">is_product</span>\": <span class=sf-dump-num>1</span>
      +\"<span class=sf-dump-public title=\"Runtime added dynamic property\">is_active</span>\": <span class=sf-dump-num>1</span>
      +\"<span class=sf-dump-public title=\"Runtime added dynamic property\">created_at</span>\": \"<span class=sf-dump-str title=\"19 characters\">2026-08-16 14:21:52</span>\"
      +\"<span class=sf-dump-public title=\"Runtime added dynamic property\">updated_at</span>\": \"<span class=sf-dump-str title=\"19 characters\">2026-08-16 14:21:52</span>\"
      +\"<span class=sf-dump-public title=\"Runtime added dynamic property\">supplier_name</span>\": \"<span class=sf-dump-str title=\"7 characters\">General</span>\"
    </samp>}
    <span class=sf-dump-index>96</span> => {<a class=sf-dump-ref>#1699</a><samp data-depth=3 class=sf-dump-compact>
      +\"<span class=sf-dump-public title=\"Runtime added dynamic property\">id</span>\": <span class=sf-dump-num>97</span>
      +\"<span class=sf-dump-public title=\"Runtime added dynamic property\">name</span>\": \"<span class=sf-dump-str title=\"27 characters\">Clonem (Clotrimazole Cream)</span>\"
      +\"<span class=sf-dump-public title=\"Runtime added dynamic property\">code</span>\": <span class=sf-dump-const>null</span>
      +\"<span class=sf-dump-public title=\"Runtime added dynamic property\">description</span>\": <span class=sf-dump-const>null</span>
      +\"<span class=sf-dump-public title=\"Runtime added dynamic property\">supplier_id</span>\": <span class=sf-dump-num>1</span>
      +\"<span class=sf-dump-public title=\"Runtime added dynamic property\">unit</span>\": \"<span class=sf-dump-str title=\"4 characters\">Each</span>\"
      +\"<span class=sf-dump-public title=\"Runtime added dynamic property\">pack_unit</span>\": <span class=sf-dump-const>null</span>
      +\"<span class=sf-dump-public title=\"Runtime added dynamic property\">units_per_pack</span>\": <span class=sf-dump-const>null</span>
      +\"<span class=sf-dump-public title=\"Runtime added dynamic property\">cost_price</span>\": \"<span class=sf-dump-str title=\"4 characters\">0.00</span>\"
      +\"<span class=sf-dump-public title=\"Runtime added dynamic property\">selling_price</span>\": \"<span class=sf-dump-str title=\"7 characters\">2500.00</span>\"
      +\"<span class=sf-dump-public title=\"Runtime added dynamic property\">min_order_quantity</span>\": \"<span class=sf-dump-str title=\"4 characters\">1.00</span>\"
      +\"<span class=sf-dump-public title=\"Runtime added dynamic property\">is_product</span>\": <span class=sf-dump-num>1</span>
      +\"<span class=sf-dump-public title=\"Runtime added dynamic property\">is_active</span>\": <span class=sf-dump-num>1</span>
      +\"<span class=sf-dump-public title=\"Runtime added dynamic property\">created_at</span>\": \"<span class=sf-dump-str title=\"19 characters\">2026-08-16 14:21:52</span>\"
      +\"<span class=sf-dump-public title=\"Runtime added dynamic property\">updated_at</span>\": \"<span class=sf-dump-str title=\"19 characters\">2026-08-16 14:21:52</span>\"
      +\"<span class=sf-dump-public title=\"Runtime added dynamic property\">supplier_name</span>\": \"<span class=sf-dump-str title=\"7 characters\">General</span>\"
    </samp>}
    <span class=sf-dump-index>97</span> => {<a class=sf-dump-ref>#1700</a><samp data-depth=3 class=sf-dump-compact>
      +\"<span class=sf-dump-public title=\"Runtime added dynamic property\">id</span>\": <span class=sf-dump-num>98</span>
      +\"<span class=sf-dump-public title=\"Runtime added dynamic property\">name</span>\": \"<span class=sf-dump-str title=\"29 characters\">Clonem G (Clotrimazole Cream)</span>\"
      +\"<span class=sf-dump-public title=\"Runtime added dynamic property\">code</span>\": <span class=sf-dump-const>null</span>
      +\"<span class=sf-dump-public title=\"Runtime added dynamic property\">description</span>\": <span class=sf-dump-const>null</span>
      +\"<span class=sf-dump-public title=\"Runtime added dynamic property\">supplier_id</span>\": <span class=sf-dump-num>1</span>
      +\"<span class=sf-dump-public title=\"Runtime added dynamic property\">unit</span>\": \"<span class=sf-dump-str title=\"4 characters\">Each</span>\"
      +\"<span class=sf-dump-public title=\"Runtime added dynamic property\">pack_unit</span>\": <span class=sf-dump-const>null</span>
      +\"<span class=sf-dump-public title=\"Runtime added dynamic property\">units_per_pack</span>\": <span class=sf-dump-const>null</span>
      +\"<span class=sf-dump-public title=\"Runtime added dynamic property\">cost_price</span>\": \"<span class=sf-dump-str title=\"4 characters\">0.00</span>\"
      +\"<span class=sf-dump-public title=\"Runtime added dynamic property\">selling_price</span>\": \"<span class=sf-dump-str title=\"7 characters\">7000.00</span>\"
      +\"<span class=sf-dump-public title=\"Runtime added dynamic property\">min_order_quantity</span>\": \"<span class=sf-dump-str title=\"4 characters\">1.00</span>\"
      +\"<span class=sf-dump-public title=\"Runtime added dynamic property\">is_product</span>\": <span class=sf-dump-num>1</span>
      +\"<span class=sf-dump-public title=\"Runtime added dynamic property\">is_active</span>\": <span class=sf-dump-num>1</span>
      +\"<span class=sf-dump-public title=\"Runtime added dynamic property\">created_at</span>\": \"<span class=sf-dump-str title=\"19 characters\">2026-08-16 14:21:52</span>\"
      +\"<span class=sf-dump-public title=\"Runtime added dynamic property\">updated_at</span>\": \"<span class=sf-dump-str title=\"19 characters\">2026-08-16 14:21:52</span>\"
      +\"<span class=sf-dump-public title=\"Runtime added dynamic property\">supplier_name</span>\": \"<span class=sf-dump-str title=\"7 characters\">General</span>\"
    </samp>}
    <span class=sf-dump-index>98</span> => {<a class=sf-dump-ref>#1701</a><samp data-depth=3 class=sf-dump-compact>
      +\"<span class=sf-dump-public title=\"Runtime added dynamic property\">id</span>\": <span class=sf-dump-num>99</span>
      +\"<span class=sf-dump-public title=\"Runtime added dynamic property\">name</span>\": \"<span class=sf-dump-str title=\"30 characters\">Clotrimazole  Cream (Labesten)</span>\"
      +\"<span class=sf-dump-public title=\"Runtime added dynamic property\">code</span>\": <span class=sf-dump-const>null</span>
      +\"<span class=sf-dump-public title=\"Runtime added dynamic property\">description</span>\": <span class=sf-dump-const>null</span>
      +\"<span class=sf-dump-public title=\"Runtime added dynamic property\">supplier_id</span>\": <span class=sf-dump-num>1</span>
      +\"<span class=sf-dump-public title=\"Runtime added dynamic property\">unit</span>\": \"<span class=sf-dump-str title=\"4 characters\">Each</span>\"
      +\"<span class=sf-dump-public title=\"Runtime added dynamic property\">pack_unit</span>\": <span class=sf-dump-const>null</span>
      +\"<span class=sf-dump-public title=\"Runtime added dynamic property\">units_per_pack</span>\": <span class=sf-dump-const>null</span>
      +\"<span class=sf-dump-public title=\"Runtime added dynamic property\">cost_price</span>\": \"<span class=sf-dump-str title=\"4 characters\">0.00</span>\"
      +\"<span class=sf-dump-public title=\"Runtime added dynamic property\">selling_price</span>\": \"<span class=sf-dump-str title=\"7 characters\">2000.00</span>\"
      +\"<span class=sf-dump-public title=\"Runtime added dynamic property\">min_order_quantity</span>\": \"<span class=sf-dump-str title=\"4 characters\">1.00</span>\"
      +\"<span class=sf-dump-public title=\"Runtime added dynamic property\">is_product</span>\": <span class=sf-dump-num>1</span>
      +\"<span class=sf-dump-public title=\"Runtime added dynamic property\">is_active</span>\": <span class=sf-dump-num>1</span>
      +\"<span class=sf-dump-public title=\"Runtime added dynamic property\">created_at</span>\": \"<span class=sf-dump-str title=\"19 characters\">2026-08-16 14:21:52</span>\"
      +\"<span class=sf-dump-public title=\"Runtime added dynamic property\">updated_at</span>\": \"<span class=sf-dump-str title=\"19 characters\">2026-08-16 14:21:52</span>\"
      +\"<span class=sf-dump-public title=\"Runtime added dynamic property\">supplier_name</span>\": \"<span class=sf-dump-str title=\"7 characters\">General</span>\"
    </samp>}
    <span class=sf-dump-index>99</span> => {<a class=sf-dump-ref>#1702</a><samp data-depth=3 class=sf-dump-compact>
      +\"<span class=sf-dump-public title=\"Runtime added dynamic property\">id</span>\": <span class=sf-dump-num>100</span>
      +\"<span class=sf-dump-public title=\"Runtime added dynamic property\">name</span>\": \"<span class=sf-dump-str title=\"27 characters\">Clotrimazole Cream (Dazole)</span>\"
      +\"<span class=sf-dump-public title=\"Runtime added dynamic property\">code</span>\": <span class=sf-dump-const>null</span>
      +\"<span class=sf-dump-public title=\"Runtime added dynamic property\">description</span>\": <span class=sf-dump-const>null</span>
      +\"<span class=sf-dump-public title=\"Runtime added dynamic property\">supplier_id</span>\": <span class=sf-dump-num>1</span>
      +\"<span class=sf-dump-public title=\"Runtime added dynamic property\">unit</span>\": \"<span class=sf-dump-str title=\"4 characters\">Each</span>\"
      +\"<span class=sf-dump-public title=\"Runtime added dynamic property\">pack_unit</span>\": <span class=sf-dump-const>null</span>
      +\"<span class=sf-dump-public title=\"Runtime added dynamic property\">units_per_pack</span>\": <span class=sf-dump-const>null</span>
      +\"<span class=sf-dump-public title=\"Runtime added dynamic property\">cost_price</span>\": \"<span class=sf-dump-str title=\"4 characters\">0.00</span>\"
      +\"<span class=sf-dump-public title=\"Runtime added dynamic property\">selling_price</span>\": \"<span class=sf-dump-str title=\"7 characters\">3000.00</span>\"
      +\"<span class=sf-dump-public title=\"Runtime added dynamic property\">min_order_quantity</span>\": \"<span class=sf-dump-str title=\"4 characters\">1.00</span>\"
      +\"<span class=sf-dump-public title=\"Runtime added dynamic property\">is_product</span>\": <span class=sf-dump-num>1</span>
      +\"<span class=sf-dump-public title=\"Runtime added dynamic property\">is_active</span>\": <span class=sf-dump-num>1</span>
      +\"<span class=sf-dump-public title=\"Runtime added dynamic property\">created_at</span>\": \"<span class=sf-dump-str title=\"19 characters\">2026-08-16 14:21:52</span>\"
      +\"<span class=sf-dump-public title=\"Runtime added dynamic property\">updated_at</span>\": \"<span class=sf-dump-str title=\"19 characters\">2026-08-16 14:21:52</span>\"
      +\"<span class=sf-dump-public title=\"Runtime added dynamic property\">supplier_name</span>\": \"<span class=sf-dump-str title=\"7 characters\">General</span>\"
    </samp>}
    <span class=sf-dump-index>100</span> => {<a class=sf-dump-ref>#1703</a><samp data-depth=3 class=sf-dump-compact>
      +\"<span class=sf-dump-public title=\"Runtime added dynamic property\">id</span>\": <span class=sf-dump-num>101</span>
      +\"<span class=sf-dump-public title=\"Runtime added dynamic property\">name</span>\": \"<span class=sf-dump-str title=\"16 characters\">Clotrine B Cream</span>\"
      +\"<span class=sf-dump-public title=\"Runtime added dynamic property\">code</span>\": <span class=sf-dump-const>null</span>
      +\"<span class=sf-dump-public title=\"Runtime added dynamic property\">description</span>\": <span class=sf-dump-const>null</span>
      +\"<span class=sf-dump-public title=\"Runtime added dynamic property\">supplier_id</span>\": <span class=sf-dump-num>1</span>
      +\"<span class=sf-dump-public title=\"Runtime added dynamic property\">unit</span>\": \"<span class=sf-dump-str title=\"4 characters\">Each</span>\"
      +\"<span class=sf-dump-public title=\"Runtime added dynamic property\">pack_unit</span>\": <span class=sf-dump-const>null</span>
      +\"<span class=sf-dump-public title=\"Runtime added dynamic property\">units_per_pack</span>\": <span class=sf-dump-const>null</span>
      +\"<span class=sf-dump-public title=\"Runtime added dynamic property\">cost_price</span>\": \"<span class=sf-dump-str title=\"4 characters\">0.00</span>\"
      +\"<span class=sf-dump-public title=\"Runtime added dynamic property\">selling_price</span>\": \"<span class=sf-dump-str title=\"7 characters\">7000.00</span>\"
      +\"<span class=sf-dump-public title=\"Runtime added dynamic property\">min_order_quantity</span>\": \"<span class=sf-dump-str title=\"4 characters\">1.00</span>\"
      +\"<span class=sf-dump-public title=\"Runtime added dynamic property\">is_product</span>\": <span class=sf-dump-num>1</span>
      +\"<span class=sf-dump-public title=\"Runtime added dynamic property\">is_active</span>\": <span class=sf-dump-num>1</span>
      +\"<span class=sf-dump-public title=\"Runtime added dynamic property\">created_at</span>\": \"<span class=sf-dump-str title=\"19 characters\">2026-08-16 14:21:52</span>\"
      +\"<span class=sf-dump-public title=\"Runtime added dynamic property\">updated_at</span>\": \"<span class=sf-dump-str title=\"19 characters\">2026-08-16 14:21:52</span>\"
      +\"<span class=sf-dump-public title=\"Runtime added dynamic property\">supplier_name</span>\": \"<span class=sf-dump-str title=\"7 characters\">General</span>\"
    </samp>}
    <span class=sf-dump-index>101</span> => {<a class=sf-dump-ref>#1704</a><samp data-depth=3 class=sf-dump-compact>
      +\"<span class=sf-dump-public title=\"Runtime added dynamic property\">id</span>\": <span class=sf-dump-num>102</span>
      +\"<span class=sf-dump-public title=\"Runtime added dynamic property\">name</span>\": \"<span class=sf-dump-str title=\"17 characters\">Cloxacillin 250Mg</span>\"
      +\"<span class=sf-dump-public title=\"Runtime added dynamic property\">code</span>\": <span class=sf-dump-const>null</span>
      +\"<span class=sf-dump-public title=\"Runtime added dynamic property\">description</span>\": <span class=sf-dump-const>null</span>
      +\"<span class=sf-dump-public title=\"Runtime added dynamic property\">supplier_id</span>\": <span class=sf-dump-num>1</span>
      +\"<span class=sf-dump-public title=\"Runtime added dynamic property\">unit</span>\": \"<span class=sf-dump-str title=\"3 characters\">40s</span>\"
      +\"<span class=sf-dump-public title=\"Runtime added dynamic property\">pack_unit</span>\": <span class=sf-dump-const>null</span>
      +\"<span class=sf-dump-public title=\"Runtime added dynamic property\">units_per_pack</span>\": <span class=sf-dump-const>null</span>
      +\"<span class=sf-dump-public title=\"Runtime added dynamic property\">cost_price</span>\": \"<span class=sf-dump-str title=\"4 characters\">0.00</span>\"
      +\"<span class=sf-dump-public title=\"Runtime added dynamic property\">selling_price</span>\": \"<span class=sf-dump-str title=\"8 characters\">10000.00</span>\"
      +\"<span class=sf-dump-public title=\"Runtime added dynamic property\">min_order_quantity</span>\": \"<span class=sf-dump-str title=\"4 characters\">1.00</span>\"
      +\"<span class=sf-dump-public title=\"Runtime added dynamic property\">is_product</span>\": <span class=sf-dump-num>1</span>
      +\"<span class=sf-dump-public title=\"Runtime added dynamic property\">is_active</span>\": <span class=sf-dump-num>1</span>
      +\"<span class=sf-dump-public title=\"Runtime added dynamic property\">created_at</span>\": \"<span class=sf-dump-str title=\"19 characters\">2026-08-16 14:21:52</span>\"
      +\"<span class=sf-dump-public title=\"Runtime added dynamic property\">updated_at</span>\": \"<span class=sf-dump-str title=\"19 characters\">2026-08-16 14:21:52</span>\"
      +\"<span class=sf-dump-public title=\"Runtime added dynamic property\">supplier_name</span>\": \"<span class=sf-dump-str title=\"7 characters\">General</span>\"
    </samp>}
    <span class=sf-dump-index>102</span> => {<a class=sf-dump-ref>#1705</a><samp data-depth=3 class=sf-dump-compact>
      +\"<span class=sf-dump-public title=\"Runtime added dynamic property\">id</span>\": <span class=sf-dump-num>103</span>
      +\"<span class=sf-dump-public title=\"Runtime added dynamic property\">name</span>\": \"<span class=sf-dump-str title=\"26 characters\">Cloxacillin 250Mg (Strips)</span>\"
      +\"<span class=sf-dump-public title=\"Runtime added dynamic property\">code</span>\": <span class=sf-dump-const>null</span>
      +\"<span class=sf-dump-public title=\"Runtime added dynamic property\">description</span>\": <span class=sf-dump-const>null</span>
      +\"<span class=sf-dump-public title=\"Runtime added dynamic property\">supplier_id</span>\": <span class=sf-dump-num>1</span>
      +\"<span class=sf-dump-public title=\"Runtime added dynamic property\">unit</span>\": \"<span class=sf-dump-str title=\"3 characters\">10s</span>\"
      +\"<span class=sf-dump-public title=\"Runtime added dynamic property\">pack_unit</span>\": <span class=sf-dump-const>null</span>
      +\"<span class=sf-dump-public title=\"Runtime added dynamic property\">units_per_pack</span>\": <span class=sf-dump-const>null</span>
      +\"<span class=sf-dump-public title=\"Runtime added dynamic property\">cost_price</span>\": \"<span class=sf-dump-str title=\"4 characters\">0.00</span>\"
      +\"<span class=sf-dump-public title=\"Runtime added dynamic property\">selling_price</span>\": \"<span class=sf-dump-str title=\"7 characters\">3000.00</span>\"
      +\"<span class=sf-dump-public title=\"Runtime added dynamic property\">min_order_quantity</span>\": \"<span class=sf-dump-str title=\"4 characters\">1.00</span>\"
      +\"<span class=sf-dump-public title=\"Runtime added dynamic property\">is_product</span>\": <span class=sf-dump-num>1</span>
      +\"<span class=sf-dump-public title=\"Runtime added dynamic property\">is_active</span>\": <span class=sf-dump-num>1</span>
      +\"<span class=sf-dump-public title=\"Runtime added dynamic property\">created_at</span>\": \"<span class=sf-dump-str title=\"19 characters\">2026-08-16 14:21:52</span>\"
      +\"<span class=sf-dump-public title=\"Runtime added dynamic property\">updated_at</span>\": \"<span class=sf-dump-str title=\"19 characters\">2026-08-16 14:21:52</span>\"
      +\"<span class=sf-dump-public title=\"Runtime added dynamic property\">supplier_name</span>\": \"<span class=sf-dump-str title=\"7 characters\">General</span>\"
    </samp>}
    <span class=sf-dump-index>103</span> => {<a class=sf-dump-ref>#1706</a><samp data-depth=3 class=sf-dump-compact>
      +\"<span class=sf-dump-public title=\"Runtime added dynamic property\">id</span>\": <span class=sf-dump-num>104</span>
      +\"<span class=sf-dump-public title=\"Runtime added dynamic property\">name</span>\": \"<span class=sf-dump-str title=\"24 characters\">Cloxacillin Syrup 100Mls</span>\"
      +\"<span class=sf-dump-public title=\"Runtime added dynamic property\">code</span>\": <span class=sf-dump-const>null</span>
      +\"<span class=sf-dump-public title=\"Runtime added dynamic property\">description</span>\": <span class=sf-dump-const>null</span>
      +\"<span class=sf-dump-public title=\"Runtime added dynamic property\">supplier_id</span>\": <span class=sf-dump-num>1</span>
      +\"<span class=sf-dump-public title=\"Runtime added dynamic property\">unit</span>\": \"<span class=sf-dump-str title=\"4 characters\">Each</span>\"
      +\"<span class=sf-dump-public title=\"Runtime added dynamic property\">pack_unit</span>\": <span class=sf-dump-const>null</span>
      +\"<span class=sf-dump-public title=\"Runtime added dynamic property\">units_per_pack</span>\": <span class=sf-dump-const>null</span>
      +\"<span class=sf-dump-public title=\"Runtime added dynamic property\">cost_price</span>\": \"<span class=sf-dump-str title=\"4 characters\">0.00</span>\"
      +\"<span class=sf-dump-public title=\"Runtime added dynamic property\">selling_price</span>\": \"<span class=sf-dump-str title=\"7 characters\">7000.00</span>\"
      +\"<span class=sf-dump-public title=\"Runtime added dynamic property\">min_order_quantity</span>\": \"<span class=sf-dump-str title=\"4 characters\">1.00</span>\"
      +\"<span class=sf-dump-public title=\"Runtime added dynamic property\">is_product</span>\": <span class=sf-dump-num>1</span>
      +\"<span class=sf-dump-public title=\"Runtime added dynamic property\">is_active</span>\": <span class=sf-dump-num>1</span>
      +\"<span class=sf-dump-public title=\"Runtime added dynamic property\">created_at</span>\": \"<span class=sf-dump-str title=\"19 characters\">2026-08-16 14:21:52</span>\"
      +\"<span class=sf-dump-public title=\"Runtime added dynamic property\">updated_at</span>\": \"<span class=sf-dump-str title=\"19 characters\">2026-08-16 14:21:52</span>\"
      +\"<span class=sf-dump-public title=\"Runtime added dynamic property\">supplier_name</span>\": \"<span class=sf-dump-str title=\"7 characters\">General</span>\"
    </samp>}
    <span class=sf-dump-index>104</span> => {<a class=sf-dump-ref>#1707</a><samp data-depth=3 class=sf-dump-compact>
      +\"<span class=sf-dump-public title=\"Runtime added dynamic property\">id</span>\": <span class=sf-dump-num>105</span>
      +\"<span class=sf-dump-public title=\"Runtime added dynamic property\">name</span>\": \"<span class=sf-dump-str title=\"17 characters\">Cofex Cough Syrup</span>\"
      +\"<span class=sf-dump-public title=\"Runtime added dynamic property\">code</span>\": <span class=sf-dump-const>null</span>
      +\"<span class=sf-dump-public title=\"Runtime added dynamic property\">description</span>\": <span class=sf-dump-const>null</span>
      +\"<span class=sf-dump-public title=\"Runtime added dynamic property\">supplier_id</span>\": <span class=sf-dump-num>1</span>
      +\"<span class=sf-dump-public title=\"Runtime added dynamic property\">unit</span>\": \"<span class=sf-dump-str title=\"4 characters\">Each</span>\"
      +\"<span class=sf-dump-public title=\"Runtime added dynamic property\">pack_unit</span>\": <span class=sf-dump-const>null</span>
      +\"<span class=sf-dump-public title=\"Runtime added dynamic property\">units_per_pack</span>\": <span class=sf-dump-const>null</span>
      +\"<span class=sf-dump-public title=\"Runtime added dynamic property\">cost_price</span>\": \"<span class=sf-dump-str title=\"4 characters\">0.00</span>\"
      +\"<span class=sf-dump-public title=\"Runtime added dynamic property\">selling_price</span>\": \"<span class=sf-dump-str title=\"7 characters\">6000.00</span>\"
      +\"<span class=sf-dump-public title=\"Runtime added dynamic property\">min_order_quantity</span>\": \"<span class=sf-dump-str title=\"4 characters\">1.00</span>\"
      +\"<span class=sf-dump-public title=\"Runtime added dynamic property\">is_product</span>\": <span class=sf-dump-num>1</span>
      +\"<span class=sf-dump-public title=\"Runtime added dynamic property\">is_active</span>\": <span class=sf-dump-num>1</span>
      +\"<span class=sf-dump-public title=\"Runtime added dynamic property\">created_at</span>\": \"<span class=sf-dump-str title=\"19 characters\">2026-08-16 14:21:52</span>\"
      +\"<span class=sf-dump-public title=\"Runtime added dynamic property\">updated_at</span>\": \"<span class=sf-dump-str title=\"19 characters\">2026-08-16 14:21:52</span>\"
      +\"<span class=sf-dump-public title=\"Runtime added dynamic property\">supplier_name</span>\": \"<span class=sf-dump-str title=\"7 characters\">General</span>\"
    </samp>}
    <span class=sf-dump-index>105</span> => {<a class=sf-dump-ref>#1708</a><samp data-depth=3 class=sf-dump-compact>
      +\"<span class=sf-dump-public title=\"Runtime added dynamic property\">id</span>\": <span class=sf-dump-num>106</span>
      +\"<span class=sf-dump-public title=\"Runtime added dynamic property\">name</span>\": \"<span class=sf-dump-str title=\"17 characters\">Cold Cap Capsules</span>\"
      +\"<span class=sf-dump-public title=\"Runtime added dynamic property\">code</span>\": <span class=sf-dump-const>null</span>
      +\"<span class=sf-dump-public title=\"Runtime added dynamic property\">description</span>\": <span class=sf-dump-const>null</span>
      +\"<span class=sf-dump-public title=\"Runtime added dynamic property\">supplier_id</span>\": <span class=sf-dump-num>1</span>
      +\"<span class=sf-dump-public title=\"Runtime added dynamic property\">unit</span>\": \"<span class=sf-dump-str title=\"3 characters\">10s</span>\"
      +\"<span class=sf-dump-public title=\"Runtime added dynamic property\">pack_unit</span>\": <span class=sf-dump-const>null</span>
      +\"<span class=sf-dump-public title=\"Runtime added dynamic property\">units_per_pack</span>\": <span class=sf-dump-const>null</span>
      +\"<span class=sf-dump-public title=\"Runtime added dynamic property\">cost_price</span>\": \"<span class=sf-dump-str title=\"4 characters\">0.00</span>\"
      +\"<span class=sf-dump-public title=\"Runtime added dynamic property\">selling_price</span>\": \"<span class=sf-dump-str title=\"8 characters\">10000.00</span>\"
      +\"<span class=sf-dump-public title=\"Runtime added dynamic property\">min_order_quantity</span>\": \"<span class=sf-dump-str title=\"4 characters\">1.00</span>\"
      +\"<span class=sf-dump-public title=\"Runtime added dynamic property\">is_product</span>\": <span class=sf-dump-num>1</span>
      +\"<span class=sf-dump-public title=\"Runtime added dynamic property\">is_active</span>\": <span class=sf-dump-num>1</span>
      +\"<span class=sf-dump-public title=\"Runtime added dynamic property\">created_at</span>\": \"<span class=sf-dump-str title=\"19 characters\">2026-08-16 14:21:52</span>\"
      +\"<span class=sf-dump-public title=\"Runtime added dynamic property\">updated_at</span>\": \"<span class=sf-dump-str title=\"19 characters\">2026-08-16 14:21:52</span>\"
      +\"<span class=sf-dump-public title=\"Runtime added dynamic property\">supplier_name</span>\": \"<span class=sf-dump-str title=\"7 characters\">General</span>\"
    </samp>}
    <span class=sf-dump-index>106</span> => {<a class=sf-dump-ref>#1709</a><samp data-depth=3 class=sf-dump-compact>
      +\"<span class=sf-dump-public title=\"Runtime added dynamic property\">id</span>\": <span class=sf-dump-num>107</span>
      +\"<span class=sf-dump-public title=\"Runtime added dynamic property\">name</span>\": \"<span class=sf-dump-str title=\"14 characters\">Cold Cap Syrup</span>\"
      +\"<span class=sf-dump-public title=\"Runtime added dynamic property\">code</span>\": <span class=sf-dump-const>null</span>
      +\"<span class=sf-dump-public title=\"Runtime added dynamic property\">description</span>\": <span class=sf-dump-const>null</span>
      +\"<span class=sf-dump-public title=\"Runtime added dynamic property\">supplier_id</span>\": <span class=sf-dump-num>1</span>
      +\"<span class=sf-dump-public title=\"Runtime added dynamic property\">unit</span>\": \"<span class=sf-dump-str title=\"4 characters\">Each</span>\"
      +\"<span class=sf-dump-public title=\"Runtime added dynamic property\">pack_unit</span>\": <span class=sf-dump-const>null</span>
      +\"<span class=sf-dump-public title=\"Runtime added dynamic property\">units_per_pack</span>\": <span class=sf-dump-const>null</span>
      +\"<span class=sf-dump-public title=\"Runtime added dynamic property\">cost_price</span>\": \"<span class=sf-dump-str title=\"4 characters\">0.00</span>\"
      +\"<span class=sf-dump-public title=\"Runtime added dynamic property\">selling_price</span>\": \"<span class=sf-dump-str title=\"8 characters\">15000.00</span>\"
      +\"<span class=sf-dump-public title=\"Runtime added dynamic property\">min_order_quantity</span>\": \"<span class=sf-dump-str title=\"4 characters\">1.00</span>\"
      +\"<span class=sf-dump-public title=\"Runtime added dynamic property\">is_product</span>\": <span class=sf-dump-num>1</span>
      +\"<span class=sf-dump-public title=\"Runtime added dynamic property\">is_active</span>\": <span class=sf-dump-num>1</span>
      +\"<span class=sf-dump-public title=\"Runtime added dynamic property\">created_at</span>\": \"<span class=sf-dump-str title=\"19 characters\">2026-08-16 14:21:52</span>\"
      +\"<span class=sf-dump-public title=\"Runtime added dynamic property\">updated_at</span>\": \"<span class=sf-dump-str title=\"19 characters\">2026-08-16 14:21:52</span>\"
      +\"<span class=sf-dump-public title=\"Runtime added dynamic property\">supplier_name</span>\": \"<span class=sf-dump-str title=\"7 characters\">General</span>\"
    </samp>}
    <span class=sf-dump-index>107</span> => {<a class=sf-dump-ref>#1710</a><samp data-depth=3 class=sf-dump-compact>
      +\"<span class=sf-dump-public title=\"Runtime added dynamic property\">id</span>\": <span class=sf-dump-num>108</span>
      +\"<span class=sf-dump-public title=\"Runtime added dynamic property\">name</span>\": \"<span class=sf-dump-str title=\"15 characters\">Coldrid Tablest</span>\"
      +\"<span class=sf-dump-public title=\"Runtime added dynamic property\">code</span>\": <span class=sf-dump-const>null</span>
      +\"<span class=sf-dump-public title=\"Runtime added dynamic property\">description</span>\": <span class=sf-dump-const>null</span>
      +\"<span class=sf-dump-public title=\"Runtime added dynamic property\">supplier_id</span>\": <span class=sf-dump-num>1</span>
      +\"<span class=sf-dump-public title=\"Runtime added dynamic property\">unit</span>\": \"<span class=sf-dump-str title=\"2 characters\">9s</span>\"
      +\"<span class=sf-dump-public title=\"Runtime added dynamic property\">pack_unit</span>\": <span class=sf-dump-const>null</span>
      +\"<span class=sf-dump-public title=\"Runtime added dynamic property\">units_per_pack</span>\": <span class=sf-dump-const>null</span>
      +\"<span class=sf-dump-public title=\"Runtime added dynamic property\">cost_price</span>\": \"<span class=sf-dump-str title=\"4 characters\">0.00</span>\"
      +\"<span class=sf-dump-public title=\"Runtime added dynamic property\">selling_price</span>\": \"<span class=sf-dump-str title=\"7 characters\">5000.00</span>\"
      +\"<span class=sf-dump-public title=\"Runtime added dynamic property\">min_order_quantity</span>\": \"<span class=sf-dump-str title=\"4 characters\">1.00</span>\"
      +\"<span class=sf-dump-public title=\"Runtime added dynamic property\">is_product</span>\": <span class=sf-dump-num>1</span>
      +\"<span class=sf-dump-public title=\"Runtime added dynamic property\">is_active</span>\": <span class=sf-dump-num>1</span>
      +\"<span class=sf-dump-public title=\"Runtime added dynamic property\">created_at</span>\": \"<span class=sf-dump-str title=\"19 characters\">2026-08-16 14:21:52</span>\"
      +\"<span class=sf-dump-public title=\"Runtime added dynamic property\">updated_at</span>\": \"<span class=sf-dump-str title=\"19 characters\">2026-08-16 14:21:52</span>\"
      +\"<span class=sf-dump-public title=\"Runtime added dynamic property\">supplier_name</span>\": \"<span class=sf-dump-str title=\"7 characters\">General</span>\"
    </samp>}
    <span class=sf-dump-index>108</span> => {<a class=sf-dump-ref>#1711</a><samp data-depth=3 class=sf-dump-compact>
      +\"<span class=sf-dump-public title=\"Runtime added dynamic property\">id</span>\": <span class=sf-dump-num>109</span>
      +\"<span class=sf-dump-public title=\"Runtime added dynamic property\">name</span>\": \"<span class=sf-dump-str title=\"13 characters\">Coldril Syrup</span>\"
      +\"<span class=sf-dump-public title=\"Runtime added dynamic property\">code</span>\": <span class=sf-dump-const>null</span>
      +\"<span class=sf-dump-public title=\"Runtime added dynamic property\">description</span>\": <span class=sf-dump-const>null</span>
      +\"<span class=sf-dump-public title=\"Runtime added dynamic property\">supplier_id</span>\": <span class=sf-dump-num>1</span>
      +\"<span class=sf-dump-public title=\"Runtime added dynamic property\">unit</span>\": \"<span class=sf-dump-str title=\"4 characters\">Each</span>\"
      +\"<span class=sf-dump-public title=\"Runtime added dynamic property\">pack_unit</span>\": <span class=sf-dump-const>null</span>
      +\"<span class=sf-dump-public title=\"Runtime added dynamic property\">units_per_pack</span>\": <span class=sf-dump-const>null</span>
      +\"<span class=sf-dump-public title=\"Runtime added dynamic property\">cost_price</span>\": \"<span class=sf-dump-str title=\"4 characters\">0.00</span>\"
      +\"<span class=sf-dump-public title=\"Runtime added dynamic property\">selling_price</span>\": \"<span class=sf-dump-str title=\"8 characters\">12000.00</span>\"
      +\"<span class=sf-dump-public title=\"Runtime added dynamic property\">min_order_quantity</span>\": \"<span class=sf-dump-str title=\"4 characters\">1.00</span>\"
      +\"<span class=sf-dump-public title=\"Runtime added dynamic property\">is_product</span>\": <span class=sf-dump-num>1</span>
      +\"<span class=sf-dump-public title=\"Runtime added dynamic property\">is_active</span>\": <span class=sf-dump-num>1</span>
      +\"<span class=sf-dump-public title=\"Runtime added dynamic property\">created_at</span>\": \"<span class=sf-dump-str title=\"19 characters\">2026-08-16 14:21:52</span>\"
      +\"<span class=sf-dump-public title=\"Runtime added dynamic property\">updated_at</span>\": \"<span class=sf-dump-str title=\"19 characters\">2026-08-16 14:21:52</span>\"
      +\"<span class=sf-dump-public title=\"Runtime added dynamic property\">supplier_name</span>\": \"<span class=sf-dump-str title=\"7 characters\">General</span>\"
    </samp>}
    <span class=sf-dump-index>109</span> => {<a class=sf-dump-ref>#1712</a><samp data-depth=3 class=sf-dump-compact>
      +\"<span class=sf-dump-public title=\"Runtime added dynamic property\">id</span>\": <span class=sf-dump-num>110</span>
      +\"<span class=sf-dump-public title=\"Runtime added dynamic property\">name</span>\": \"<span class=sf-dump-str title=\"14 characters\">Colicspam Susp</span>\"
      +\"<span class=sf-dump-public title=\"Runtime added dynamic property\">code</span>\": <span class=sf-dump-const>null</span>
      +\"<span class=sf-dump-public title=\"Runtime added dynamic property\">description</span>\": <span class=sf-dump-const>null</span>
      +\"<span class=sf-dump-public title=\"Runtime added dynamic property\">supplier_id</span>\": <span class=sf-dump-num>1</span>
      +\"<span class=sf-dump-public title=\"Runtime added dynamic property\">unit</span>\": \"<span class=sf-dump-str title=\"4 characters\">Each</span>\"
      +\"<span class=sf-dump-public title=\"Runtime added dynamic property\">pack_unit</span>\": <span class=sf-dump-const>null</span>
      +\"<span class=sf-dump-public title=\"Runtime added dynamic property\">units_per_pack</span>\": <span class=sf-dump-const>null</span>
      +\"<span class=sf-dump-public title=\"Runtime added dynamic property\">cost_price</span>\": \"<span class=sf-dump-str title=\"4 characters\">0.00</span>\"
      +\"<span class=sf-dump-public title=\"Runtime added dynamic property\">selling_price</span>\": \"<span class=sf-dump-str title=\"7 characters\">4000.00</span>\"
      +\"<span class=sf-dump-public title=\"Runtime added dynamic property\">min_order_quantity</span>\": \"<span class=sf-dump-str title=\"4 characters\">1.00</span>\"
      +\"<span class=sf-dump-public title=\"Runtime added dynamic property\">is_product</span>\": <span class=sf-dump-num>1</span>
      +\"<span class=sf-dump-public title=\"Runtime added dynamic property\">is_active</span>\": <span class=sf-dump-num>1</span>
      +\"<span class=sf-dump-public title=\"Runtime added dynamic property\">created_at</span>\": \"<span class=sf-dump-str title=\"19 characters\">2026-08-16 14:21:52</span>\"
      +\"<span class=sf-dump-public title=\"Runtime added dynamic property\">updated_at</span>\": \"<span class=sf-dump-str title=\"19 characters\">2026-08-16 14:21:52</span>\"
      +\"<span class=sf-dump-public title=\"Runtime added dynamic property\">supplier_name</span>\": \"<span class=sf-dump-str title=\"7 characters\">General</span>\"
    </samp>}
    <span class=sf-dump-index>110</span> => {<a class=sf-dump-ref>#1713</a><samp data-depth=3 class=sf-dump-compact>
      +\"<span class=sf-dump-public title=\"Runtime added dynamic property\">id</span>\": <span class=sf-dump-num>111</span>
      +\"<span class=sf-dump-public title=\"Runtime added dynamic property\">name</span>\": \"<span class=sf-dump-str title=\"13 characters\">Comit 100 Gel</span>\"
      +\"<span class=sf-dump-public title=\"Runtime added dynamic property\">code</span>\": <span class=sf-dump-const>null</span>
      +\"<span class=sf-dump-public title=\"Runtime added dynamic property\">description</span>\": <span class=sf-dump-const>null</span>
      +\"<span class=sf-dump-public title=\"Runtime added dynamic property\">supplier_id</span>\": <span class=sf-dump-num>1</span>
      +\"<span class=sf-dump-public title=\"Runtime added dynamic property\">unit</span>\": \"<span class=sf-dump-str title=\"4 characters\">Each</span>\"
      +\"<span class=sf-dump-public title=\"Runtime added dynamic property\">pack_unit</span>\": <span class=sf-dump-const>null</span>
      +\"<span class=sf-dump-public title=\"Runtime added dynamic property\">units_per_pack</span>\": <span class=sf-dump-const>null</span>
      +\"<span class=sf-dump-public title=\"Runtime added dynamic property\">cost_price</span>\": \"<span class=sf-dump-str title=\"4 characters\">0.00</span>\"
      +\"<span class=sf-dump-public title=\"Runtime added dynamic property\">selling_price</span>\": \"<span class=sf-dump-str title=\"7 characters\">3000.00</span>\"
      +\"<span class=sf-dump-public title=\"Runtime added dynamic property\">min_order_quantity</span>\": \"<span class=sf-dump-str title=\"4 characters\">1.00</span>\"
      +\"<span class=sf-dump-public title=\"Runtime added dynamic property\">is_product</span>\": <span class=sf-dump-num>1</span>
      +\"<span class=sf-dump-public title=\"Runtime added dynamic property\">is_active</span>\": <span class=sf-dump-num>1</span>
      +\"<span class=sf-dump-public title=\"Runtime added dynamic property\">created_at</span>\": \"<span class=sf-dump-str title=\"19 characters\">2026-08-16 14:21:52</span>\"
      +\"<span class=sf-dump-public title=\"Runtime added dynamic property\">updated_at</span>\": \"<span class=sf-dump-str title=\"19 characters\">2026-08-16 14:21:52</span>\"
      +\"<span class=sf-dump-public title=\"Runtime added dynamic property\">supplier_name</span>\": \"<span class=sf-dump-str title=\"7 characters\">General</span>\"
    </samp>}
    <span class=sf-dump-index>111</span> => {<a class=sf-dump-ref>#1714</a><samp data-depth=3 class=sf-dump-compact>
      +\"<span class=sf-dump-public title=\"Runtime added dynamic property\">id</span>\": <span class=sf-dump-num>112</span>
      +\"<span class=sf-dump-public title=\"Runtime added dynamic property\">name</span>\": \"<span class=sf-dump-str title=\"11 characters\">Comit 100Mg</span>\"
      +\"<span class=sf-dump-public title=\"Runtime added dynamic property\">code</span>\": <span class=sf-dump-const>null</span>
      +\"<span class=sf-dump-public title=\"Runtime added dynamic property\">description</span>\": <span class=sf-dump-const>null</span>
      +\"<span class=sf-dump-public title=\"Runtime added dynamic property\">supplier_id</span>\": <span class=sf-dump-num>1</span>
      +\"<span class=sf-dump-public title=\"Runtime added dynamic property\">unit</span>\": \"<span class=sf-dump-str title=\"2 characters\">4s</span>\"
      +\"<span class=sf-dump-public title=\"Runtime added dynamic property\">pack_unit</span>\": <span class=sf-dump-const>null</span>
      +\"<span class=sf-dump-public title=\"Runtime added dynamic property\">units_per_pack</span>\": <span class=sf-dump-const>null</span>
      +\"<span class=sf-dump-public title=\"Runtime added dynamic property\">cost_price</span>\": \"<span class=sf-dump-str title=\"4 characters\">0.00</span>\"
      +\"<span class=sf-dump-public title=\"Runtime added dynamic property\">selling_price</span>\": \"<span class=sf-dump-str title=\"7 characters\">5000.00</span>\"
      +\"<span class=sf-dump-public title=\"Runtime added dynamic property\">min_order_quantity</span>\": \"<span class=sf-dump-str title=\"4 characters\">1.00</span>\"
      +\"<span class=sf-dump-public title=\"Runtime added dynamic property\">is_product</span>\": <span class=sf-dump-num>1</span>
      +\"<span class=sf-dump-public title=\"Runtime added dynamic property\">is_active</span>\": <span class=sf-dump-num>1</span>
      +\"<span class=sf-dump-public title=\"Runtime added dynamic property\">created_at</span>\": \"<span class=sf-dump-str title=\"19 characters\">2026-08-16 14:21:52</span>\"
      +\"<span class=sf-dump-public title=\"Runtime added dynamic property\">updated_at</span>\": \"<span class=sf-dump-str title=\"19 characters\">2026-08-16 14:21:52</span>\"
      +\"<span class=sf-dump-public title=\"Runtime added dynamic property\">supplier_name</span>\": \"<span class=sf-dump-str title=\"7 characters\">General</span>\"
    </samp>}
    <span class=sf-dump-index>112</span> => {<a class=sf-dump-ref>#1715</a><samp data-depth=3 class=sf-dump-compact>
      +\"<span class=sf-dump-public title=\"Runtime added dynamic property\">id</span>\": <span class=sf-dump-num>113</span>
      +\"<span class=sf-dump-public title=\"Runtime added dynamic property\">name</span>\": \"<span class=sf-dump-str title=\"10 characters\">Comit 50Mg</span>\"
      +\"<span class=sf-dump-public title=\"Runtime added dynamic property\">code</span>\": <span class=sf-dump-const>null</span>
      +\"<span class=sf-dump-public title=\"Runtime added dynamic property\">description</span>\": <span class=sf-dump-const>null</span>
      +\"<span class=sf-dump-public title=\"Runtime added dynamic property\">supplier_id</span>\": <span class=sf-dump-num>1</span>
      +\"<span class=sf-dump-public title=\"Runtime added dynamic property\">unit</span>\": \"<span class=sf-dump-str title=\"2 characters\">4s</span>\"
      +\"<span class=sf-dump-public title=\"Runtime added dynamic property\">pack_unit</span>\": <span class=sf-dump-const>null</span>
      +\"<span class=sf-dump-public title=\"Runtime added dynamic property\">units_per_pack</span>\": <span class=sf-dump-const>null</span>
      +\"<span class=sf-dump-public title=\"Runtime added dynamic property\">cost_price</span>\": \"<span class=sf-dump-str title=\"4 characters\">0.00</span>\"
      +\"<span class=sf-dump-public title=\"Runtime added dynamic property\">selling_price</span>\": \"<span class=sf-dump-str title=\"7 characters\">4000.00</span>\"
      +\"<span class=sf-dump-public title=\"Runtime added dynamic property\">min_order_quantity</span>\": \"<span class=sf-dump-str title=\"4 characters\">1.00</span>\"
      +\"<span class=sf-dump-public title=\"Runtime added dynamic property\">is_product</span>\": <span class=sf-dump-num>1</span>
      +\"<span class=sf-dump-public title=\"Runtime added dynamic property\">is_active</span>\": <span class=sf-dump-num>1</span>
      +\"<span class=sf-dump-public title=\"Runtime added dynamic property\">created_at</span>\": \"<span class=sf-dump-str title=\"19 characters\">2026-08-16 14:21:52</span>\"
      +\"<span class=sf-dump-public title=\"Runtime added dynamic property\">updated_at</span>\": \"<span class=sf-dump-str title=\"19 characters\">2026-08-16 14:21:52</span>\"
      +\"<span class=sf-dump-public title=\"Runtime added dynamic property\">supplier_name</span>\": \"<span class=sf-dump-str title=\"7 characters\">General</span>\"
    </samp>}
    <span class=sf-dump-index>113</span> => {<a class=sf-dump-ref>#1716</a><samp data-depth=3 class=sf-dump-compact>
      +\"<span class=sf-dump-public title=\"Runtime added dynamic property\">id</span>\": <span class=sf-dump-num>114</span>
      +\"<span class=sf-dump-public title=\"Runtime added dynamic property\">name</span>\": \"<span class=sf-dump-str title=\"22 characters\">Comit Oral Jelly 100Mg</span>\"
      +\"<span class=sf-dump-public title=\"Runtime added dynamic property\">code</span>\": <span class=sf-dump-const>null</span>
      +\"<span class=sf-dump-public title=\"Runtime added dynamic property\">description</span>\": <span class=sf-dump-const>null</span>
      +\"<span class=sf-dump-public title=\"Runtime added dynamic property\">supplier_id</span>\": <span class=sf-dump-num>1</span>
      +\"<span class=sf-dump-public title=\"Runtime added dynamic property\">unit</span>\": \"<span class=sf-dump-str title=\"4 characters\">Each</span>\"
      +\"<span class=sf-dump-public title=\"Runtime added dynamic property\">pack_unit</span>\": <span class=sf-dump-const>null</span>
      +\"<span class=sf-dump-public title=\"Runtime added dynamic property\">units_per_pack</span>\": <span class=sf-dump-const>null</span>
      +\"<span class=sf-dump-public title=\"Runtime added dynamic property\">cost_price</span>\": \"<span class=sf-dump-str title=\"4 characters\">0.00</span>\"
      +\"<span class=sf-dump-public title=\"Runtime added dynamic property\">selling_price</span>\": \"<span class=sf-dump-str title=\"7 characters\">3000.00</span>\"
      +\"<span class=sf-dump-public title=\"Runtime added dynamic property\">min_order_quantity</span>\": \"<span class=sf-dump-str title=\"4 characters\">1.00</span>\"
      +\"<span class=sf-dump-public title=\"Runtime added dynamic property\">is_product</span>\": <span class=sf-dump-num>1</span>
      +\"<span class=sf-dump-public title=\"Runtime added dynamic property\">is_active</span>\": <span class=sf-dump-num>1</span>
      +\"<span class=sf-dump-public title=\"Runtime added dynamic property\">created_at</span>\": \"<span class=sf-dump-str title=\"19 characters\">2026-08-16 14:21:52</span>\"
      +\"<span class=sf-dump-public title=\"Runtime added dynamic property\">updated_at</span>\": \"<span class=sf-dump-str title=\"19 characters\">2026-08-16 14:21:52</span>\"
      +\"<span class=sf-dump-public title=\"Runtime added dynamic property\">supplier_name</span>\": \"<span class=sf-dump-str title=\"7 characters\">General</span>\"
    </samp>}
    <span class=sf-dump-index>114</span> => {<a class=sf-dump-ref>#1717</a><samp data-depth=3 class=sf-dump-compact>
      +\"<span class=sf-dump-public title=\"Runtime added dynamic property\">id</span>\": <span class=sf-dump-num>115</span>
      +\"<span class=sf-dump-public title=\"Runtime added dynamic property\">name</span>\": \"<span class=sf-dump-str title=\"13 characters\">Comit Perfume</span>\"
      +\"<span class=sf-dump-public title=\"Runtime added dynamic property\">code</span>\": <span class=sf-dump-const>null</span>
      +\"<span class=sf-dump-public title=\"Runtime added dynamic property\">description</span>\": <span class=sf-dump-const>null</span>
      +\"<span class=sf-dump-public title=\"Runtime added dynamic property\">supplier_id</span>\": <span class=sf-dump-num>1</span>
      +\"<span class=sf-dump-public title=\"Runtime added dynamic property\">unit</span>\": \"<span class=sf-dump-str title=\"4 characters\">Each</span>\"
      +\"<span class=sf-dump-public title=\"Runtime added dynamic property\">pack_unit</span>\": <span class=sf-dump-const>null</span>
      +\"<span class=sf-dump-public title=\"Runtime added dynamic property\">units_per_pack</span>\": <span class=sf-dump-const>null</span>
      +\"<span class=sf-dump-public title=\"Runtime added dynamic property\">cost_price</span>\": \"<span class=sf-dump-str title=\"4 characters\">0.00</span>\"
      +\"<span class=sf-dump-public title=\"Runtime added dynamic property\">selling_price</span>\": \"<span class=sf-dump-str title=\"7 characters\">7000.00</span>\"
      +\"<span class=sf-dump-public title=\"Runtime added dynamic property\">min_order_quantity</span>\": \"<span class=sf-dump-str title=\"4 characters\">1.00</span>\"
      +\"<span class=sf-dump-public title=\"Runtime added dynamic property\">is_product</span>\": <span class=sf-dump-num>1</span>
      +\"<span class=sf-dump-public title=\"Runtime added dynamic property\">is_active</span>\": <span class=sf-dump-num>1</span>
      +\"<span class=sf-dump-public title=\"Runtime added dynamic property\">created_at</span>\": \"<span class=sf-dump-str title=\"19 characters\">2026-08-16 14:21:52</span>\"
      +\"<span class=sf-dump-public title=\"Runtime added dynamic property\">updated_at</span>\": \"<span class=sf-dump-str title=\"19 characters\">2026-08-16 14:21:52</span>\"
      +\"<span class=sf-dump-public title=\"Runtime added dynamic property\">supplier_name</span>\": \"<span class=sf-dump-str title=\"7 characters\">General</span>\"
    </samp>}
    <span class=sf-dump-index>115</span> => {<a class=sf-dump-ref>#1718</a><samp data-depth=3 class=sf-dump-compact>
      +\"<span class=sf-dump-public title=\"Runtime added dynamic property\">id</span>\": <span class=sf-dump-num>116</span>
      +\"<span class=sf-dump-public title=\"Runtime added dynamic property\">name</span>\": \"<span class=sf-dump-str title=\"30 characters\">Cotrimoxazole Suspesion 100Mls</span>\"
      +\"<span class=sf-dump-public title=\"Runtime added dynamic property\">code</span>\": <span class=sf-dump-const>null</span>
      +\"<span class=sf-dump-public title=\"Runtime added dynamic property\">description</span>\": <span class=sf-dump-const>null</span>
      +\"<span class=sf-dump-public title=\"Runtime added dynamic property\">supplier_id</span>\": <span class=sf-dump-num>1</span>
      +\"<span class=sf-dump-public title=\"Runtime added dynamic property\">unit</span>\": \"<span class=sf-dump-str title=\"4 characters\">Each</span>\"
      +\"<span class=sf-dump-public title=\"Runtime added dynamic property\">pack_unit</span>\": <span class=sf-dump-const>null</span>
      +\"<span class=sf-dump-public title=\"Runtime added dynamic property\">units_per_pack</span>\": <span class=sf-dump-const>null</span>
      +\"<span class=sf-dump-public title=\"Runtime added dynamic property\">cost_price</span>\": \"<span class=sf-dump-str title=\"4 characters\">0.00</span>\"
      +\"<span class=sf-dump-public title=\"Runtime added dynamic property\">selling_price</span>\": \"<span class=sf-dump-str title=\"7 characters\">4500.00</span>\"
      +\"<span class=sf-dump-public title=\"Runtime added dynamic property\">min_order_quantity</span>\": \"<span class=sf-dump-str title=\"4 characters\">1.00</span>\"
      +\"<span class=sf-dump-public title=\"Runtime added dynamic property\">is_product</span>\": <span class=sf-dump-num>1</span>
      +\"<span class=sf-dump-public title=\"Runtime added dynamic property\">is_active</span>\": <span class=sf-dump-num>1</span>
      +\"<span class=sf-dump-public title=\"Runtime added dynamic property\">created_at</span>\": \"<span class=sf-dump-str title=\"19 characters\">2026-08-16 14:21:52</span>\"
      +\"<span class=sf-dump-public title=\"Runtime added dynamic property\">updated_at</span>\": \"<span class=sf-dump-str title=\"19 characters\">2026-08-16 14:21:52</span>\"
      +\"<span class=sf-dump-public title=\"Runtime added dynamic property\">supplier_name</span>\": \"<span class=sf-dump-str title=\"7 characters\">General</span>\"
    </samp>}
    <span class=sf-dump-index>116</span> => {<a class=sf-dump-ref>#1719</a><samp data-depth=3 class=sf-dump-compact>
      +\"<span class=sf-dump-public title=\"Runtime added dynamic property\">id</span>\": <span class=sf-dump-num>117</span>
      +\"<span class=sf-dump-public title=\"Runtime added dynamic property\">name</span>\": \"<span class=sf-dump-str title=\"18 characters\">Cotrimoxazole Tabs</span>\"
      +\"<span class=sf-dump-public title=\"Runtime added dynamic property\">code</span>\": <span class=sf-dump-const>null</span>
      +\"<span class=sf-dump-public title=\"Runtime added dynamic property\">description</span>\": <span class=sf-dump-const>null</span>
      +\"<span class=sf-dump-public title=\"Runtime added dynamic property\">supplier_id</span>\": <span class=sf-dump-num>1</span>
      +\"<span class=sf-dump-public title=\"Runtime added dynamic property\">unit</span>\": \"<span class=sf-dump-str title=\"3 characters\">20s</span>\"
      +\"<span class=sf-dump-public title=\"Runtime added dynamic property\">pack_unit</span>\": <span class=sf-dump-const>null</span>
      +\"<span class=sf-dump-public title=\"Runtime added dynamic property\">units_per_pack</span>\": <span class=sf-dump-const>null</span>
      +\"<span class=sf-dump-public title=\"Runtime added dynamic property\">cost_price</span>\": \"<span class=sf-dump-str title=\"4 characters\">0.00</span>\"
      +\"<span class=sf-dump-public title=\"Runtime added dynamic property\">selling_price</span>\": \"<span class=sf-dump-str title=\"7 characters\">3000.00</span>\"
      +\"<span class=sf-dump-public title=\"Runtime added dynamic property\">min_order_quantity</span>\": \"<span class=sf-dump-str title=\"4 characters\">1.00</span>\"
      +\"<span class=sf-dump-public title=\"Runtime added dynamic property\">is_product</span>\": <span class=sf-dump-num>1</span>
      +\"<span class=sf-dump-public title=\"Runtime added dynamic property\">is_active</span>\": <span class=sf-dump-num>1</span>
      +\"<span class=sf-dump-public title=\"Runtime added dynamic property\">created_at</span>\": \"<span class=sf-dump-str title=\"19 characters\">2026-08-16 14:21:52</span>\"
      +\"<span class=sf-dump-public title=\"Runtime added dynamic property\">updated_at</span>\": \"<span class=sf-dump-str title=\"19 characters\">2026-08-16 14:21:52</span>\"
      +\"<span class=sf-dump-public title=\"Runtime added dynamic property\">supplier_name</span>\": \"<span class=sf-dump-str title=\"7 characters\">General</span>\"
    </samp>}
    <span class=sf-dump-index>117</span> => {<a class=sf-dump-ref>#1720</a><samp data-depth=3 class=sf-dump-compact>
      +\"<span class=sf-dump-public title=\"Runtime added dynamic property\">id</span>\": <span class=sf-dump-num>118</span>
      +\"<span class=sf-dump-public title=\"Runtime added dynamic property\">name</span>\": \"<span class=sf-dump-str title=\"16 characters\">Cotton Wool 100G</span>\"
      +\"<span class=sf-dump-public title=\"Runtime added dynamic property\">code</span>\": <span class=sf-dump-const>null</span>
      +\"<span class=sf-dump-public title=\"Runtime added dynamic property\">description</span>\": <span class=sf-dump-const>null</span>
      +\"<span class=sf-dump-public title=\"Runtime added dynamic property\">supplier_id</span>\": <span class=sf-dump-num>1</span>
      +\"<span class=sf-dump-public title=\"Runtime added dynamic property\">unit</span>\": \"<span class=sf-dump-str title=\"4 characters\">Each</span>\"
      +\"<span class=sf-dump-public title=\"Runtime added dynamic property\">pack_unit</span>\": <span class=sf-dump-const>null</span>
      +\"<span class=sf-dump-public title=\"Runtime added dynamic property\">units_per_pack</span>\": <span class=sf-dump-const>null</span>
      +\"<span class=sf-dump-public title=\"Runtime added dynamic property\">cost_price</span>\": \"<span class=sf-dump-str title=\"4 characters\">0.00</span>\"
      +\"<span class=sf-dump-public title=\"Runtime added dynamic property\">selling_price</span>\": \"<span class=sf-dump-str title=\"7 characters\">8000.00</span>\"
      +\"<span class=sf-dump-public title=\"Runtime added dynamic property\">min_order_quantity</span>\": \"<span class=sf-dump-str title=\"4 characters\">1.00</span>\"
      +\"<span class=sf-dump-public title=\"Runtime added dynamic property\">is_product</span>\": <span class=sf-dump-num>1</span>
      +\"<span class=sf-dump-public title=\"Runtime added dynamic property\">is_active</span>\": <span class=sf-dump-num>1</span>
      +\"<span class=sf-dump-public title=\"Runtime added dynamic property\">created_at</span>\": \"<span class=sf-dump-str title=\"19 characters\">2026-08-16 14:21:52</span>\"
      +\"<span class=sf-dump-public title=\"Runtime added dynamic property\">updated_at</span>\": \"<span class=sf-dump-str title=\"19 characters\">2026-08-16 14:21:52</span>\"
      +\"<span class=sf-dump-public title=\"Runtime added dynamic property\">supplier_name</span>\": \"<span class=sf-dump-str title=\"7 characters\">General</span>\"
    </samp>}
    <span class=sf-dump-index>118</span> => {<a class=sf-dump-ref>#1721</a><samp data-depth=3 class=sf-dump-compact>
      +\"<span class=sf-dump-public title=\"Runtime added dynamic property\">id</span>\": <span class=sf-dump-num>119</span>
      +\"<span class=sf-dump-public title=\"Runtime added dynamic property\">name</span>\": \"<span class=sf-dump-str title=\"21 characters\">Crepe Bandage 10Cmx4m</span>\"
      +\"<span class=sf-dump-public title=\"Runtime added dynamic property\">code</span>\": <span class=sf-dump-const>null</span>
      +\"<span class=sf-dump-public title=\"Runtime added dynamic property\">description</span>\": <span class=sf-dump-const>null</span>
      +\"<span class=sf-dump-public title=\"Runtime added dynamic property\">supplier_id</span>\": <span class=sf-dump-num>1</span>
      +\"<span class=sf-dump-public title=\"Runtime added dynamic property\">unit</span>\": \"<span class=sf-dump-str title=\"4 characters\">Each</span>\"
      +\"<span class=sf-dump-public title=\"Runtime added dynamic property\">pack_unit</span>\": <span class=sf-dump-const>null</span>
      +\"<span class=sf-dump-public title=\"Runtime added dynamic property\">units_per_pack</span>\": <span class=sf-dump-const>null</span>
      +\"<span class=sf-dump-public title=\"Runtime added dynamic property\">cost_price</span>\": \"<span class=sf-dump-str title=\"4 characters\">0.00</span>\"
      +\"<span class=sf-dump-public title=\"Runtime added dynamic property\">selling_price</span>\": \"<span class=sf-dump-str title=\"7 characters\">4000.00</span>\"
      +\"<span class=sf-dump-public title=\"Runtime added dynamic property\">min_order_quantity</span>\": \"<span class=sf-dump-str title=\"4 characters\">1.00</span>\"
      +\"<span class=sf-dump-public title=\"Runtime added dynamic property\">is_product</span>\": <span class=sf-dump-num>1</span>
      +\"<span class=sf-dump-public title=\"Runtime added dynamic property\">is_active</span>\": <span class=sf-dump-num>1</span>
      +\"<span class=sf-dump-public title=\"Runtime added dynamic property\">created_at</span>\": \"<span class=sf-dump-str title=\"19 characters\">2026-08-16 14:21:52</span>\"
      +\"<span class=sf-dump-public title=\"Runtime added dynamic property\">updated_at</span>\": \"<span class=sf-dump-str title=\"19 characters\">2026-08-16 14:21:52</span>\"
      +\"<span class=sf-dump-public title=\"Runtime added dynamic property\">supplier_name</span>\": \"<span class=sf-dump-str title=\"7 characters\">General</span>\"
    </samp>}
    <span class=sf-dump-index>119</span> => {<a class=sf-dump-ref>#1722</a><samp data-depth=3 class=sf-dump-compact>
      +\"<span class=sf-dump-public title=\"Runtime added dynamic property\">id</span>\": <span class=sf-dump-num>120</span>
      +\"<span class=sf-dump-public title=\"Runtime added dynamic property\">name</span>\": \"<span class=sf-dump-str title=\"21 characters\">Crepe Bandage 15Cmx4m</span>\"
      +\"<span class=sf-dump-public title=\"Runtime added dynamic property\">code</span>\": <span class=sf-dump-const>null</span>
      +\"<span class=sf-dump-public title=\"Runtime added dynamic property\">description</span>\": <span class=sf-dump-const>null</span>
      +\"<span class=sf-dump-public title=\"Runtime added dynamic property\">supplier_id</span>\": <span class=sf-dump-num>1</span>
      +\"<span class=sf-dump-public title=\"Runtime added dynamic property\">unit</span>\": \"<span class=sf-dump-str title=\"4 characters\">Each</span>\"
      +\"<span class=sf-dump-public title=\"Runtime added dynamic property\">pack_unit</span>\": <span class=sf-dump-const>null</span>
      +\"<span class=sf-dump-public title=\"Runtime added dynamic property\">units_per_pack</span>\": <span class=sf-dump-const>null</span>
      +\"<span class=sf-dump-public title=\"Runtime added dynamic property\">cost_price</span>\": \"<span class=sf-dump-str title=\"4 characters\">0.00</span>\"
      +\"<span class=sf-dump-public title=\"Runtime added dynamic property\">selling_price</span>\": \"<span class=sf-dump-str title=\"7 characters\">4000.00</span>\"
      +\"<span class=sf-dump-public title=\"Runtime added dynamic property\">min_order_quantity</span>\": \"<span class=sf-dump-str title=\"4 characters\">1.00</span>\"
      +\"<span class=sf-dump-public title=\"Runtime added dynamic property\">is_product</span>\": <span class=sf-dump-num>1</span>
      +\"<span class=sf-dump-public title=\"Runtime added dynamic property\">is_active</span>\": <span class=sf-dump-num>1</span>
      +\"<span class=sf-dump-public title=\"Runtime added dynamic property\">created_at</span>\": \"<span class=sf-dump-str title=\"19 characters\">2026-08-16 14:21:52</span>\"
      +\"<span class=sf-dump-public title=\"Runtime added dynamic property\">updated_at</span>\": \"<span class=sf-dump-str title=\"19 characters\">2026-08-16 14:21:52</span>\"
      +\"<span class=sf-dump-public title=\"Runtime added dynamic property\">supplier_name</span>\": \"<span class=sf-dump-str title=\"7 characters\">General</span>\"
    </samp>}
    <span class=sf-dump-index>120</span> => {<a class=sf-dump-ref>#1723</a><samp data-depth=3 class=sf-dump-compact>
      +\"<span class=sf-dump-public title=\"Runtime added dynamic property\">id</span>\": <span class=sf-dump-num>121</span>
      +\"<span class=sf-dump-public title=\"Runtime added dynamic property\">name</span>\": \"<span class=sf-dump-str title=\"22 characters\">Crepe Bandage 7.5Cmx4m</span>\"
      +\"<span class=sf-dump-public title=\"Runtime added dynamic property\">code</span>\": <span class=sf-dump-const>null</span>
      +\"<span class=sf-dump-public title=\"Runtime added dynamic property\">description</span>\": <span class=sf-dump-const>null</span>
      +\"<span class=sf-dump-public title=\"Runtime added dynamic property\">supplier_id</span>\": <span class=sf-dump-num>1</span>
      +\"<span class=sf-dump-public title=\"Runtime added dynamic property\">unit</span>\": \"<span class=sf-dump-str title=\"4 characters\">Each</span>\"
      +\"<span class=sf-dump-public title=\"Runtime added dynamic property\">pack_unit</span>\": <span class=sf-dump-const>null</span>
      +\"<span class=sf-dump-public title=\"Runtime added dynamic property\">units_per_pack</span>\": <span class=sf-dump-const>null</span>
      +\"<span class=sf-dump-public title=\"Runtime added dynamic property\">cost_price</span>\": \"<span class=sf-dump-str title=\"4 characters\">0.00</span>\"
      +\"<span class=sf-dump-public title=\"Runtime added dynamic property\">selling_price</span>\": \"<span class=sf-dump-str title=\"7 characters\">3000.00</span>\"
      +\"<span class=sf-dump-public title=\"Runtime added dynamic property\">min_order_quantity</span>\": \"<span class=sf-dump-str title=\"4 characters\">1.00</span>\"
      +\"<span class=sf-dump-public title=\"Runtime added dynamic property\">is_product</span>\": <span class=sf-dump-num>1</span>
      +\"<span class=sf-dump-public title=\"Runtime added dynamic property\">is_active</span>\": <span class=sf-dump-num>1</span>
      +\"<span class=sf-dump-public title=\"Runtime added dynamic property\">created_at</span>\": \"<span class=sf-dump-str title=\"19 characters\">2026-08-16 14:21:52</span>\"
      +\"<span class=sf-dump-public title=\"Runtime added dynamic property\">updated_at</span>\": \"<span class=sf-dump-str title=\"19 characters\">2026-08-16 14:21:52</span>\"
      +\"<span class=sf-dump-public title=\"Runtime added dynamic property\">supplier_name</span>\": \"<span class=sf-dump-str title=\"7 characters\">General</span>\"
    </samp>}
    <span class=sf-dump-index>121</span> => {<a class=sf-dump-ref>#1724</a><samp data-depth=3 class=sf-dump-compact>
      +\"<span class=sf-dump-public title=\"Runtime added dynamic property\">id</span>\": <span class=sf-dump-num>122</span>
      +\"<span class=sf-dump-public title=\"Runtime added dynamic property\">name</span>\": \"<span class=sf-dump-str title=\"18 characters\">Cuticare Cream 15G</span>\"
      +\"<span class=sf-dump-public title=\"Runtime added dynamic property\">code</span>\": <span class=sf-dump-const>null</span>
      +\"<span class=sf-dump-public title=\"Runtime added dynamic property\">description</span>\": <span class=sf-dump-const>null</span>
      +\"<span class=sf-dump-public title=\"Runtime added dynamic property\">supplier_id</span>\": <span class=sf-dump-num>1</span>
      +\"<span class=sf-dump-public title=\"Runtime added dynamic property\">unit</span>\": \"<span class=sf-dump-str title=\"4 characters\">Each</span>\"
      +\"<span class=sf-dump-public title=\"Runtime added dynamic property\">pack_unit</span>\": <span class=sf-dump-const>null</span>
      +\"<span class=sf-dump-public title=\"Runtime added dynamic property\">units_per_pack</span>\": <span class=sf-dump-const>null</span>
      +\"<span class=sf-dump-public title=\"Runtime added dynamic property\">cost_price</span>\": \"<span class=sf-dump-str title=\"4 characters\">0.00</span>\"
      +\"<span class=sf-dump-public title=\"Runtime added dynamic property\">selling_price</span>\": \"<span class=sf-dump-str title=\"7 characters\">6000.00</span>\"
      +\"<span class=sf-dump-public title=\"Runtime added dynamic property\">min_order_quantity</span>\": \"<span class=sf-dump-str title=\"4 characters\">1.00</span>\"
      +\"<span class=sf-dump-public title=\"Runtime added dynamic property\">is_product</span>\": <span class=sf-dump-num>1</span>
      +\"<span class=sf-dump-public title=\"Runtime added dynamic property\">is_active</span>\": <span class=sf-dump-num>1</span>
      +\"<span class=sf-dump-public title=\"Runtime added dynamic property\">created_at</span>\": \"<span class=sf-dump-str title=\"19 characters\">2026-08-16 14:21:52</span>\"
      +\"<span class=sf-dump-public title=\"Runtime added dynamic property\">updated_at</span>\": \"<span class=sf-dump-str title=\"19 characters\">2026-08-16 14:21:52</span>\"
      +\"<span class=sf-dump-public title=\"Runtime added dynamic property\">supplier_name</span>\": \"<span class=sf-dump-str title=\"7 characters\">General</span>\"
    </samp>}
    <span class=sf-dump-index>122</span> => {<a class=sf-dump-ref>#1725</a><samp data-depth=3 class=sf-dump-compact>
      +\"<span class=sf-dump-public title=\"Runtime added dynamic property\">id</span>\": <span class=sf-dump-num>123</span>
      +\"<span class=sf-dump-public title=\"Runtime added dynamic property\">name</span>\": \"<span class=sf-dump-str title=\"33 characters\">Cuticular Soap (Hygeien Bar )175G</span>\"
      +\"<span class=sf-dump-public title=\"Runtime added dynamic property\">code</span>\": <span class=sf-dump-const>null</span>
      +\"<span class=sf-dump-public title=\"Runtime added dynamic property\">description</span>\": <span class=sf-dump-const>null</span>
      +\"<span class=sf-dump-public title=\"Runtime added dynamic property\">supplier_id</span>\": <span class=sf-dump-num>1</span>
      +\"<span class=sf-dump-public title=\"Runtime added dynamic property\">unit</span>\": \"<span class=sf-dump-str title=\"4 characters\">Each</span>\"
      +\"<span class=sf-dump-public title=\"Runtime added dynamic property\">pack_unit</span>\": <span class=sf-dump-const>null</span>
      +\"<span class=sf-dump-public title=\"Runtime added dynamic property\">units_per_pack</span>\": <span class=sf-dump-const>null</span>
      +\"<span class=sf-dump-public title=\"Runtime added dynamic property\">cost_price</span>\": \"<span class=sf-dump-str title=\"4 characters\">0.00</span>\"
      +\"<span class=sf-dump-public title=\"Runtime added dynamic property\">selling_price</span>\": \"<span class=sf-dump-str title=\"8 characters\">21000.00</span>\"
      +\"<span class=sf-dump-public title=\"Runtime added dynamic property\">min_order_quantity</span>\": \"<span class=sf-dump-str title=\"4 characters\">1.00</span>\"
      +\"<span class=sf-dump-public title=\"Runtime added dynamic property\">is_product</span>\": <span class=sf-dump-num>1</span>
      +\"<span class=sf-dump-public title=\"Runtime added dynamic property\">is_active</span>\": <span class=sf-dump-num>1</span>
      +\"<span class=sf-dump-public title=\"Runtime added dynamic property\">created_at</span>\": \"<span class=sf-dump-str title=\"19 characters\">2026-08-16 14:21:52</span>\"
      +\"<span class=sf-dump-public title=\"Runtime added dynamic property\">updated_at</span>\": \"<span class=sf-dump-str title=\"19 characters\">2026-08-16 14:21:52</span>\"
      +\"<span class=sf-dump-public title=\"Runtime added dynamic property\">supplier_name</span>\": \"<span class=sf-dump-str title=\"7 characters\">General</span>\"
    </samp>}
    <span class=sf-dump-index>123</span> => {<a class=sf-dump-ref>#1726</a><samp data-depth=3 class=sf-dump-compact>
      +\"<span class=sf-dump-public title=\"Runtime added dynamic property\">id</span>\": <span class=sf-dump-num>124</span>
      +\"<span class=sf-dump-public title=\"Runtime added dynamic property\">name</span>\": \"<span class=sf-dump-str title=\"9 characters\">Dacof Dry</span>\"
      +\"<span class=sf-dump-public title=\"Runtime added dynamic property\">code</span>\": <span class=sf-dump-const>null</span>
      +\"<span class=sf-dump-public title=\"Runtime added dynamic property\">description</span>\": <span class=sf-dump-const>null</span>
      +\"<span class=sf-dump-public title=\"Runtime added dynamic property\">supplier_id</span>\": <span class=sf-dump-num>1</span>
      +\"<span class=sf-dump-public title=\"Runtime added dynamic property\">unit</span>\": \"<span class=sf-dump-str title=\"4 characters\">Each</span>\"
      +\"<span class=sf-dump-public title=\"Runtime added dynamic property\">pack_unit</span>\": <span class=sf-dump-const>null</span>
      +\"<span class=sf-dump-public title=\"Runtime added dynamic property\">units_per_pack</span>\": <span class=sf-dump-const>null</span>
      +\"<span class=sf-dump-public title=\"Runtime added dynamic property\">cost_price</span>\": \"<span class=sf-dump-str title=\"4 characters\">0.00</span>\"
      +\"<span class=sf-dump-public title=\"Runtime added dynamic property\">selling_price</span>\": \"<span class=sf-dump-str title=\"7 characters\">8000.00</span>\"
      +\"<span class=sf-dump-public title=\"Runtime added dynamic property\">min_order_quantity</span>\": \"<span class=sf-dump-str title=\"4 characters\">1.00</span>\"
      +\"<span class=sf-dump-public title=\"Runtime added dynamic property\">is_product</span>\": <span class=sf-dump-num>1</span>
      +\"<span class=sf-dump-public title=\"Runtime added dynamic property\">is_active</span>\": <span class=sf-dump-num>1</span>
      +\"<span class=sf-dump-public title=\"Runtime added dynamic property\">created_at</span>\": \"<span class=sf-dump-str title=\"19 characters\">2026-08-16 14:21:52</span>\"
      +\"<span class=sf-dump-public title=\"Runtime added dynamic property\">updated_at</span>\": \"<span class=sf-dump-str title=\"19 characters\">2026-08-16 14:21:52</span>\"
      +\"<span class=sf-dump-public title=\"Runtime added dynamic property\">supplier_name</span>\": \"<span class=sf-dump-str title=\"7 characters\">General</span>\"
    </samp>}
    <span class=sf-dump-index>124</span> => {<a class=sf-dump-ref>#1727</a><samp data-depth=3 class=sf-dump-compact>
      +\"<span class=sf-dump-public title=\"Runtime added dynamic property\">id</span>\": <span class=sf-dump-num>125</span>
      +\"<span class=sf-dump-public title=\"Runtime added dynamic property\">name</span>\": \"<span class=sf-dump-str title=\"17 characters\">Dacof Expectorant</span>\"
      +\"<span class=sf-dump-public title=\"Runtime added dynamic property\">code</span>\": <span class=sf-dump-const>null</span>
      +\"<span class=sf-dump-public title=\"Runtime added dynamic property\">description</span>\": <span class=sf-dump-const>null</span>
      +\"<span class=sf-dump-public title=\"Runtime added dynamic property\">supplier_id</span>\": <span class=sf-dump-num>1</span>
      +\"<span class=sf-dump-public title=\"Runtime added dynamic property\">unit</span>\": \"<span class=sf-dump-str title=\"4 characters\">Each</span>\"
      +\"<span class=sf-dump-public title=\"Runtime added dynamic property\">pack_unit</span>\": <span class=sf-dump-const>null</span>
      +\"<span class=sf-dump-public title=\"Runtime added dynamic property\">units_per_pack</span>\": <span class=sf-dump-const>null</span>
      +\"<span class=sf-dump-public title=\"Runtime added dynamic property\">cost_price</span>\": \"<span class=sf-dump-str title=\"4 characters\">0.00</span>\"
      +\"<span class=sf-dump-public title=\"Runtime added dynamic property\">selling_price</span>\": \"<span class=sf-dump-str title=\"7 characters\">8000.00</span>\"
      +\"<span class=sf-dump-public title=\"Runtime added dynamic property\">min_order_quantity</span>\": \"<span class=sf-dump-str title=\"4 characters\">1.00</span>\"
      +\"<span class=sf-dump-public title=\"Runtime added dynamic property\">is_product</span>\": <span class=sf-dump-num>1</span>
      +\"<span class=sf-dump-public title=\"Runtime added dynamic property\">is_active</span>\": <span class=sf-dump-num>1</span>
      +\"<span class=sf-dump-public title=\"Runtime added dynamic property\">created_at</span>\": \"<span class=sf-dump-str title=\"19 characters\">2026-08-16 14:21:52</span>\"
      +\"<span class=sf-dump-public title=\"Runtime added dynamic property\">updated_at</span>\": \"<span class=sf-dump-str title=\"19 characters\">2026-08-16 14:21:52</span>\"
      +\"<span class=sf-dump-public title=\"Runtime added dynamic property\">supplier_name</span>\": \"<span class=sf-dump-str title=\"7 characters\">General</span>\"
    </samp>}
    <span class=sf-dump-index>125</span> => {<a class=sf-dump-ref>#1728</a><samp data-depth=3 class=sf-dump-compact>
      +\"<span class=sf-dump-public title=\"Runtime added dynamic property\">id</span>\": <span class=sf-dump-num>126</span>
      +\"<span class=sf-dump-public title=\"Runtime added dynamic property\">name</span>\": \"<span class=sf-dump-str title=\"11 characters\">Dacof Paeds</span>\"
      +\"<span class=sf-dump-public title=\"Runtime added dynamic property\">code</span>\": <span class=sf-dump-const>null</span>
      +\"<span class=sf-dump-public title=\"Runtime added dynamic property\">description</span>\": <span class=sf-dump-const>null</span>
      +\"<span class=sf-dump-public title=\"Runtime added dynamic property\">supplier_id</span>\": <span class=sf-dump-num>1</span>
      +\"<span class=sf-dump-public title=\"Runtime added dynamic property\">unit</span>\": \"<span class=sf-dump-str title=\"4 characters\">Each</span>\"
      +\"<span class=sf-dump-public title=\"Runtime added dynamic property\">pack_unit</span>\": <span class=sf-dump-const>null</span>
      +\"<span class=sf-dump-public title=\"Runtime added dynamic property\">units_per_pack</span>\": <span class=sf-dump-const>null</span>
      +\"<span class=sf-dump-public title=\"Runtime added dynamic property\">cost_price</span>\": \"<span class=sf-dump-str title=\"4 characters\">0.00</span>\"
      +\"<span class=sf-dump-public title=\"Runtime added dynamic property\">selling_price</span>\": \"<span class=sf-dump-str title=\"7 characters\">8000.00</span>\"
      +\"<span class=sf-dump-public title=\"Runtime added dynamic property\">min_order_quantity</span>\": \"<span class=sf-dump-str title=\"4 characters\">1.00</span>\"
      +\"<span class=sf-dump-public title=\"Runtime added dynamic property\">is_product</span>\": <span class=sf-dump-num>1</span>
      +\"<span class=sf-dump-public title=\"Runtime added dynamic property\">is_active</span>\": <span class=sf-dump-num>1</span>
      +\"<span class=sf-dump-public title=\"Runtime added dynamic property\">created_at</span>\": \"<span class=sf-dump-str title=\"19 characters\">2026-08-16 14:21:52</span>\"
      +\"<span class=sf-dump-public title=\"Runtime added dynamic property\">updated_at</span>\": \"<span class=sf-dump-str title=\"19 characters\">2026-08-16 14:21:52</span>\"
      +\"<span class=sf-dump-public title=\"Runtime added dynamic property\">supplier_name</span>\": \"<span class=sf-dump-str title=\"7 characters\">General</span>\"
    </samp>}
    <span class=sf-dump-index>126</span> => {<a class=sf-dump-ref>#1729</a><samp data-depth=3 class=sf-dump-compact>
      +\"<span class=sf-dump-public title=\"Runtime added dynamic property\">id</span>\": <span class=sf-dump-num>127</span>
      +\"<span class=sf-dump-public title=\"Runtime added dynamic property\">name</span>\": \"<span class=sf-dump-str title=\"11 characters\">Dacold Caps</span>\"
      +\"<span class=sf-dump-public title=\"Runtime added dynamic property\">code</span>\": <span class=sf-dump-const>null</span>
      +\"<span class=sf-dump-public title=\"Runtime added dynamic property\">description</span>\": <span class=sf-dump-const>null</span>
      +\"<span class=sf-dump-public title=\"Runtime added dynamic property\">supplier_id</span>\": <span class=sf-dump-num>1</span>
      +\"<span class=sf-dump-public title=\"Runtime added dynamic property\">unit</span>\": \"<span class=sf-dump-str title=\"3 characters\">10s</span>\"
      +\"<span class=sf-dump-public title=\"Runtime added dynamic property\">pack_unit</span>\": <span class=sf-dump-const>null</span>
      +\"<span class=sf-dump-public title=\"Runtime added dynamic property\">units_per_pack</span>\": <span class=sf-dump-const>null</span>
      +\"<span class=sf-dump-public title=\"Runtime added dynamic property\">cost_price</span>\": \"<span class=sf-dump-str title=\"4 characters\">0.00</span>\"
      +\"<span class=sf-dump-public title=\"Runtime added dynamic property\">selling_price</span>\": \"<span class=sf-dump-str title=\"7 characters\">5000.00</span>\"
      +\"<span class=sf-dump-public title=\"Runtime added dynamic property\">min_order_quantity</span>\": \"<span class=sf-dump-str title=\"4 characters\">1.00</span>\"
      +\"<span class=sf-dump-public title=\"Runtime added dynamic property\">is_product</span>\": <span class=sf-dump-num>1</span>
      +\"<span class=sf-dump-public title=\"Runtime added dynamic property\">is_active</span>\": <span class=sf-dump-num>1</span>
      +\"<span class=sf-dump-public title=\"Runtime added dynamic property\">created_at</span>\": \"<span class=sf-dump-str title=\"19 characters\">2026-08-16 14:21:52</span>\"
      +\"<span class=sf-dump-public title=\"Runtime added dynamic property\">updated_at</span>\": \"<span class=sf-dump-str title=\"19 characters\">2026-08-16 14:21:52</span>\"
      +\"<span class=sf-dump-public title=\"Runtime added dynamic property\">supplier_name</span>\": \"<span class=sf-dump-str title=\"7 characters\">General</span>\"
    </samp>}
    <span class=sf-dump-index>127</span> => {<a class=sf-dump-ref>#1730</a><samp data-depth=3 class=sf-dump-compact>
      +\"<span class=sf-dump-public title=\"Runtime added dynamic property\">id</span>\": <span class=sf-dump-num>128</span>
      +\"<span class=sf-dump-public title=\"Runtime added dynamic property\">name</span>\": \"<span class=sf-dump-str title=\"12 characters\">Dacold Syrup</span>\"
      +\"<span class=sf-dump-public title=\"Runtime added dynamic property\">code</span>\": <span class=sf-dump-const>null</span>
      +\"<span class=sf-dump-public title=\"Runtime added dynamic property\">description</span>\": <span class=sf-dump-const>null</span>
      +\"<span class=sf-dump-public title=\"Runtime added dynamic property\">supplier_id</span>\": <span class=sf-dump-num>1</span>
      +\"<span class=sf-dump-public title=\"Runtime added dynamic property\">unit</span>\": \"<span class=sf-dump-str title=\"4 characters\">Each</span>\"
      +\"<span class=sf-dump-public title=\"Runtime added dynamic property\">pack_unit</span>\": <span class=sf-dump-const>null</span>
      +\"<span class=sf-dump-public title=\"Runtime added dynamic property\">units_per_pack</span>\": <span class=sf-dump-const>null</span>
      +\"<span class=sf-dump-public title=\"Runtime added dynamic property\">cost_price</span>\": \"<span class=sf-dump-str title=\"4 characters\">0.00</span>\"
      +\"<span class=sf-dump-public title=\"Runtime added dynamic property\">selling_price</span>\": \"<span class=sf-dump-str title=\"7 characters\">7500.00</span>\"
      +\"<span class=sf-dump-public title=\"Runtime added dynamic property\">min_order_quantity</span>\": \"<span class=sf-dump-str title=\"4 characters\">1.00</span>\"
      +\"<span class=sf-dump-public title=\"Runtime added dynamic property\">is_product</span>\": <span class=sf-dump-num>1</span>
      +\"<span class=sf-dump-public title=\"Runtime added dynamic property\">is_active</span>\": <span class=sf-dump-num>1</span>
      +\"<span class=sf-dump-public title=\"Runtime added dynamic property\">created_at</span>\": \"<span class=sf-dump-str title=\"19 characters\">2026-08-16 14:21:52</span>\"
      +\"<span class=sf-dump-public title=\"Runtime added dynamic property\">updated_at</span>\": \"<span class=sf-dump-str title=\"19 characters\">2026-08-16 14:21:52</span>\"
      +\"<span class=sf-dump-public title=\"Runtime added dynamic property\">supplier_name</span>\": \"<span class=sf-dump-str title=\"7 characters\">General</span>\"
    </samp>}
    <span class=sf-dump-index>128</span> => {<a class=sf-dump-ref>#1731</a><samp data-depth=3 class=sf-dump-compact>
      +\"<span class=sf-dump-public title=\"Runtime added dynamic property\">id</span>\": <span class=sf-dump-num>129</span>
      +\"<span class=sf-dump-public title=\"Runtime added dynamic property\">name</span>\": \"<span class=sf-dump-str title=\"17 characters\">Damphos Pessaries</span>\"
      +\"<span class=sf-dump-public title=\"Runtime added dynamic property\">code</span>\": <span class=sf-dump-const>null</span>
      +\"<span class=sf-dump-public title=\"Runtime added dynamic property\">description</span>\": <span class=sf-dump-const>null</span>
      +\"<span class=sf-dump-public title=\"Runtime added dynamic property\">supplier_id</span>\": <span class=sf-dump-num>1</span>
      +\"<span class=sf-dump-public title=\"Runtime added dynamic property\">unit</span>\": \"<span class=sf-dump-str title=\"4 characters\">Each</span>\"
      +\"<span class=sf-dump-public title=\"Runtime added dynamic property\">pack_unit</span>\": <span class=sf-dump-const>null</span>
      +\"<span class=sf-dump-public title=\"Runtime added dynamic property\">units_per_pack</span>\": <span class=sf-dump-const>null</span>
      +\"<span class=sf-dump-public title=\"Runtime added dynamic property\">cost_price</span>\": \"<span class=sf-dump-str title=\"4 characters\">0.00</span>\"
      +\"<span class=sf-dump-public title=\"Runtime added dynamic property\">selling_price</span>\": \"<span class=sf-dump-str title=\"8 characters\">20000.00</span>\"
      +\"<span class=sf-dump-public title=\"Runtime added dynamic property\">min_order_quantity</span>\": \"<span class=sf-dump-str title=\"4 characters\">1.00</span>\"
      +\"<span class=sf-dump-public title=\"Runtime added dynamic property\">is_product</span>\": <span class=sf-dump-num>1</span>
      +\"<span class=sf-dump-public title=\"Runtime added dynamic property\">is_active</span>\": <span class=sf-dump-num>1</span>
      +\"<span class=sf-dump-public title=\"Runtime added dynamic property\">created_at</span>\": \"<span class=sf-dump-str title=\"19 characters\">2026-08-16 14:21:52</span>\"
      +\"<span class=sf-dump-public title=\"Runtime added dynamic property\">updated_at</span>\": \"<span class=sf-dump-str title=\"19 characters\">2026-08-16 14:21:52</span>\"
      +\"<span class=sf-dump-public title=\"Runtime added dynamic property\">supplier_name</span>\": \"<span class=sf-dump-str title=\"7 characters\">General</span>\"
    </samp>}
    <span class=sf-dump-index>129</span> => {<a class=sf-dump-ref>#1732</a><samp data-depth=3 class=sf-dump-compact>
      +\"<span class=sf-dump-public title=\"Runtime added dynamic property\">id</span>\": <span class=sf-dump-num>130</span>
      +\"<span class=sf-dump-public title=\"Runtime added dynamic property\">name</span>\": \"<span class=sf-dump-str title=\"28 characters\">Dawadine Antiseptic Solution</span>\"
      +\"<span class=sf-dump-public title=\"Runtime added dynamic property\">code</span>\": <span class=sf-dump-const>null</span>
      +\"<span class=sf-dump-public title=\"Runtime added dynamic property\">description</span>\": <span class=sf-dump-const>null</span>
      +\"<span class=sf-dump-public title=\"Runtime added dynamic property\">supplier_id</span>\": <span class=sf-dump-num>1</span>
      +\"<span class=sf-dump-public title=\"Runtime added dynamic property\">unit</span>\": \"<span class=sf-dump-str title=\"4 characters\">Each</span>\"
      +\"<span class=sf-dump-public title=\"Runtime added dynamic property\">pack_unit</span>\": <span class=sf-dump-const>null</span>
      +\"<span class=sf-dump-public title=\"Runtime added dynamic property\">units_per_pack</span>\": <span class=sf-dump-const>null</span>
      +\"<span class=sf-dump-public title=\"Runtime added dynamic property\">cost_price</span>\": \"<span class=sf-dump-str title=\"4 characters\">0.00</span>\"
      +\"<span class=sf-dump-public title=\"Runtime added dynamic property\">selling_price</span>\": \"<span class=sf-dump-str title=\"7 characters\">6000.00</span>\"
      +\"<span class=sf-dump-public title=\"Runtime added dynamic property\">min_order_quantity</span>\": \"<span class=sf-dump-str title=\"4 characters\">1.00</span>\"
      +\"<span class=sf-dump-public title=\"Runtime added dynamic property\">is_product</span>\": <span class=sf-dump-num>1</span>
      +\"<span class=sf-dump-public title=\"Runtime added dynamic property\">is_active</span>\": <span class=sf-dump-num>1</span>
      +\"<span class=sf-dump-public title=\"Runtime added dynamic property\">created_at</span>\": \"<span class=sf-dump-str title=\"19 characters\">2026-08-16 14:21:52</span>\"
      +\"<span class=sf-dump-public title=\"Runtime added dynamic property\">updated_at</span>\": \"<span class=sf-dump-str title=\"19 characters\">2026-08-16 14:21:52</span>\"
      +\"<span class=sf-dump-public title=\"Runtime added dynamic property\">supplier_name</span>\": \"<span class=sf-dump-str title=\"7 characters\">General</span>\"
    </samp>}
    <span class=sf-dump-index>130</span> => {<a class=sf-dump-ref>#1733</a><samp data-depth=3 class=sf-dump-compact>
      +\"<span class=sf-dump-public title=\"Runtime added dynamic property\">id</span>\": <span class=sf-dump-num>131</span>
      +\"<span class=sf-dump-public title=\"Runtime added dynamic property\">name</span>\": \"<span class=sf-dump-str title=\"14 characters\">Dawahist Syrup</span>\"
      +\"<span class=sf-dump-public title=\"Runtime added dynamic property\">code</span>\": <span class=sf-dump-const>null</span>
      +\"<span class=sf-dump-public title=\"Runtime added dynamic property\">description</span>\": <span class=sf-dump-const>null</span>
      +\"<span class=sf-dump-public title=\"Runtime added dynamic property\">supplier_id</span>\": <span class=sf-dump-num>1</span>
      +\"<span class=sf-dump-public title=\"Runtime added dynamic property\">unit</span>\": \"<span class=sf-dump-str title=\"4 characters\">Each</span>\"
      +\"<span class=sf-dump-public title=\"Runtime added dynamic property\">pack_unit</span>\": <span class=sf-dump-const>null</span>
      +\"<span class=sf-dump-public title=\"Runtime added dynamic property\">units_per_pack</span>\": <span class=sf-dump-const>null</span>
      +\"<span class=sf-dump-public title=\"Runtime added dynamic property\">cost_price</span>\": \"<span class=sf-dump-str title=\"4 characters\">0.00</span>\"
      +\"<span class=sf-dump-public title=\"Runtime added dynamic property\">selling_price</span>\": \"<span class=sf-dump-str title=\"7 characters\">7500.00</span>\"
       &#8230;6
    </samp>}
    <span class=sf-dump-index>131</span> => {<a class=sf-dump-ref>#1734</a> &#8230;16}
    <span class=sf-dump-index>132</span> => {<a class=sf-dump-ref>#1735</a> &#8230;16}
    <span class=sf-dump-index>133</span> => {<a class=sf-dump-ref>#1736</a> &#8230;16}
    <span class=sf-dump-index>134</span> => {<a class=sf-dump-ref>#1737</a> &#8230;16}
    <span class=sf-dump-index>135</span> => {<a class=sf-dump-ref>#1738</a> &#8230;16}
    <span class=sf-dump-index>136</span> => {<a class=sf-dump-ref>#1739</a> &#8230;16}
    <span class=sf-dump-index>137</span> => {<a class=sf-dump-ref>#1740</a> &#8230;16}
    <span class=sf-dump-index>138</span> => {<a class=sf-dump-ref>#1741</a> &#8230;16}
    <span class=sf-dump-index>139</span> => {<a class=sf-dump-ref>#1742</a> &#8230;16}
    <span class=sf-dump-index>140</span> => {<a class=sf-dump-ref>#1743</a> &#8230;16}
    <span class=sf-dump-index>141</span> => {<a class=sf-dump-ref>#1744</a> &#8230;16}
    <span class=sf-dump-index>142</span> => {<a class=sf-dump-ref>#1745</a> &#8230;16}
    <span class=sf-dump-index>143</span> => {<a class=sf-dump-ref>#1746</a> &#8230;16}
    <span class=sf-dump-index>144</span> => {<a class=sf-dump-ref>#1747</a> &#8230;16}
    <span class=sf-dump-index>145</span> => {<a class=sf-dump-ref>#1748</a> &#8230;16}
    <span class=sf-dump-index>146</span> => {<a class=sf-dump-ref>#1749</a> &#8230;16}
    <span class=sf-dump-index>147</span> => {<a class=sf-dump-ref>#1750</a> &#8230;16}
    <span class=sf-dump-index>148</span> => {<a class=sf-dump-ref>#1751</a> &#8230;16}
    <span class=sf-dump-index>149</span> => {<a class=sf-dump-ref>#1752</a> &#8230;16}
    <span class=sf-dump-index>150</span> => {<a class=sf-dump-ref>#1753</a> &#8230;16}
    <span class=sf-dump-index>151</span> => {<a class=sf-dump-ref>#1754</a> &#8230;16}
    <span class=sf-dump-index>152</span> => {<a class=sf-dump-ref>#1755</a> &#8230;16}
    <span class=sf-dump-index>153</span> => {<a class=sf-dump-ref>#1756</a> &#8230;16}
    <span class=sf-dump-index>154</span> => {<a class=sf-dump-ref>#1757</a> &#8230;16}
    <span class=sf-dump-index>155</span> => {<a class=sf-dump-ref>#1758</a> &#8230;16}
    <span class=sf-dump-index>156</span> => {<a class=sf-dump-ref>#1759</a> &#8230;16}
    <span class=sf-dump-index>157</span> => {<a class=sf-dump-ref>#1760</a> &#8230;16}
    <span class=sf-dump-index>158</span> => {<a class=sf-dump-ref>#1761</a> &#8230;16}
    <span class=sf-dump-index>159</span> => {<a class=sf-dump-ref>#1762</a> &#8230;16}
    <span class=sf-dump-index>160</span> => {<a class=sf-dump-ref>#1763</a> &#8230;16}
    <span class=sf-dump-index>161</span> => {<a class=sf-dump-ref>#1764</a> &#8230;16}
    <span class=sf-dump-index>162</span> => {<a class=sf-dump-ref>#1765</a> &#8230;16}
    <span class=sf-dump-index>163</span> => {<a class=sf-dump-ref>#1766</a> &#8230;16}
    <span class=sf-dump-index>164</span> => {<a class=sf-dump-ref>#1767</a> &#8230;16}
    <span class=sf-dump-index>165</span> => {<a class=sf-dump-ref>#1768</a> &#8230;16}
    <span class=sf-dump-index>166</span> => {<a class=sf-dump-ref>#1769</a> &#8230;16}
    <span class=sf-dump-index>167</span> => {<a class=sf-dump-ref>#1770</a> &#8230;16}
    <span class=sf-dump-index>168</span> => {<a class=sf-dump-ref>#1771</a> &#8230;16}
    <span class=sf-dump-index>169</span> => {<a class=sf-dump-ref>#1772</a> &#8230;16}
    <span class=sf-dump-index>170</span> => {<a class=sf-dump-ref>#1773</a> &#8230;16}
    <span class=sf-dump-index>171</span> => {<a class=sf-dump-ref>#1774</a> &#8230;16}
    <span class=sf-dump-index>172</span> => {<a class=sf-dump-ref>#1775</a> &#8230;16}
    <span class=sf-dump-index>173</span> => {<a class=sf-dump-ref>#1776</a> &#8230;16}
    <span class=sf-dump-index>174</span> => {<a class=sf-dump-ref>#1777</a> &#8230;16}
    <span class=sf-dump-index>175</span> => {<a class=sf-dump-ref>#1778</a> &#8230;16}
    <span class=sf-dump-index>176</span> => {<a class=sf-dump-ref>#1779</a> &#8230;16}
    <span class=sf-dump-index>177</span> => {<a class=sf-dump-ref>#1780</a> &#8230;16}
    <span class=sf-dump-index>178</span> => {<a class=sf-dump-ref>#1781</a> &#8230;16}
    <span class=sf-dump-index>179</span> => {<a class=sf-dump-ref>#1782</a> &#8230;16}
    <span class=sf-dump-index>180</span> => {<a class=sf-dump-ref>#1783</a> &#8230;16}
    <span class=sf-dump-index>181</span> => {<a class=sf-dump-ref>#1784</a> &#8230;16}
    <span class=sf-dump-index>182</span> => {<a class=sf-dump-ref>#1785</a> &#8230;16}
    <span class=sf-dump-index>183</span> => {<a class=sf-dump-ref>#1786</a> &#8230;16}
    <span class=sf-dump-index>184</span> => {<a class=sf-dump-ref>#1787</a> &#8230;16}
    <span class=sf-dump-index>185</span> => {<a class=sf-dump-ref>#1788</a> &#8230;16}
    <span class=sf-dump-index>186</span> => {<a class=sf-dump-ref>#1789</a> &#8230;16}
    <span class=sf-dump-index>187</span> => {<a class=sf-dump-ref>#1790</a> &#8230;16}
    <span class=sf-dump-index>188</span> => {<a class=sf-dump-ref>#1791</a> &#8230;16}
    <span class=sf-dump-index>189</span> => {<a class=sf-dump-ref>#1792</a> &#8230;16}
    <span class=sf-dump-index>190</span> => {<a class=sf-dump-ref>#1793</a> &#8230;16}
    <span class=sf-dump-index>191</span> => {<a class=sf-dump-ref>#1794</a> &#8230;16}
    <span class=sf-dump-index>192</span> => {<a class=sf-dump-ref>#1795</a> &#8230;16}
    <span class=sf-dump-index>193</span> => {<a class=sf-dump-ref>#1796</a> &#8230;16}
    <span class=sf-dump-index>194</span> => {<a class=sf-dump-ref>#1797</a> &#8230;16}
    <span class=sf-dump-index>195</span> => {<a class=sf-dump-ref>#1798</a> &#8230;16}
    <span class=sf-dump-index>196</span> => {<a class=sf-dump-ref>#1799</a> &#8230;16}
    <span class=sf-dump-index>197</span> => {<a class=sf-dump-ref>#1800</a> &#8230;16}
    <span class=sf-dump-index>198</span> => {<a class=sf-dump-ref>#1801</a> &#8230;16}
    <span class=sf-dump-index>199</span> => {<a class=sf-dump-ref>#1802</a> &#8230;16}
    <span class=sf-dump-index>200</span> => {<a class=sf-dump-ref>#1803</a> &#8230;16}
    <span class=sf-dump-index>201</span> => {<a class=sf-dump-ref>#1804</a> &#8230;16}
    <span class=sf-dump-index>202</span> => {<a class=sf-dump-ref>#1805</a> &#8230;16}
    <span class=sf-dump-index>203</span> => {<a class=sf-dump-ref>#1806</a> &#8230;16}
    <span class=sf-dump-index>204</span> => {<a class=sf-dump-ref>#1807</a> &#8230;16}
    <span class=sf-dump-index>205</span> => {<a class=sf-dump-ref>#1808</a> &#8230;16}
    <span class=sf-dump-index>206</span> => {<a class=sf-dump-ref>#1809</a> &#8230;16}
    <span class=sf-dump-index>207</span> => {<a class=sf-dump-ref>#1810</a> &#8230;16}
    <span class=sf-dump-index>208</span> => {<a class=sf-dump-ref>#1811</a> &#8230;16}
    <span class=sf-dump-index>209</span> => {<a class=sf-dump-ref>#1812</a> &#8230;16}
    <span class=sf-dump-index>210</span> => {<a class=sf-dump-ref>#1813</a> &#8230;16}
    <span class=sf-dump-index>211</span> => {<a class=sf-dump-ref>#1814</a> &#8230;16}
    <span class=sf-dump-index>212</span> => {<a class=sf-dump-ref>#1815</a> &#8230;16}
    <span class=sf-dump-index>213</span> => {<a class=sf-dump-ref>#1816</a> &#8230;16}
    <span class=sf-dump-index>214</span> => {<a class=sf-dump-ref>#1817</a> &#8230;16}
    <span class=sf-dump-index>215</span> => {<a class=sf-dump-ref>#1818</a> &#8230;16}
    <span class=sf-dump-index>216</span> => {<a class=sf-dump-ref>#1819</a> &#8230;16}
    <span class=sf-dump-index>217</span> => {<a class=sf-dump-ref>#1820</a> &#8230;16}
    <span class=sf-dump-index>218</span> => {<a class=sf-dump-ref>#1821</a> &#8230;16}
    <span class=sf-dump-index>219</span> => {<a class=sf-dump-ref>#1822</a> &#8230;16}
    <span class=sf-dump-index>220</span> => {<a class=sf-dump-ref>#1823</a> &#8230;16}
    <span class=sf-dump-index>221</span> => {<a class=sf-dump-ref>#1824</a> &#8230;16}
    <span class=sf-dump-index>222</span> => {<a class=sf-dump-ref>#1825</a> &#8230;16}
    <span class=sf-dump-index>223</span> => {<a class=sf-dump-ref>#1826</a> &#8230;16}
    <span class=sf-dump-index>224</span> => {<a class=sf-dump-ref>#1827</a> &#8230;16}
    <span class=sf-dump-index>225</span> => {<a class=sf-dump-ref>#1828</a> &#8230;16}
    <span class=sf-dump-index>226</span> => {<a class=sf-dump-ref>#1829</a> &#8230;16}
    <span class=sf-dump-index>227</span> => {<a class=sf-dump-ref>#1830</a> &#8230;16}
    <span class=sf-dump-index>228</span> => {<a class=sf-dump-ref>#1831</a> &#8230;16}
    <span class=sf-dump-index>229</span> => {<a class=sf-dump-ref>#1832</a> &#8230;16}
    <span class=sf-dump-index>230</span> => {<a class=sf-dump-ref>#1833</a> &#8230;16}
    <span class=sf-dump-index>231</span> => {<a class=sf-dump-ref>#1834</a> &#8230;16}
    <span class=sf-dump-index>232</span> => {<a class=sf-dump-ref>#1835</a> &#8230;16}
    <span class=sf-dump-index>233</span> => {<a class=sf-dump-ref>#1836</a> &#8230;16}
    <span class=sf-dump-index>234</span> => {<a class=sf-dump-ref>#1837</a> &#8230;16}
    <span class=sf-dump-index>235</span> => {<a class=sf-dump-ref>#1838</a> &#8230;16}
    <span class=sf-dump-index>236</span> => {<a class=sf-dump-ref>#1839</a> &#8230;16}
    <span class=sf-dump-index>237</span> => {<a class=sf-dump-ref>#1840</a> &#8230;16}
    <span class=sf-dump-index>238</span> => {<a class=sf-dump-ref>#1841</a> &#8230;16}
    <span class=sf-dump-index>239</span> => {<a class=sf-dump-ref>#1842</a> &#8230;16}
    <span class=sf-dump-index>240</span> => {<a class=sf-dump-ref>#1843</a> &#8230;16}
    <span class=sf-dump-index>241</span> => {<a class=sf-dump-ref>#1844</a> &#8230;16}
    <span class=sf-dump-index>242</span> => {<a class=sf-dump-ref>#1845</a> &#8230;16}
    <span class=sf-dump-index>243</span> => {<a class=sf-dump-ref>#1846</a> &#8230;16}
    <span class=sf-dump-index>244</span> => {<a class=sf-dump-ref>#1847</a> &#8230;16}
    <span class=sf-dump-index>245</span> => {<a class=sf-dump-ref>#1848</a> &#8230;16}
    <span class=sf-dump-index>246</span> => {<a class=sf-dump-ref>#1849</a> &#8230;16}
    <span class=sf-dump-index>247</span> => {<a class=sf-dump-ref>#1850</a> &#8230;16}
    <span class=sf-dump-index>248</span> => {<a class=sf-dump-ref>#1851</a> &#8230;16}
    <span class=sf-dump-index>249</span> => {<a class=sf-dump-ref>#1852</a> &#8230;16}
    <span class=sf-dump-index>250</span> => {<a class=sf-dump-ref>#1853</a> &#8230;16}
    <span class=sf-dump-index>251</span> => {<a class=sf-dump-ref>#1854</a> &#8230;16}
    <span class=sf-dump-index>252</span> => {<a class=sf-dump-ref>#1855</a> &#8230;16}
    <span class=sf-dump-index>253</span> => {<a class=sf-dump-ref>#1856</a> &#8230;16}
    <span class=sf-dump-index>254</span> => {<a class=sf-dump-ref>#1857</a> &#8230;16}
    <span class=sf-dump-index>255</span> => {<a class=sf-dump-ref>#1858</a> &#8230;16}
    <span class=sf-dump-index>256</span> => {<a class=sf-dump-ref>#1859</a> &#8230;16}
    <span class=sf-dump-index>257</span> => {<a class=sf-dump-ref>#1860</a> &#8230;16}
    <span class=sf-dump-index>258</span> => {<a class=sf-dump-ref>#1861</a> &#8230;16}
    <span class=sf-dump-index>259</span> => {<a class=sf-dump-ref>#1862</a> &#8230;16}
    <span class=sf-dump-index>260</span> => {<a class=sf-dump-ref>#1863</a> &#8230;16}
    <span class=sf-dump-index>261</span> => {<a class=sf-dump-ref>#1864</a> &#8230;16}
    <span class=sf-dump-index>262</span> => {<a class=sf-dump-ref>#1865</a> &#8230;16}
    <span class=sf-dump-index>263</span> => {<a class=sf-dump-ref>#1866</a> &#8230;16}
    <span class=sf-dump-index>264</span> => {<a class=sf-dump-ref>#1867</a> &#8230;16}
    <span class=sf-dump-index>265</span> => {<a class=sf-dump-ref>#1868</a> &#8230;16}
    <span class=sf-dump-index>266</span> => {<a class=sf-dump-ref>#1869</a> &#8230;16}
    <span class=sf-dump-index>267</span> => {<a class=sf-dump-ref>#1870</a> &#8230;16}
    <span class=sf-dump-index>268</span> => {<a class=sf-dump-ref>#1871</a> &#8230;16}
    <span class=sf-dump-index>269</span> => {<a class=sf-dump-ref>#1872</a> &#8230;16}
    <span class=sf-dump-index>270</span> => {<a class=sf-dump-ref>#1873</a> &#8230;16}
    <span class=sf-dump-index>271</span> => {<a class=sf-dump-ref>#1874</a> &#8230;16}
    <span class=sf-dump-index>272</span> => {<a class=sf-dump-ref>#1875</a> &#8230;16}
    <span class=sf-dump-index>273</span> => {<a class=sf-dump-ref>#1876</a> &#8230;16}
    <span class=sf-dump-index>274</span> => {<a class=sf-dump-ref>#1877</a> &#8230;16}
    <span class=sf-dump-index>275</span> => {<a class=sf-dump-ref>#1878</a> &#8230;16}
    <span class=sf-dump-index>276</span> => {<a class=sf-dump-ref>#1879</a> &#8230;16}
    <span class=sf-dump-index>277</span> => {<a class=sf-dump-ref>#1880</a> &#8230;16}
    <span class=sf-dump-index>278</span> => {<a class=sf-dump-ref>#1881</a> &#8230;16}
    <span class=sf-dump-index>279</span> => {<a class=sf-dump-ref>#1882</a> &#8230;16}
    <span class=sf-dump-index>280</span> => {<a class=sf-dump-ref>#1883</a> &#8230;16}
    <span class=sf-dump-index>281</span> => {<a class=sf-dump-ref>#1884</a> &#8230;16}
    <span class=sf-dump-index>282</span> => {<a class=sf-dump-ref>#1885</a> &#8230;16}
    <span class=sf-dump-index>283</span> => {<a class=sf-dump-ref>#1886</a> &#8230;16}
    <span class=sf-dump-index>284</span> => {<a class=sf-dump-ref>#1887</a> &#8230;16}
    <span class=sf-dump-index>285</span> => {<a class=sf-dump-ref>#1888</a> &#8230;16}
    <span class=sf-dump-index>286</span> => {<a class=sf-dump-ref>#1889</a> &#8230;16}
    <span class=sf-dump-index>287</span> => {<a class=sf-dump-ref>#1890</a> &#8230;16}
    <span class=sf-dump-index>288</span> => {<a class=sf-dump-ref>#1891</a> &#8230;16}
    <span class=sf-dump-index>289</span> => {<a class=sf-dump-ref>#1892</a> &#8230;16}
    <span class=sf-dump-index>290</span> => {<a class=sf-dump-ref>#1893</a> &#8230;16}
    <span class=sf-dump-index>291</span> => {<a class=sf-dump-ref>#1894</a> &#8230;16}
    <span class=sf-dump-index>292</span> => {<a class=sf-dump-ref>#1895</a> &#8230;16}
    <span class=sf-dump-index>293</span> => {<a class=sf-dump-ref>#1896</a> &#8230;16}
    <span class=sf-dump-index>294</span> => {<a class=sf-dump-ref>#1897</a> &#8230;16}
    <span class=sf-dump-index>295</span> => {<a class=sf-dump-ref>#1898</a> &#8230;16}
    <span class=sf-dump-index>296</span> => {<a class=sf-dump-ref>#1899</a> &#8230;16}
    <span class=sf-dump-index>297</span> => {<a class=sf-dump-ref>#1900</a> &#8230;16}
    <span class=sf-dump-index>298</span> => {<a class=sf-dump-ref>#1901</a> &#8230;16}
    <span class=sf-dump-index>299</span> => {<a class=sf-dump-ref>#1902</a> &#8230;16}
    <span class=sf-dump-index>300</span> => {<a class=sf-dump-ref>#1903</a> &#8230;16}
    <span class=sf-dump-index>301</span> => {<a class=sf-dump-ref>#1904</a> &#8230;16}
    <span class=sf-dump-index>302</span> => {<a class=sf-dump-ref>#1905</a> &#8230;16}
    <span class=sf-dump-index>303</span> => {<a class=sf-dump-ref>#1906</a> &#8230;16}
    <span class=sf-dump-index>304</span> => {<a class=sf-dump-ref>#1907</a> &#8230;16}
    <span class=sf-dump-index>305</span> => {<a class=sf-dump-ref>#1908</a> &#8230;16}
    <span class=sf-dump-index>306</span> => {<a class=sf-dump-ref>#1909</a> &#8230;16}
    <span class=sf-dump-index>307</span> => {<a class=sf-dump-ref>#1910</a> &#8230;16}
    <span class=sf-dump-index>308</span> => {<a class=sf-dump-ref>#1911</a> &#8230;16}
    <span class=sf-dump-index>309</span> => {<a class=sf-dump-ref>#1912</a> &#8230;16}
    <span class=sf-dump-index>310</span> => {<a class=sf-dump-ref>#1913</a> &#8230;16}
    <span class=sf-dump-index>311</span> => {<a class=sf-dump-ref>#1914</a> &#8230;16}
    <span class=sf-dump-index>312</span> => {<a class=sf-dump-ref>#1915</a> &#8230;16}
    <span class=sf-dump-index>313</span> => {<a class=sf-dump-ref>#1916</a> &#8230;16}
    <span class=sf-dump-index>314</span> => {<a class=sf-dump-ref>#1917</a> &#8230;16}
    <span class=sf-dump-index>315</span> => {<a class=sf-dump-ref>#1918</a> &#8230;16}
    <span class=sf-dump-index>316</span> => {<a class=sf-dump-ref>#1919</a> &#8230;16}
    <span class=sf-dump-index>317</span> => {<a class=sf-dump-ref>#1920</a> &#8230;16}
    <span class=sf-dump-index>318</span> => {<a class=sf-dump-ref>#1921</a> &#8230;16}
    <span class=sf-dump-index>319</span> => {<a class=sf-dump-ref>#1922</a> &#8230;16}
    <span class=sf-dump-index>320</span> => {<a class=sf-dump-ref>#1923</a> &#8230;16}
    <span class=sf-dump-index>321</span> => {<a class=sf-dump-ref>#1924</a> &#8230;16}
    <span class=sf-dump-index>322</span> => {<a class=sf-dump-ref>#1925</a> &#8230;16}
    <span class=sf-dump-index>323</span> => {<a class=sf-dump-ref>#1926</a> &#8230;16}
    <span class=sf-dump-index>324</span> => {<a class=sf-dump-ref>#1927</a> &#8230;16}
    <span class=sf-dump-index>325</span> => {<a class=sf-dump-ref>#1928</a> &#8230;16}
    <span class=sf-dump-index>326</span> => {<a class=sf-dump-ref>#1929</a> &#8230;16}
    <span class=sf-dump-index>327</span> => {<a class=sf-dump-ref>#1930</a> &#8230;16}
    <span class=sf-dump-index>328</span> => {<a class=sf-dump-ref>#1931</a> &#8230;16}
    <span class=sf-dump-index>329</span> => {<a class=sf-dump-ref>#1932</a> &#8230;16}
    <span class=sf-dump-index>330</span> => {<a class=sf-dump-ref>#1933</a> &#8230;16}
    <span class=sf-dump-index>331</span> => {<a class=sf-dump-ref>#1934</a> &#8230;16}
    <span class=sf-dump-index>332</span> => {<a class=sf-dump-ref>#1935</a> &#8230;16}
    <span class=sf-dump-index>333</span> => {<a class=sf-dump-ref>#1936</a> &#8230;16}
    <span class=sf-dump-index>334</span> => {<a class=sf-dump-ref>#1937</a> &#8230;16}
    <span class=sf-dump-index>335</span> => {<a class=sf-dump-ref>#1938</a> &#8230;16}
    <span class=sf-dump-index>336</span> => {<a class=sf-dump-ref>#1939</a> &#8230;16}
    <span class=sf-dump-index>337</span> => {<a class=sf-dump-ref>#1940</a> &#8230;16}
    <span class=sf-dump-index>338</span> => {<a class=sf-dump-ref>#1941</a> &#8230;16}
    <span class=sf-dump-index>339</span> => {<a class=sf-dump-ref>#1942</a> &#8230;16}
    <span class=sf-dump-index>340</span> => {<a class=sf-dump-ref>#1943</a> &#8230;16}
    <span class=sf-dump-index>341</span> => {<a class=sf-dump-ref>#1944</a> &#8230;16}
    <span class=sf-dump-index>342</span> => {<a class=sf-dump-ref>#1945</a> &#8230;16}
    <span class=sf-dump-index>343</span> => {<a class=sf-dump-ref>#1946</a> &#8230;16}
    <span class=sf-dump-index>344</span> => {<a class=sf-dump-ref>#1947</a> &#8230;16}
    <span class=sf-dump-index>345</span> => {<a class=sf-dump-ref>#1948</a> &#8230;16}
    <span class=sf-dump-index>346</span> => {<a class=sf-dump-ref>#1949</a> &#8230;16}
    <span class=sf-dump-index>347</span> => {<a class=sf-dump-ref>#1950</a> &#8230;16}
    <span class=sf-dump-index>348</span> => {<a class=sf-dump-ref>#1951</a> &#8230;16}
    <span class=sf-dump-index>349</span> => {<a class=sf-dump-ref>#1952</a> &#8230;16}
    <span class=sf-dump-index>350</span> => {<a class=sf-dump-ref>#1953</a> &#8230;16}
    <span class=sf-dump-index>351</span> => {<a class=sf-dump-ref>#1954</a> &#8230;16}
    <span class=sf-dump-index>352</span> => {<a class=sf-dump-ref>#1955</a> &#8230;16}
    <span class=sf-dump-index>353</span> => {<a class=sf-dump-ref>#1956</a> &#8230;16}
    <span class=sf-dump-index>354</span> => {<a class=sf-dump-ref>#1957</a> &#8230;16}
    <span class=sf-dump-index>355</span> => {<a class=sf-dump-ref>#1958</a> &#8230;16}
    <span class=sf-dump-index>356</span> => {<a class=sf-dump-ref>#1959</a> &#8230;16}
    <span class=sf-dump-index>357</span> => {<a class=sf-dump-ref>#1960</a> &#8230;16}
    <span class=sf-dump-index>358</span> => {<a class=sf-dump-ref>#1961</a> &#8230;16}
    <span class=sf-dump-index>359</span> => {<a class=sf-dump-ref>#1962</a> &#8230;16}
    <span class=sf-dump-index>360</span> => {<a class=sf-dump-ref>#1963</a> &#8230;16}
    <span class=sf-dump-index>361</span> => {<a class=sf-dump-ref>#1964</a> &#8230;16}
    <span class=sf-dump-index>362</span> => {<a class=sf-dump-ref>#1965</a> &#8230;16}
    <span class=sf-dump-index>363</span> => {<a class=sf-dump-ref>#1966</a> &#8230;16}
    <span class=sf-dump-index>364</span> => {<a class=sf-dump-ref>#1967</a> &#8230;16}
    <span class=sf-dump-index>365</span> => {<a class=sf-dump-ref>#1968</a> &#8230;16}
    <span class=sf-dump-index>366</span> => {<a class=sf-dump-ref>#1969</a> &#8230;16}
    <span class=sf-dump-index>367</span> => {<a class=sf-dump-ref>#1970</a> &#8230;16}
    <span class=sf-dump-index>368</span> => {<a class=sf-dump-ref>#1971</a> &#8230;16}
    <span class=sf-dump-index>369</span> => {<a class=sf-dump-ref>#1972</a> &#8230;16}
    <span class=sf-dump-index>370</span> => {<a class=sf-dump-ref>#1973</a> &#8230;16}
    <span class=sf-dump-index>371</span> => {<a class=sf-dump-ref>#1974</a> &#8230;16}
    <span class=sf-dump-index>372</span> => {<a class=sf-dump-ref>#1975</a> &#8230;16}
    <span class=sf-dump-index>373</span> => {<a class=sf-dump-ref>#1976</a> &#8230;16}
    <span class=sf-dump-index>374</span> => {<a class=sf-dump-ref>#1977</a> &#8230;16}
    <span class=sf-dump-index>375</span> => {<a class=sf-dump-ref>#1978</a> &#8230;16}
    <span class=sf-dump-index>376</span> => {<a class=sf-dump-ref>#1979</a> &#8230;16}
    <span class=sf-dump-index>377</span> => {<a class=sf-dump-ref>#1980</a> &#8230;16}
    <span class=sf-dump-index>378</span> => {<a class=sf-dump-ref>#1981</a> &#8230;16}
    <span class=sf-dump-index>379</span> => {<a class=sf-dump-ref>#1982</a> &#8230;16}
    <span class=sf-dump-index>380</span> => {<a class=sf-dump-ref>#1983</a> &#8230;16}
    <span class=sf-dump-index>381</span> => {<a class=sf-dump-ref>#1984</a> &#8230;16}
    <span class=sf-dump-index>382</span> => {<a class=sf-dump-ref>#1985</a> &#8230;16}
    <span class=sf-dump-index>383</span> => {<a class=sf-dump-ref>#1986</a> &#8230;16}
    <span class=sf-dump-index>384</span> => {<a class=sf-dump-ref>#1987</a> &#8230;16}
    <span class=sf-dump-index>385</span> => {<a class=sf-dump-ref>#1988</a> &#8230;16}
    <span class=sf-dump-index>386</span> => {<a class=sf-dump-ref>#1989</a> &#8230;16}
    <span class=sf-dump-index>387</span> => {<a class=sf-dump-ref>#1990</a> &#8230;16}
    <span class=sf-dump-index>388</span> => {<a class=sf-dump-ref>#1991</a> &#8230;16}
    <span class=sf-dump-index>389</span> => {<a class=sf-dump-ref>#1992</a> &#8230;16}
    <span class=sf-dump-index>390</span> => {<a class=sf-dump-ref>#1993</a> &#8230;16}
    <span class=sf-dump-index>391</span> => {<a class=sf-dump-ref>#1994</a> &#8230;16}
    <span class=sf-dump-index>392</span> => {<a class=sf-dump-ref>#1995</a> &#8230;16}
    <span class=sf-dump-index>393</span> => {<a class=sf-dump-ref>#1996</a> &#8230;16}
    <span class=sf-dump-index>394</span> => {<a class=sf-dump-ref>#1997</a> &#8230;16}
    <span class=sf-dump-index>395</span> => {<a class=sf-dump-ref>#1998</a> &#8230;16}
    <span class=sf-dump-index>396</span> => {<a class=sf-dump-ref>#1999</a> &#8230;16}
    <span class=sf-dump-index>397</span> => {<a class=sf-dump-ref>#2000</a> &#8230;16}
    <span class=sf-dump-index>398</span> => {<a class=sf-dump-ref>#2001</a> &#8230;16}
    <span class=sf-dump-index>399</span> => {<a class=sf-dump-ref>#2002</a> &#8230;16}
    <span class=sf-dump-index>400</span> => {<a class=sf-dump-ref>#2003</a> &#8230;16}
    <span class=sf-dump-index>401</span> => {<a class=sf-dump-ref>#2004</a> &#8230;16}
    <span class=sf-dump-index>402</span> => {<a class=sf-dump-ref>#2005</a> &#8230;16}
    <span class=sf-dump-index>403</span> => {<a class=sf-dump-ref>#2006</a> &#8230;16}
    <span class=sf-dump-index>404</span> => {<a class=sf-dump-ref>#2007</a> &#8230;16}
    <span class=sf-dump-index>405</span> => {<a class=sf-dump-ref>#2008</a> &#8230;16}
    <span class=sf-dump-index>406</span> => {<a class=sf-dump-ref>#2009</a> &#8230;16}
    <span class=sf-dump-index>407</span> => {<a class=sf-dump-ref>#2010</a> &#8230;16}
    <span class=sf-dump-index>408</span> => {<a class=sf-dump-ref>#2011</a> &#8230;16}
    <span class=sf-dump-index>409</span> => {<a class=sf-dump-ref>#2012</a> &#8230;16}
  </samp>]
  #<span class=sf-dump-protected title=\"Protected property\">escapeWhenCastingToString</span>: <span class=sf-dump-const>false</span>
</samp>}
</pre><script>Sfdump(\"sf-dump-1526572246\", {\"maxDepth\":3,\"maxStringLength\":160})</script>
","savedCategoryId":"<pre class=sf-dump id=sf-dump-529573628 data-indent-pad=\"  \"><span class=sf-dump-num>1</span>
</pre><script>Sfdump(\"sf-dump-529573628\", {\"maxDepth\":3,\"maxStringLength\":160})</script>
","savedSupplierId":"<pre class=sf-dump id=sf-dump-1678740951 data-indent-pad=\"  \"><span class=sf-dump-num>1</span>
</pre><script>Sfdump(\"sf-dump-1678740951\", {\"maxDepth\":3,\"maxStringLength\":160})</script>
","supplierNamesMap":"<pre class=sf-dump id=sf-dump-1602532498 data-indent-pad=\"  \"><span class=sf-dump-note>Illuminate\\Support\\Collection</span> {<a class=sf-dump-ref>#2013</a><samp data-depth=1 class=sf-dump-expanded>
  #<span class=sf-dump-protected title=\"Protected property\">items</span>: <span class=sf-dump-note>array:1</span> [<samp data-depth=2 class=sf-dump-compact>
    <span class=sf-dump-key>1</span> => \"<span class=sf-dump-str title=\"7 characters\">General</span>\"
  </samp>]
  #<span class=sf-dump-protected title=\"Protected property\">escapeWhenCastingToString</span>: <span class=sf-dump-const>false</span>
</samp>}
</pre><script>Sfdump(\"sf-dump-1602532498\", {\"maxDepth\":3,\"maxStringLength\":160})</script>
"}},"userId":1,"exception":"[object] (Spatie\\LaravelIgnition\\Exceptions\\ViewException(code: 0): Undefined property: stdClass::$supplier at C:\\Users\\Netamind Technology\\Desktop\\netacube\\resources\\views\\operations\\wholesale\\baseproducts.blade.php:195)
[stacktrace]
#0 C:\\Users\\Netamind Technology\\Desktop\\netacube\\vendor\\laravel\\framework\\src\\Illuminate\\Filesystem\\Filesystem.php(123): require('C:\\\\Users\\\\Netami...')
#1 C:\\Users\\Netamind Technology\\Desktop\\netacube\\vendor\\laravel\\framework\\src\\Illuminate\\Filesystem\\Filesystem.php(124): Illuminate\\Filesystem\\Filesystem::Illuminate\\Filesystem\\{closure}()
#2 C:\\Users\\Netamind Technology\\Desktop\\netacube\\vendor\\laravel\\framework\\src\\Illuminate\\View\\Engines\\PhpEngine.php(58): Illuminate\\Filesystem\\Filesystem->getRequire('C:\\\\Users\\\\Netami...', Array)
#3 C:\\Users\\Netamind Technology\\Desktop\\netacube\\vendor\\laravel\\framework\\src\\Illuminate\\View\\Engines\\CompilerEngine.php(72): Illuminate\\View\\Engines\\PhpEngine->evaluatePath('C:\\\\Users\\\\Netami...', Array)
#4 C:\\Users\\Netamind Technology\\Desktop\\netacube\\vendor\\laravel\\framework\\src\\Illuminate\\View\\View.php(207): Illuminate\\View\\Engines\\CompilerEngine->get('C:\\\\Users\\\\Netami...', Array)
#5 C:\\Users\\Netamind Technology\\Desktop\\netacube\\vendor\\laravel\\framework\\src\\Illuminate\\View\\View.php(190): Illuminate\\View\\View->getContents()
#6 C:\\Users\\Netamind Technology\\Desktop\\netacube\\vendor\\laravel\\framework\\src\\Illuminate\\View\\View.php(159): Illuminate\\View\\View->renderContents()
#7 C:\\Users\\Netamind Technology\\Desktop\\netacube\\vendor\\laravel\\framework\\src\\Illuminate\\Http\\Response.php(69): Illuminate\\View\\View->render()
#8 C:\\Users\\Netamind Technology\\Desktop\\netacube\\vendor\\laravel\\framework\\src\\Illuminate\\Http\\Response.php(35): Illuminate\\Http\\Response->setContent(Object(Illuminate\\View\\View))
#9 C:\\Users\\Netamind Technology\\Desktop\\netacube\\vendor\\laravel\\framework\\src\\Illuminate\\Routing\\Router.php(918): Illuminate\\Http\\Response->__construct(Object(Illuminate\\View\\View), 200, Array)
#10 C:\\Users\\Netamind Technology\\Desktop\\netacube\\vendor\\laravel\\framework\\src\\Illuminate\\Routing\\Router.php(885): Illuminate\\Routing\\Router::toResponse(Object(Illuminate\\Http\\Request), Object(Illuminate\\View\\View))
#11 C:\\Users\\Netamind Technology\\Desktop\\netacube\\vendor\\laravel\\framework\\src\\Illuminate\\Routing\\Router.php(805): Illuminate\\Routing\\Router->prepareResponse(Object(Illuminate\\Http\\Request), Object(Illuminate\\View\\View))
#12 C:\\Users\\Netamind Technology\\Desktop\\netacube\\vendor\\laravel\\framework\\src\\Illuminate\\Pipeline\\Pipeline.php(144): Illuminate\\Routing\\Router->Illuminate\\Routing\\{closure}(Object(Illuminate\\Http\\Request))
#13 C:\\Users\\Netamind Technology\\Desktop\\netacube\\app\\Http\\Middleware\\EnforceSessionLifetime.php(71): Illuminate\\Pipeline\\Pipeline->Illuminate\\Pipeline\\{closure}(Object(Illuminate\\Http\\Request))
#14 C:\\Users\\Netamind Technology\\Desktop\\netacube\\vendor\\laravel\\framework\\src\\Illuminate\\Pipeline\\Pipeline.php(183): App\\Http\\Middleware\\EnforceSessionLifetime->handle(Object(Illuminate\\Http\\Request), Object(Closure))
#15 C:\\Users\\Netamind Technology\\Desktop\\netacube\\app\\Http\\Middleware\\EnforceIdleTimeout.php(48): Illuminate\\Pipeline\\Pipeline->Illuminate\\Pipeline\\{closure}(Object(Illuminate\\Http\\Request))
#16 C:\\Users\\Netamind Technology\\Desktop\\netacube\\vendor\\laravel\\framework\\src\\Illuminate\\Pipeline\\Pipeline.php(183): App\\Http\\Middleware\\EnforceIdleTimeout->handle(Object(Illuminate\\Http\\Request), Object(Closure))
#17 C:\\Users\\Netamind Technology\\Desktop\\netacube\\app\\Http\\Middleware\\SectorAllowed.php(34): Illuminate\\Pipeline\\Pipeline->Illuminate\\Pipeline\\{closure}(Object(Illuminate\\Http\\Request))
#18 C:\\Users\\Netamind Technology\\Desktop\\netacube\\vendor\\laravel\\framework\\src\\Illuminate\\Pipeline\\Pipeline.php(183): App\\Http\\Middleware\\SectorAllowed->handle(Object(Illuminate\\Http\\Request), Object(Closure), 'Wholesale')
#19 C:\\Users\\Netamind Technology\\Desktop\\netacube\\app\\Http\\Middleware\\HydrateAuthFromSession.php(51): Illuminate\\Pipeline\\Pipeline->Illuminate\\Pipeline\\{closure}(Object(Illuminate\\Http\\Request))
#20 C:\\Users\\Netamind Technology\\Desktop\\netacube\\vendor\\laravel\\framework\\src\\Illuminate\\Pipeline\\Pipeline.php(183): App\\Http\\Middleware\\HydrateAuthFromSession->handle(Object(Illuminate\\Http\\Request), Object(Closure))
#21 C:\\Users\\Netamind Technology\\Desktop\\netacube\\app\\Http\\Middleware\\InitializeTenancyByPath.php(114): Illuminate\\Pipeline\\Pipeline->Illuminate\\Pipeline\\{closure}(Object(Illuminate\\Http\\Request))
#22 C:\\Users\\Netamind Technology\\Desktop\\netacube\\vendor\\laravel\\framework\\src\\Illuminate\\Pipeline\\Pipeline.php(183): App\\Http\\Middleware\\InitializeTenancyByPath->handle(Object(Illuminate\\Http\\Request), Object(Closure))
#23 C:\\Users\\Netamind Technology\\Desktop\\netacube\\vendor\\laravel\\framework\\src\\Illuminate\\Routing\\Middleware\\SubstituteBindings.php(50): Illuminate\\Pipeline\\Pipeline->Illuminate\\Pipeline\\{closure}(Object(Illuminate\\Http\\Request))
#24 C:\\Users\\Netamind Technology\\Desktop\\netacube\\vendor\\laravel\\framework\\src\\Illuminate\\Pipeline\\Pipeline.php(183): Illuminate\\Routing\\Middleware\\SubstituteBindings->handle(Object(Illuminate\\Http\\Request), Object(Closure))
#25 C:\\Users\\Netamind Technology\\Desktop\\netacube\\vendor\\laravel\\framework\\src\\Illuminate\\Foundation\\Http\\Middleware\\VerifyCsrfToken.php(78): Illuminate\\Pipeline\\Pipeline->Illuminate\\Pipeline\\{closure}(Object(Illuminate\\Http\\Request))
#26 C:\\Users\\Netamind Technology\\Desktop\\netacube\\vendor\\laravel\\framework\\src\\Illuminate\\Pipeline\\Pipeline.php(183): Illuminate\\Foundation\\Http\\Middleware\\VerifyCsrfToken->handle(Object(Illuminate\\Http\\Request), Object(Closure))
#27 C:\\Users\\Netamind Technology\\Desktop\\netacube\\vendor\\laravel\\framework\\src\\Illuminate\\View\\Middleware\\ShareErrorsFromSession.php(49): Illuminate\\Pipeline\\Pipeline->Illuminate\\Pipeline\\{closure}(Object(Illuminate\\Http\\Request))
#28 C:\\Users\\Netamind Technology\\Desktop\\netacube\\vendor\\laravel\\framework\\src\\Illuminate\\Pipeline\\Pipeline.php(183): Illuminate\\View\\Middleware\\ShareErrorsFromSession->handle(Object(Illuminate\\Http\\Request), Object(Closure))
#29 C:\\Users\\Netamind Technology\\Desktop\\netacube\\vendor\\laravel\\framework\\src\\Illuminate\\Session\\Middleware\\StartSession.php(121): Illuminate\\Pipeline\\Pipeline->Illuminate\\Pipeline\\{closure}(Object(Illuminate\\Http\\Request))
#30 C:\\Users\\Netamind Technology\\Desktop\\netacube\\vendor\\laravel\\framework\\src\\Illuminate\\Session\\Middleware\\StartSession.php(64): Illuminate\\Session\\Middleware\\StartSession->handleStatefulRequest(Object(Illuminate\\Http\\Request), Object(Illuminate\\Session\\Store), Object(Closure))
#31 C:\\Users\\Netamind Technology\\Desktop\\netacube\\vendor\\laravel\\framework\\src\\Illuminate\\Pipeline\\Pipeline.php(183): Illuminate\\Session\\Middleware\\StartSession->handle(Object(Illuminate\\Http\\Request), Object(Closure))
#32 C:\\Users\\Netamind Technology\\Desktop\\netacube\\vendor\\laravel\\framework\\src\\Illuminate\\Cookie\\Middleware\\AddQueuedCookiesToResponse.php(37): Illuminate\\Pipeline\\Pipeline->Illuminate\\Pipeline\\{closure}(Object(Illuminate\\Http\\Request))
#33 C:\\Users\\Netamind Technology\\Desktop\\netacube\\vendor\\laravel\\framework\\src\\Illuminate\\Pipeline\\Pipeline.php(183): Illuminate\\Cookie\\Middleware\\AddQueuedCookiesToResponse->handle(Object(Illuminate\\Http\\Request), Object(Closure))
#34 C:\\Users\\Netamind Technology\\Desktop\\netacube\\vendor\\laravel\\framework\\src\\Illuminate\\Cookie\\Middleware\\EncryptCookies.php(67): Illuminate\\Pipeline\\Pipeline->Illuminate\\Pipeline\\{closure}(Object(Illuminate\\Http\\Request))
#35 C:\\Users\\Netamind Technology\\Desktop\\netacube\\vendor\\laravel\\framework\\src\\Illuminate\\Pipeline\\Pipeline.php(183): Illuminate\\Cookie\\Middleware\\EncryptCookies->handle(Object(Illuminate\\Http\\Request), Object(Closure))
#36 C:\\Users\\Netamind Technology\\Desktop\\netacube\\vendor\\laravel\\framework\\src\\Illuminate\\Pipeline\\Pipeline.php(119): Illuminate\\Pipeline\\Pipeline->Illuminate\\Pipeline\\{closure}(Object(Illuminate\\Http\\Request))
#37 C:\\Users\\Netamind Technology\\Desktop\\netacube\\vendor\\laravel\\framework\\src\\Illuminate\\Routing\\Router.php(805): Illuminate\\Pipeline\\Pipeline->then(Object(Closure))
#38 C:\\Users\\Netamind Technology\\Desktop\\netacube\\vendor\\laravel\\framework\\src\\Illuminate\\Routing\\Router.php(784): Illuminate\\Routing\\Router->runRouteWithinStack(Object(Illuminate\\Routing\\Route), Object(Illuminate\\Http\\Request))
#39 C:\\Users\\Netamind Technology\\Desktop\\netacube\\vendor\\laravel\\framework\\src\\Illuminate\\Routing\\Router.php(748): Illuminate\\Routing\\Router->runRoute(Object(Illuminate\\Http\\Request), Object(Illuminate\\Routing\\Route))
#40 C:\\Users\\Netamind Technology\\Desktop\\netacube\\vendor\\laravel\\framework\\src\\Illuminate\\Routing\\Router.php(737): Illuminate\\Routing\\Router->dispatchToRoute(Object(Illuminate\\Http\\Request))
#41 C:\\Users\\Netamind Technology\\Desktop\\netacube\\vendor\\laravel\\framework\\src\\Illuminate\\Foundation\\Http\\Kernel.php(200): Illuminate\\Routing\\Router->dispatch(Object(Illuminate\\Http\\Request))
#42 C:\\Users\\Netamind Technology\\Desktop\\netacube\\vendor\\laravel\\framework\\src\\Illuminate\\Pipeline\\Pipeline.php(144): Illuminate\\Foundation\\Http\\Kernel->Illuminate\\Foundation\\Http\\{closure}(Object(Illuminate\\Http\\Request))
#43 C:\\Users\\Netamind Technology\\Desktop\\netacube\\vendor\\laravel\\framework\\src\\Illuminate\\Foundation\\Http\\Middleware\\TransformsRequest.php(21): Illuminate\\Pipeline\\Pipeline->Illuminate\\Pipeline\\{closure}(Object(Illuminate\\Http\\Request))
#44 C:\\Users\\Netamind Technology\\Desktop\\netacube\\vendor\\laravel\\framework\\src\\Illuminate\\Foundation\\Http\\Middleware\\ConvertEmptyStringsToNull.php(31): Illuminate\\Foundation\\Http\\Middleware\\TransformsRequest->handle(Object(Illuminate\\Http\\Request), Object(Closure))
#45 C:\\Users\\Netamind Technology\\Desktop\\netacube\\vendor\\laravel\\framework\\src\\Illuminate\\Pipeline\\Pipeline.php(183): Illuminate\\Foundation\\Http\\Middleware\\ConvertEmptyStringsToNull->handle(Object(Illuminate\\Http\\Request), Object(Closure))
#46 C:\\Users\\Netamind Technology\\Desktop\\netacube\\vendor\\laravel\\framework\\src\\Illuminate\\Foundation\\Http\\Middleware\\TransformsRequest.php(21): Illuminate\\Pipeline\\Pipeline->Illuminate\\Pipeline\\{closure}(Object(Illuminate\\Http\\Request))
#47 C:\\Users\\Netamind Technology\\Desktop\\netacube\\vendor\\laravel\\framework\\src\\Illuminate\\Foundation\\Http\\Middleware\\TrimStrings.php(40): Illuminate\\Foundation\\Http\\Middleware\\TransformsRequest->handle(Object(Illuminate\\Http\\Request), Object(Closure))
#48 C:\\Users\\Netamind Technology\\Desktop\\netacube\\vendor\\laravel\\framework\\src\\Illuminate\\Pipeline\\Pipeline.php(183): Illuminate\\Foundation\\Http\\Middleware\\TrimStrings->handle(Object(Illuminate\\Http\\Request), Object(Closure))
#49 C:\\Users\\Netamind Technology\\Desktop\\netacube\\vendor\\laravel\\framework\\src\\Illuminate\\Foundation\\Http\\Middleware\\ValidatePostSize.php(27): Illuminate\\Pipeline\\Pipeline->Illuminate\\Pipeline\\{closure}(Object(Illuminate\\Http\\Request))
#50 C:\\Users\\Netamind Technology\\Desktop\\netacube\\vendor\\laravel\\framework\\src\\Illuminate\\Pipeline\\Pipeline.php(183): Illuminate\\Foundation\\Http\\Middleware\\ValidatePostSize->handle(Object(Illuminate\\Http\\Request), Object(Closure))
#51 C:\\Users\\Netamind Technology\\Desktop\\netacube\\vendor\\laravel\\framework\\src\\Illuminate\\Foundation\\Http\\Middleware\\PreventRequestsDuringMaintenance.php(99): Illuminate\\Pipeline\\Pipeline->Illuminate\\Pipeline\\{closure}(Object(Illuminate\\Http\\Request))
#52 C:\\Users\\Netamind Technology\\Desktop\\netacube\\vendor\\laravel\\framework\\src\\Illuminate\\Pipeline\\Pipeline.php(183): Illuminate\\Foundation\\Http\\Middleware\\PreventRequestsDuringMaintenance->handle(Object(Illuminate\\Http\\Request), Object(Closure))
#53 C:\\Users\\Netamind Technology\\Desktop\\netacube\\vendor\\laravel\\framework\\src\\Illuminate\\Http\\Middleware\\HandleCors.php(49): Illuminate\\Pipeline\\Pipeline->Illuminate\\Pipeline\\{closure}(Object(Illuminate\\Http\\Request))
#54 C:\\Users\\Netamind Technology\\Desktop\\netacube\\vendor\\laravel\\framework\\src\\Illuminate\\Pipeline\\Pipeline.php(183): Illuminate\\Http\\Middleware\\HandleCors->handle(Object(Illuminate\\Http\\Request), Object(Closure))
#55 C:\\Users\\Netamind Technology\\Desktop\\netacube\\vendor\\laravel\\framework\\src\\Illuminate\\Http\\Middleware\\TrustProxies.php(39): Illuminate\\Pipeline\\Pipeline->Illuminate\\Pipeline\\{closure}(Object(Illuminate\\Http\\Request))
#56 C:\\Users\\Netamind Technology\\Desktop\\netacube\\vendor\\laravel\\framework\\src\\Illuminate\\Pipeline\\Pipeline.php(183): Illuminate\\Http\\Middleware\\TrustProxies->handle(Object(Illuminate\\Http\\Request), Object(Closure))
#57 C:\\Users\\Netamind Technology\\Desktop\\netacube\\vendor\\laravel\\framework\\src\\Illuminate\\Pipeline\\Pipeline.php(119): Illuminate\\Pipeline\\Pipeline->Illuminate\\Pipeline\\{closure}(Object(Illuminate\\Http\\Request))
#58 C:\\Users\\Netamind Technology\\Desktop\\netacube\\vendor\\laravel\\framework\\src\\Illuminate\\Foundation\\Http\\Kernel.php(175): Illuminate\\Pipeline\\Pipeline->then(Object(Closure))
#59 C:\\Users\\Netamind Technology\\Desktop\\netacube\\vendor\\laravel\\framework\\src\\Illuminate\\Foundation\\Http\\Kernel.php(144): Illuminate\\Foundation\\Http\\Kernel->sendRequestThroughRouter(Object(Illuminate\\Http\\Request))
#60 C:\\Users\\Netamind Technology\\Desktop\\netacube\\public\\index.php(51): Illuminate\\Foundation\\Http\\Kernel->handle(Object(Illuminate\\Http\\Request))
#61 C:\\Users\\Netamind Technology\\Desktop\\netacube\\vendor\\laravel\\framework\\src\\Illuminate\\Foundation\\resources\\server.php(16): require_once('C:\\\\Users\\\\Netami...')
#62 {main}

[previous exception] [object] (ErrorException(code: 0): Undefined property: stdClass::$supplier at C:\\Users\\Netamind Technology\\Desktop\\netacube\\storage\\framework\\views\\f577b28b026017475ea0cf7c00458225.php:197)
[stacktrace]
#0 C:\\Users\\Netamind Technology\\Desktop\\netacube\\vendor\\laravel\\framework\\src\\Illuminate\\Foundation\\Bootstrap\\HandleExceptions.php(255): Illuminate\\Foundation\\Bootstrap\\HandleExceptions->handleError(2, 'Undefined prope...', 'C:\\\\Users\\\\Netami...', 197)
#1 C:\\Users\\Netamind Technology\\Desktop\\netacube\\storage\\framework\\views\\f577b28b026017475ea0cf7c00458225.php(197): Illuminate\\Foundation\\Bootstrap\\HandleExceptions->Illuminate\\Foundation\\Bootstrap\\{closure}(2, 'Undefined prope...', 'C:\\\\Users\\\\Netami...', 197)
#2 C:\\Users\\Netamind Technology\\Desktop\\netacube\\vendor\\laravel\\framework\\src\\Illuminate\\Filesystem\\Filesystem.php(123): require('C:\\\\Users\\\\Netami...')
#3 C:\\Users\\Netamind Technology\\Desktop\\netacube\\vendor\\laravel\\framework\\src\\Illuminate\\Filesystem\\Filesystem.php(124): Illuminate\\Filesystem\\Filesystem::Illuminate\\Filesystem\\{closure}()
#4 C:\\Users\\Netamind Technology\\Desktop\\netacube\\vendor\\laravel\\framework\\src\\Illuminate\\View\\Engines\\PhpEngine.php(58): Illuminate\\Filesystem\\Filesystem->getRequire('C:\\\\Users\\\\Netami...', Array)
#5 C:\\Users\\Netamind Technology\\Desktop\\netacube\\vendor\\laravel\\framework\\src\\Illuminate\\View\\Engines\\CompilerEngine.php(72): Illuminate\\View\\Engines\\PhpEngine->evaluatePath('C:\\\\Users\\\\Netami...', Array)
#6 C:\\Users\\Netamind Technology\\Desktop\\netacube\\vendor\\laravel\\framework\\src\\Illuminate\\View\\View.php(207): Illuminate\\View\\Engines\\CompilerEngine->get('C:\\\\Users\\\\Netami...', Array)
#7 C:\\Users\\Netamind Technology\\Desktop\\netacube\\vendor\\laravel\\framework\\src\\Illuminate\\View\\View.php(190): Illuminate\\View\\View->getContents()
#8 C:\\Users\\Netamind Technology\\Desktop\\netacube\\vendor\\laravel\\framework\\src\\Illuminate\\View\\View.php(159): Illuminate\\View\\View->renderContents()
#9 C:\\Users\\Netamind Technology\\Desktop\\netacube\\vendor\\laravel\\framework\\src\\Illuminate\\Http\\Response.php(69): Illuminate\\View\\View->render()
#10 C:\\Users\\Netamind Technology\\Desktop\\netacube\\vendor\\laravel\\framework\\src\\Illuminate\\Http\\Response.php(35): Illuminate\\Http\\Response->setContent(Object(Illuminate\\View\\View))
#11 C:\\Users\\Netamind Technology\\Desktop\\netacube\\vendor\\laravel\\framework\\src\\Illuminate\\Routing\\Router.php(918): Illuminate\\Http\\Response->__construct(Object(Illuminate\\View\\View), 200, Array)
#12 C:\\Users\\Netamind Technology\\Desktop\\netacube\\vendor\\laravel\\framework\\src\\Illuminate\\Routing\\Router.php(885): Illuminate\\Routing\\Router::toResponse(Object(Illuminate\\Http\\Request), Object(Illuminate\\View\\View))
#13 C:\\Users\\Netamind Technology\\Desktop\\netacube\\vendor\\laravel\\framework\\src\\Illuminate\\Routing\\Router.php(805): Illuminate\\Routing\\Router->prepareResponse(Object(Illuminate\\Http\\Request), Object(Illuminate\\View\\View))
#14 C:\\Users\\Netamind Technology\\Desktop\\netacube\\vendor\\laravel\\framework\\src\\Illuminate\\Pipeline\\Pipeline.php(144): Illuminate\\Routing\\Router->Illuminate\\Routing\\{closure}(Object(Illuminate\\Http\\Request))
#15 C:\\Users\\Netamind Technology\\Desktop\\netacube\\app\\Http\\Middleware\\EnforceSessionLifetime.php(71): Illuminate\\Pipeline\\Pipeline->Illuminate\\Pipeline\\{closure}(Object(Illuminate\\Http\\Request))
#16 C:\\Users\\Netamind Technology\\Desktop\\netacube\\vendor\\laravel\\framework\\src\\Illuminate\\Pipeline\\Pipeline.php(183): App\\Http\\Middleware\\EnforceSessionLifetime->handle(Object(Illuminate\\Http\\Request), Object(Closure))
#17 C:\\Users\\Netamind Technology\\Desktop\\netacube\\app\\Http\\Middleware\\EnforceIdleTimeout.php(48): Illuminate\\Pipeline\\Pipeline->Illuminate\\Pipeline\\{closure}(Object(Illuminate\\Http\\Request))
#18 C:\\Users\\Netamind Technology\\Desktop\\netacube\\vendor\\laravel\\framework\\src\\Illuminate\\Pipeline\\Pipeline.php(183): App\\Http\\Middleware\\EnforceIdleTimeout->handle(Object(Illuminate\\Http\\Request), Object(Closure))
#19 C:\\Users\\Netamind Technology\\Desktop\\netacube\\app\\Http\\Middleware\\SectorAllowed.php(34): Illuminate\\Pipeline\\Pipeline->Illuminate\\Pipeline\\{closure}(Object(Illuminate\\Http\\Request))
#20 C:\\Users\\Netamind Technology\\Desktop\\netacube\\vendor\\laravel\\framework\\src\\Illuminate\\Pipeline\\Pipeline.php(183): App\\Http\\Middleware\\SectorAllowed->handle(Object(Illuminate\\Http\\Request), Object(Closure), 'Wholesale')
#21 C:\\Users\\Netamind Technology\\Desktop\\netacube\\app\\Http\\Middleware\\HydrateAuthFromSession.php(51): Illuminate\\Pipeline\\Pipeline->Illuminate\\Pipeline\\{closure}(Object(Illuminate\\Http\\Request))
#22 C:\\Users\\Netamind Technology\\Desktop\\netacube\\vendor\\laravel\\framework\\src\\Illuminate\\Pipeline\\Pipeline.php(183): App\\Http\\Middleware\\HydrateAuthFromSession->handle(Object(Illuminate\\Http\\Request), Object(Closure))
#23 C:\\Users\\Netamind Technology\\Desktop\\netacube\\app\\Http\\Middleware\\InitializeTenancyByPath.php(114): Illuminate\\Pipeline\\Pipeline->Illuminate\\Pipeline\\{closure}(Object(Illuminate\\Http\\Request))
#24 C:\\Users\\Netamind Technology\\Desktop\\netacube\\vendor\\laravel\\framework\\src\\Illuminate\\Pipeline\\Pipeline.php(183): App\\Http\\Middleware\\InitializeTenancyByPath->handle(Object(Illuminate\\Http\\Request), Object(Closure))
#25 C:\\Users\\Netamind Technology\\Desktop\\netacube\\vendor\\laravel\\framework\\src\\Illuminate\\Routing\\Middleware\\SubstituteBindings.php(50): Illuminate\\Pipeline\\Pipeline->Illuminate\\Pipeline\\{closure}(Object(Illuminate\\Http\\Request))
#26 C:\\Users\\Netamind Technology\\Desktop\\netacube\\vendor\\laravel\\framework\\src\\Illuminate\\Pipeline\\Pipeline.php(183): Illuminate\\Routing\\Middleware\\SubstituteBindings->handle(Object(Illuminate\\Http\\Request), Object(Closure))
#27 C:\\Users\\Netamind Technology\\Desktop\\netacube\\vendor\\laravel\\framework\\src\\Illuminate\\Foundation\\Http\\Middleware\\VerifyCsrfToken.php(78): Illuminate\\Pipeline\\Pipeline->Illuminate\\Pipeline\\{closure}(Object(Illuminate\\Http\\Request))
#28 C:\\Users\\Netamind Technology\\Desktop\\netacube\\vendor\\laravel\\framework\\src\\Illuminate\\Pipeline\\Pipeline.php(183): Illuminate\\Foundation\\Http\\Middleware\\VerifyCsrfToken->handle(Object(Illuminate\\Http\\Request), Object(Closure))
#29 C:\\Users\\Netamind Technology\\Desktop\\netacube\\vendor\\laravel\\framework\\src\\Illuminate\\View\\Middleware\\ShareErrorsFromSession.php(49): Illuminate\\Pipeline\\Pipeline->Illuminate\\Pipeline\\{closure}(Object(Illuminate\\Http\\Request))
#30 C:\\Users\\Netamind Technology\\Desktop\\netacube\\vendor\\laravel\\framework\\src\\Illuminate\\Pipeline\\Pipeline.php(183): Illuminate\\View\\Middleware\\ShareErrorsFromSession->handle(Object(Illuminate\\Http\\Request), Object(Closure))
#31 C:\\Users\\Netamind Technology\\Desktop\\netacube\\vendor\\laravel\\framework\\src\\Illuminate\\Session\\Middleware\\StartSession.php(121): Illuminate\\Pipeline\\Pipeline->Illuminate\\Pipeline\\{closure}(Object(Illuminate\\Http\\Request))
#32 C:\\Users\\Netamind Technology\\Desktop\\netacube\\vendor\\laravel\\framework\\src\\Illuminate\\Session\\Middleware\\StartSession.php(64): Illuminate\\Session\\Middleware\\StartSession->handleStatefulRequest(Object(Illuminate\\Http\\Request), Object(Illuminate\\Session\\Store), Object(Closure))
#33 C:\\Users\\Netamind Technology\\Desktop\\netacube\\vendor\\laravel\\framework\\src\\Illuminate\\Pipeline\\Pipeline.php(183): Illuminate\\Session\\Middleware\\StartSession->handle(Object(Illuminate\\Http\\Request), Object(Closure))
#34 C:\\Users\\Netamind Technology\\Desktop\\netacube\\vendor\\laravel\\framework\\src\\Illuminate\\Cookie\\Middleware\\AddQueuedCookiesToResponse.php(37): Illuminate\\Pipeline\\Pipeline->Illuminate\\Pipeline\\{closure}(Object(Illuminate\\Http\\Request))
#35 C:\\Users\\Netamind Technology\\Desktop\\netacube\\vendor\\laravel\\framework\\src\\Illuminate\\Pipeline\\Pipeline.php(183): Illuminate\\Cookie\\Middleware\\AddQueuedCookiesToResponse->handle(Object(Illuminate\\Http\\Request), Object(Closure))
#36 C:\\Users\\Netamind Technology\\Desktop\\netacube\\vendor\\laravel\\framework\\src\\Illuminate\\Cookie\\Middleware\\EncryptCookies.php(67): Illuminate\\Pipeline\\Pipeline->Illuminate\\Pipeline\\{closure}(Object(Illuminate\\Http\\Request))
#37 C:\\Users\\Netamind Technology\\Desktop\\netacube\\vendor\\laravel\\framework\\src\\Illuminate\\Pipeline\\Pipeline.php(183): Illuminate\\Cookie\\Middleware\\EncryptCookies->handle(Object(Illuminate\\Http\\Request), Object(Closure))
#38 C:\\Users\\Netamind Technology\\Desktop\\netacube\\vendor\\laravel\\framework\\src\\Illuminate\\Pipeline\\Pipeline.php(119): Illuminate\\Pipeline\\Pipeline->Illuminate\\Pipeline\\{closure}(Object(Illuminate\\Http\\Request))
#39 C:\\Users\\Netamind Technology\\Desktop\\netacube\\vendor\\laravel\\framework\\src\\Illuminate\\Routing\\Router.php(805): Illuminate\\Pipeline\\Pipeline->then(Object(Closure))
#40 C:\\Users\\Netamind Technology\\Desktop\\netacube\\vendor\\laravel\\framework\\src\\Illuminate\\Routing\\Router.php(784): Illuminate\\Routing\\Router->runRouteWithinStack(Object(Illuminate\\Routing\\Route), Object(Illuminate\\Http\\Request))
#41 C:\\Users\\Netamind Technology\\Desktop\\netacube\\vendor\\laravel\\framework\\src\\Illuminate\\Routing\\Router.php(748): Illuminate\\Routing\\Router->runRoute(Object(Illuminate\\Http\\Request), Object(Illuminate\\Routing\\Route))
#42 C:\\Users\\Netamind Technology\\Desktop\\netacube\\vendor\\laravel\\framework\\src\\Illuminate\\Routing\\Router.php(737): Illuminate\\Routing\\Router->dispatchToRoute(Object(Illuminate\\Http\\Request))
#43 C:\\Users\\Netamind Technology\\Desktop\\netacube\\vendor\\laravel\\framework\\src\\Illuminate\\Foundation\\Http\\Kernel.php(200): Illuminate\\Routing\\Router->dispatch(Object(Illuminate\\Http\\Request))
#44 C:\\Users\\Netamind Technology\\Desktop\\netacube\\vendor\\laravel\\framework\\src\\Illuminate\\Pipeline\\Pipeline.php(144): Illuminate\\Foundation\\Http\\Kernel->Illuminate\\Foundation\\Http\\{closure}(Object(Illuminate\\Http\\Request))
#45 C:\\Users\\Netamind Technology\\Desktop\\netacube\\vendor\\laravel\\framework\\src\\Illuminate\\Foundation\\Http\\Middleware\\TransformsRequest.php(21): Illuminate\\Pipeline\\Pipeline->Illuminate\\Pipeline\\{closure}(Object(Illuminate\\Http\\Request))
#46 C:\\Users\\Netamind Technology\\Desktop\\netacube\\vendor\\laravel\\framework\\src\\Illuminate\\Foundation\\Http\\Middleware\\ConvertEmptyStringsToNull.php(31): Illuminate\\Foundation\\Http\\Middleware\\TransformsRequest->handle(Object(Illuminate\\Http\\Request), Object(Closure))
#47 C:\\Users\\Netamind Technology\\Desktop\\netacube\\vendor\\laravel\\framework\\src\\Illuminate\\Pipeline\\Pipeline.php(183): Illuminate\\Foundation\\Http\\Middleware\\ConvertEmptyStringsToNull->handle(Object(Illuminate\\Http\\Request), Object(Closure))
#48 C:\\Users\\Netamind Technology\\Desktop\\netacube\\vendor\\laravel\\framework\\src\\Illuminate\\Foundation\\Http\\Middleware\\TransformsRequest.php(21): Illuminate\\Pipeline\\Pipeline->Illuminate\\Pipeline\\{closure}(Object(Illuminate\\Http\\Request))
#49 C:\\Users\\Netamind Technology\\Desktop\\netacube\\vendor\\laravel\\framework\\src\\Illuminate\\Foundation\\Http\\Middleware\\TrimStrings.php(40): Illuminate\\Foundation\\Http\\Middleware\\TransformsRequest->handle(Object(Illuminate\\Http\\Request), Object(Closure))
#50 C:\\Users\\Netamind Technology\\Desktop\\netacube\\vendor\\laravel\\framework\\src\\Illuminate\\Pipeline\\Pipeline.php(183): Illuminate\\Foundation\\Http\\Middleware\\TrimStrings->handle(Object(Illuminate\\Http\\Request), Object(Closure))
#51 C:\\Users\\Netamind Technology\\Desktop\\netacube\\vendor\\laravel\\framework\\src\\Illuminate\\Foundation\\Http\\Middleware\\ValidatePostSize.php(27): Illuminate\\Pipeline\\Pipeline->Illuminate\\Pipeline\\{closure}(Object(Illuminate\\Http\\Request))
#52 C:\\Users\\Netamind Technology\\Desktop\\netacube\\vendor\\laravel\\framework\\src\\Illuminate\\Pipeline\\Pipeline.php(183): Illuminate\\Foundation\\Http\\Middleware\\ValidatePostSize->handle(Object(Illuminate\\Http\\Request), Object(Closure))
#53 C:\\Users\\Netamind Technology\\Desktop\\netacube\\vendor\\laravel\\framework\\src\\Illuminate\\Foundation\\Http\\Middleware\\PreventRequestsDuringMaintenance.php(99): Illuminate\\Pipeline\\Pipeline->Illuminate\\Pipeline\\{closure}(Object(Illuminate\\Http\\Request))
#54 C:\\Users\\Netamind Technology\\Desktop\\netacube\\vendor\\laravel\\framework\\src\\Illuminate\\Pipeline\\Pipeline.php(183): Illuminate\\Foundation\\Http\\Middleware\\PreventRequestsDuringMaintenance->handle(Object(Illuminate\\Http\\Request), Object(Closure))
#55 C:\\Users\\Netamind Technology\\Desktop\\netacube\\vendor\\laravel\\framework\\src\\Illuminate\\Http\\Middleware\\HandleCors.php(49): Illuminate\\Pipeline\\Pipeline->Illuminate\\Pipeline\\{closure}(Object(Illuminate\\Http\\Request))
#56 C:\\Users\\Netamind Technology\\Desktop\\netacube\\vendor\\laravel\\framework\\src\\Illuminate\\Pipeline\\Pipeline.php(183): Illuminate\\Http\\Middleware\\HandleCors->handle(Object(Illuminate\\Http\\Request), Object(Closure))
#57 C:\\Users\\Netamind Technology\\Desktop\\netacube\\vendor\\laravel\\framework\\src\\Illuminate\\Http\\Middleware\\TrustProxies.php(39): Illuminate\\Pipeline\\Pipeline->Illuminate\\Pipeline\\{closure}(Object(Illuminate\\Http\\Request))
#58 C:\\Users\\Netamind Technology\\Desktop\\netacube\\vendor\\laravel\\framework\\src\\Illuminate\\Pipeline\\Pipeline.php(183): Illuminate\\Http\\Middleware\\TrustProxies->handle(Object(Illuminate\\Http\\Request), Object(Closure))
#59 C:\\Users\\Netamind Technology\\Desktop\\netacube\\vendor\\laravel\\framework\\src\\Illuminate\\Pipeline\\Pipeline.php(119): Illuminate\\Pipeline\\Pipeline->Illuminate\\Pipeline\\{closure}(Object(Illuminate\\Http\\Request))
#60 C:\\Users\\Netamind Technology\\Desktop\\netacube\\vendor\\laravel\\framework\\src\\Illuminate\\Foundation\\Http\\Kernel.php(175): Illuminate\\Pipeline\\Pipeline->then(Object(Closure))
#61 C:\\Users\\Netamind Technology\\Desktop\\netacube\\vendor\\laravel\\framework\\src\\Illuminate\\Foundation\\Http\\Kernel.php(144): Illuminate\\Foundation\\Http\\Kernel->sendRequestThroughRouter(Object(Illuminate\\Http\\Request))
#62 C:\\Users\\Netamind Technology\\Desktop\\netacube\\public\\index.php(51): Illuminate\\Foundation\\Http\\Kernel->handle(Object(Illuminate\\Http\\Request))
#63 C:\\Users\\Netamind Technology\\Desktop\\netacube\\vendor\\laravel\\framework\\src\\Illuminate\\Foundation\\resources\\server.php(16): require_once('C:\\\\Users\\\\Netami...')
#64 {main}
"} 
[2026-08-16 14:33:56] local.ERROR: Malformed @foreach statement. {"userId":1,"exception":"[object] (Illuminate\\Contracts\\View\\ViewCompilationException(code: 0): Malformed @foreach statement. at C:\\Users\\Netamind Technology\\Desktop\\netacube\\vendor\\laravel\\framework\\src\\Illuminate\\View\\Compilers\\Concerns\\CompilesLoops.php:106)
[stacktrace]
#0 C:\\Users\\Netamind Technology\\Desktop\\netacube\\vendor\\laravel\\framework\\src\\Illuminate\\View\\Compilers\\BladeCompiler.php(639): Illuminate\\View\\Compilers\\BladeCompiler->compileForeach(NULL)
#1 C:\\Users\\Netamind Technology\\Desktop\\netacube\\vendor\\laravel\\framework\\src\\Illuminate\\View\\Compilers\\BladeCompiler.php(560): Illuminate\\View\\Compilers\\BladeCompiler->compileStatement(Array)
#2 C:\\Users\\Netamind Technology\\Desktop\\netacube\\vendor\\laravel\\framework\\src\\Illuminate\\View\\Compilers\\BladeCompiler.php(493): Illuminate\\View\\Compilers\\BladeCompiler->compileStatements('\\r\\n<?php $__env-...')
#3 C:\\Users\\Netamind Technology\\Desktop\\netacube\\vendor\\laravel\\framework\\src\\Illuminate\\View\\Compilers\\BladeCompiler.php(282): Illuminate\\View\\Compilers\\BladeCompiler->parseToken(Array)
#4 C:\\Users\\Netamind Technology\\Desktop\\netacube\\vendor\\laravel\\framework\\src\\Illuminate\\View\\Compilers\\BladeCompiler.php(184): Illuminate\\View\\Compilers\\BladeCompiler->compileString('@extends('opera...')
#5 C:\\Users\\Netamind Technology\\Desktop\\netacube\\vendor\\laravel\\framework\\src\\Illuminate\\View\\Engines\\CompilerEngine.php(64): Illuminate\\View\\Compilers\\BladeCompiler->compile('C:\\\\Users\\\\Netami...')
#6 C:\\Users\\Netamind Technology\\Desktop\\netacube\\vendor\\laravel\\framework\\src\\Illuminate\\View\\View.php(207): Illuminate\\View\\Engines\\CompilerEngine->get('C:\\\\Users\\\\Netami...', Array)
#7 C:\\Users\\Netamind Technology\\Desktop\\netacube\\vendor\\laravel\\framework\\src\\Illuminate\\View\\View.php(190): Illuminate\\View\\View->getContents()
#8 C:\\Users\\Netamind Technology\\Desktop\\netacube\\vendor\\laravel\\framework\\src\\Illuminate\\View\\View.php(159): Illuminate\\View\\View->renderContents()
#9 C:\\Users\\Netamind Technology\\Desktop\\netacube\\vendor\\laravel\\framework\\src\\Illuminate\\Http\\Response.php(69): Illuminate\\View\\View->render()
#10 C:\\Users\\Netamind Technology\\Desktop\\netacube\\vendor\\laravel\\framework\\src\\Illuminate\\Http\\Response.php(35): Illuminate\\Http\\Response->setContent(Object(Illuminate\\View\\View))
#11 C:\\Users\\Netamind Technology\\Desktop\\netacube\\vendor\\laravel\\framework\\src\\Illuminate\\Routing\\Router.php(918): Illuminate\\Http\\Response->__construct(Object(Illuminate\\View\\View), 200, Array)
#12 C:\\Users\\Netamind Technology\\Desktop\\netacube\\vendor\\laravel\\framework\\src\\Illuminate\\Routing\\Router.php(885): Illuminate\\Routing\\Router::toResponse(Object(Illuminate\\Http\\Request), Object(Illuminate\\View\\View))
#13 C:\\Users\\Netamind Technology\\Desktop\\netacube\\vendor\\laravel\\framework\\src\\Illuminate\\Routing\\Router.php(805): Illuminate\\Routing\\Router->prepareResponse(Object(Illuminate\\Http\\Request), Object(Illuminate\\View\\View))
#14 C:\\Users\\Netamind Technology\\Desktop\\netacube\\vendor\\laravel\\framework\\src\\Illuminate\\Pipeline\\Pipeline.php(144): Illuminate\\Routing\\Router->Illuminate\\Routing\\{closure}(Object(Illuminate\\Http\\Request))
#15 C:\\Users\\Netamind Technology\\Desktop\\netacube\\app\\Http\\Middleware\\EnforceSessionLifetime.php(71): Illuminate\\Pipeline\\Pipeline->Illuminate\\Pipeline\\{closure}(Object(Illuminate\\Http\\Request))
#16 C:\\Users\\Netamind Technology\\Desktop\\netacube\\vendor\\laravel\\framework\\src\\Illuminate\\Pipeline\\Pipeline.php(183): App\\Http\\Middleware\\EnforceSessionLifetime->handle(Object(Illuminate\\Http\\Request), Object(Closure))
#17 C:\\Users\\Netamind Technology\\Desktop\\netacube\\app\\Http\\Middleware\\EnforceIdleTimeout.php(48): Illuminate\\Pipeline\\Pipeline->Illuminate\\Pipeline\\{closure}(Object(Illuminate\\Http\\Request))
#18 C:\\Users\\Netamind Technology\\Desktop\\netacube\\vendor\\laravel\\framework\\src\\Illuminate\\Pipeline\\Pipeline.php(183): App\\Http\\Middleware\\EnforceIdleTimeout->handle(Object(Illuminate\\Http\\Request), Object(Closure))
#19 C:\\Users\\Netamind Technology\\Desktop\\netacube\\app\\Http\\Middleware\\SectorAllowed.php(34): Illuminate\\Pipeline\\Pipeline->Illuminate\\Pipeline\\{closure}(Object(Illuminate\\Http\\Request))
#20 C:\\Users\\Netamind Technology\\Desktop\\netacube\\vendor\\laravel\\framework\\src\\Illuminate\\Pipeline\\Pipeline.php(183): App\\Http\\Middleware\\SectorAllowed->handle(Object(Illuminate\\Http\\Request), Object(Closure), 'Wholesale')
#21 C:\\Users\\Netamind Technology\\Desktop\\netacube\\app\\Http\\Middleware\\HydrateAuthFromSession.php(51): Illuminate\\Pipeline\\Pipeline->Illuminate\\Pipeline\\{closure}(Object(Illuminate\\Http\\Request))
#22 C:\\Users\\Netamind Technology\\Desktop\\netacube\\vendor\\laravel\\framework\\src\\Illuminate\\Pipeline\\Pipeline.php(183): App\\Http\\Middleware\\HydrateAuthFromSession->handle(Object(Illuminate\\Http\\Request), Object(Closure))
#23 C:\\Users\\Netamind Technology\\Desktop\\netacube\\app\\Http\\Middleware\\InitializeTenancyByPath.php(114): Illuminate\\Pipeline\\Pipeline->Illuminate\\Pipeline\\{closure}(Object(Illuminate\\Http\\Request))
#24 C:\\Users\\Netamind Technology\\Desktop\\netacube\\vendor\\laravel\\framework\\src\\Illuminate\\Pipeline\\Pipeline.php(183): App\\Http\\Middleware\\InitializeTenancyByPath->handle(Object(Illuminate\\Http\\Request), Object(Closure))
#25 C:\\Users\\Netamind Technology\\Desktop\\netacube\\vendor\\laravel\\framework\\src\\Illuminate\\Routing\\Middleware\\SubstituteBindings.php(50): Illuminate\\Pipeline\\Pipeline->Illuminate\\Pipeline\\{closure}(Object(Illuminate\\Http\\Request))
#26 C:\\Users\\Netamind Technology\\Desktop\\netacube\\vendor\\laravel\\framework\\src\\Illuminate\\Pipeline\\Pipeline.php(183): Illuminate\\Routing\\Middleware\\SubstituteBindings->handle(Object(Illuminate\\Http\\Request), Object(Closure))
#27 C:\\Users\\Netamind Technology\\Desktop\\netacube\\vendor\\laravel\\framework\\src\\Illuminate\\Foundation\\Http\\Middleware\\VerifyCsrfToken.php(78): Illuminate\\Pipeline\\Pipeline->Illuminate\\Pipeline\\{closure}(Object(Illuminate\\Http\\Request))
#28 C:\\Users\\Netamind Technology\\Desktop\\netacube\\vendor\\laravel\\framework\\src\\Illuminate\\Pipeline\\Pipeline.php(183): Illuminate\\Foundation\\Http\\Middleware\\VerifyCsrfToken->handle(Object(Illuminate\\Http\\Request), Object(Closure))
#29 C:\\Users\\Netamind Technology\\Desktop\\netacube\\vendor\\laravel\\framework\\src\\Illuminate\\View\\Middleware\\ShareErrorsFromSession.php(49): Illuminate\\Pipeline\\Pipeline->Illuminate\\Pipeline\\{closure}(Object(Illuminate\\Http\\Request))
#30 C:\\Users\\Netamind Technology\\Desktop\\netacube\\vendor\\laravel\\framework\\src\\Illuminate\\Pipeline\\Pipeline.php(183): Illuminate\\View\\Middleware\\ShareErrorsFromSession->handle(Object(Illuminate\\Http\\Request), Object(Closure))
#31 C:\\Users\\Netamind Technology\\Desktop\\netacube\\vendor\\laravel\\framework\\src\\Illuminate\\Session\\Middleware\\StartSession.php(121): Illuminate\\Pipeline\\Pipeline->Illuminate\\Pipeline\\{closure}(Object(Illuminate\\Http\\Request))
#32 C:\\Users\\Netamind Technology\\Desktop\\netacube\\vendor\\laravel\\framework\\src\\Illuminate\\Session\\Middleware\\StartSession.php(64): Illuminate\\Session\\Middleware\\StartSession->handleStatefulRequest(Object(Illuminate\\Http\\Request), Object(Illuminate\\Session\\Store), Object(Closure))
#33 C:\\Users\\Netamind Technology\\Desktop\\netacube\\vendor\\laravel\\framework\\src\\Illuminate\\Pipeline\\Pipeline.php(183): Illuminate\\Session\\Middleware\\StartSession->handle(Object(Illuminate\\Http\\Request), Object(Closure))
#34 C:\\Users\\Netamind Technology\\Desktop\\netacube\\vendor\\laravel\\framework\\src\\Illuminate\\Cookie\\Middleware\\AddQueuedCookiesToResponse.php(37): Illuminate\\Pipeline\\Pipeline->Illuminate\\Pipeline\\{closure}(Object(Illuminate\\Http\\Request))
#35 C:\\Users\\Netamind Technology\\Desktop\\netacube\\vendor\\laravel\\framework\\src\\Illuminate\\Pipeline\\Pipeline.php(183): Illuminate\\Cookie\\Middleware\\AddQueuedCookiesToResponse->handle(Object(Illuminate\\Http\\Request), Object(Closure))
#36 C:\\Users\\Netamind Technology\\Desktop\\netacube\\vendor\\laravel\\framework\\src\\Illuminate\\Cookie\\Middleware\\EncryptCookies.php(67): Illuminate\\Pipeline\\Pipeline->Illuminate\\Pipeline\\{closure}(Object(Illuminate\\Http\\Request))
#37 C:\\Users\\Netamind Technology\\Desktop\\netacube\\vendor\\laravel\\framework\\src\\Illuminate\\Pipeline\\Pipeline.php(183): Illuminate\\Cookie\\Middleware\\EncryptCookies->handle(Object(Illuminate\\Http\\Request), Object(Closure))
#38 C:\\Users\\Netamind Technology\\Desktop\\netacube\\vendor\\laravel\\framework\\src\\Illuminate\\Pipeline\\Pipeline.php(119): Illuminate\\Pipeline\\Pipeline->Illuminate\\Pipeline\\{closure}(Object(Illuminate\\Http\\Request))
#39 C:\\Users\\Netamind Technology\\Desktop\\netacube\\vendor\\laravel\\framework\\src\\Illuminate\\Routing\\Router.php(805): Illuminate\\Pipeline\\Pipeline->then(Object(Closure))
#40 C:\\Users\\Netamind Technology\\Desktop\\netacube\\vendor\\laravel\\framework\\src\\Illuminate\\Routing\\Router.php(784): Illuminate\\Routing\\Router->runRouteWithinStack(Object(Illuminate\\Routing\\Route), Object(Illuminate\\Http\\Request))
#41 C:\\Users\\Netamind Technology\\Desktop\\netacube\\vendor\\laravel\\framework\\src\\Illuminate\\Routing\\Router.php(748): Illuminate\\Routing\\Router->runRoute(Object(Illuminate\\Http\\Request), Object(Illuminate\\Routing\\Route))
#42 C:\\Users\\Netamind Technology\\Desktop\\netacube\\vendor\\laravel\\framework\\src\\Illuminate\\Routing\\Router.php(737): Illuminate\\Routing\\Router->dispatchToRoute(Object(Illuminate\\Http\\Request))
#43 C:\\Users\\Netamind Technology\\Desktop\\netacube\\vendor\\laravel\\framework\\src\\Illuminate\\Foundation\\Http\\Kernel.php(200): Illuminate\\Routing\\Router->dispatch(Object(Illuminate\\Http\\Request))
#44 C:\\Users\\Netamind Technology\\Desktop\\netacube\\vendor\\laravel\\framework\\src\\Illuminate\\Pipeline\\Pipeline.php(144): Illuminate\\Foundation\\Http\\Kernel->Illuminate\\Foundation\\Http\\{closure}(Object(Illuminate\\Http\\Request))
#45 C:\\Users\\Netamind Technology\\Desktop\\netacube\\vendor\\laravel\\framework\\src\\Illuminate\\Foundation\\Http\\Middleware\\TransformsRequest.php(21): Illuminate\\Pipeline\\Pipeline->Illuminate\\Pipeline\\{closure}(Object(Illuminate\\Http\\Request))
#46 C:\\Users\\Netamind Technology\\Desktop\\netacube\\vendor\\laravel\\framework\\src\\Illuminate\\Foundation\\Http\\Middleware\\ConvertEmptyStringsToNull.php(31): Illuminate\\Foundation\\Http\\Middleware\\TransformsRequest->handle(Object(Illuminate\\Http\\Request), Object(Closure))
#47 C:\\Users\\Netamind Technology\\Desktop\\netacube\\vendor\\laravel\\framework\\src\\Illuminate\\Pipeline\\Pipeline.php(183): Illuminate\\Foundation\\Http\\Middleware\\ConvertEmptyStringsToNull->handle(Object(Illuminate\\Http\\Request), Object(Closure))
#48 C:\\Users\\Netamind Technology\\Desktop\\netacube\\vendor\\laravel\\framework\\src\\Illuminate\\Foundation\\Http\\Middleware\\TransformsRequest.php(21): Illuminate\\Pipeline\\Pipeline->Illuminate\\Pipeline\\{closure}(Object(Illuminate\\Http\\Request))
#49 C:\\Users\\Netamind Technology\\Desktop\\netacube\\vendor\\laravel\\framework\\src\\Illuminate\\Foundation\\Http\\Middleware\\TrimStrings.php(40): Illuminate\\Foundation\\Http\\Middleware\\TransformsRequest->handle(Object(Illuminate\\Http\\Request), Object(Closure))
#50 C:\\Users\\Netamind Technology\\Desktop\\netacube\\vendor\\laravel\\framework\\src\\Illuminate\\Pipeline\\Pipeline.php(183): Illuminate\\Foundation\\Http\\Middleware\\TrimStrings->handle(Object(Illuminate\\Http\\Request), Object(Closure))
#51 C:\\Users\\Netamind Technology\\Desktop\\netacube\\vendor\\laravel\\framework\\src\\Illuminate\\Foundation\\Http\\Middleware\\ValidatePostSize.php(27): Illuminate\\Pipeline\\Pipeline->Illuminate\\Pipeline\\{closure}(Object(Illuminate\\Http\\Request))
#52 C:\\Users\\Netamind Technology\\Desktop\\netacube\\vendor\\laravel\\framework\\src\\Illuminate\\Pipeline\\Pipeline.php(183): Illuminate\\Foundation\\Http\\Middleware\\ValidatePostSize->handle(Object(Illuminate\\Http\\Request), Object(Closure))
#53 C:\\Users\\Netamind Technology\\Desktop\\netacube\\vendor\\laravel\\framework\\src\\Illuminate\\Foundation\\Http\\Middleware\\PreventRequestsDuringMaintenance.php(99): Illuminate\\Pipeline\\Pipeline->Illuminate\\Pipeline\\{closure}(Object(Illuminate\\Http\\Request))
#54 C:\\Users\\Netamind Technology\\Desktop\\netacube\\vendor\\laravel\\framework\\src\\Illuminate\\Pipeline\\Pipeline.php(183): Illuminate\\Foundation\\Http\\Middleware\\PreventRequestsDuringMaintenance->handle(Object(Illuminate\\Http\\Request), Object(Closure))
#55 C:\\Users\\Netamind Technology\\Desktop\\netacube\\vendor\\laravel\\framework\\src\\Illuminate\\Http\\Middleware\\HandleCors.php(49): Illuminate\\Pipeline\\Pipeline->Illuminate\\Pipeline\\{closure}(Object(Illuminate\\Http\\Request))
#56 C:\\Users\\Netamind Technology\\Desktop\\netacube\\vendor\\laravel\\framework\\src\\Illuminate\\Pipeline\\Pipeline.php(183): Illuminate\\Http\\Middleware\\HandleCors->handle(Object(Illuminate\\Http\\Request), Object(Closure))
#57 C:\\Users\\Netamind Technology\\Desktop\\netacube\\vendor\\laravel\\framework\\src\\Illuminate\\Http\\Middleware\\TrustProxies.php(39): Illuminate\\Pipeline\\Pipeline->Illuminate\\Pipeline\\{closure}(Object(Illuminate\\Http\\Request))
#58 C:\\Users\\Netamind Technology\\Desktop\\netacube\\vendor\\laravel\\framework\\src\\Illuminate\\Pipeline\\Pipeline.php(183): Illuminate\\Http\\Middleware\\TrustProxies->handle(Object(Illuminate\\Http\\Request), Object(Closure))
#59 C:\\Users\\Netamind Technology\\Desktop\\netacube\\vendor\\laravel\\framework\\src\\Illuminate\\Pipeline\\Pipeline.php(119): Illuminate\\Pipeline\\Pipeline->Illuminate\\Pipeline\\{closure}(Object(Illuminate\\Http\\Request))
#60 C:\\Users\\Netamind Technology\\Desktop\\netacube\\vendor\\laravel\\framework\\src\\Illuminate\\Foundation\\Http\\Kernel.php(175): Illuminate\\Pipeline\\Pipeline->then(Object(Closure))
#61 C:\\Users\\Netamind Technology\\Desktop\\netacube\\vendor\\laravel\\framework\\src\\Illuminate\\Foundation\\Http\\Kernel.php(144): Illuminate\\Foundation\\Http\\Kernel->sendRequestThroughRouter(Object(Illuminate\\Http\\Request))
#62 C:\\Users\\Netamind Technology\\Desktop\\netacube\\public\\index.php(51): Illuminate\\Foundation\\Http\\Kernel->handle(Object(Illuminate\\Http\\Request))
#63 C:\\Users\\Netamind Technology\\Desktop\\netacube\\vendor\\laravel\\framework\\src\\Illuminate\\Foundation\\resources\\server.php(16): require_once('C:\\\\Users\\\\Netami...')
#64 {main}
"} 
[2026-08-17 09:40:14] local.ERROR: SQLSTATE[HY000] [2002] No connection could be made because the target machine actively refused it (Connection: mysql, SQL: select * from `subscription_plans` order by `id` asc) {"view":{"view":"C:\\Users\\Netamind Technology\\Desktop\\netacube\\resources\\views\\website\\getstarted.blade.php","data":{"errors":"<pre class=sf-dump id=sf-dump-1874696393 data-indent-pad=\"  \"><span class=sf-dump-note>Illuminate\\Support\\ViewErrorBag</span> {<a class=sf-dump-ref>#755</a><samp data-depth=1 class=sf-dump-expanded>
  #<span class=sf-dump-protected title=\"Protected property\">bags</span>: []
</samp>}
</pre><script>Sfdump(\"sf-dump-1874696393\", {\"maxDepth\":3,\"maxStringLength\":160})</script>
"}},"exception":"[object] (Spatie\\LaravelIgnition\\Exceptions\\ViewException(code: 0): SQLSTATE[HY000] [2002] No connection could be made because the target machine actively refused it (Connection: mysql, SQL: select * from `subscription_plans` order by `id` asc) at C:\\Users\\Netamind Technology\\Desktop\\netacube\\vendor\\laravel\\framework\\src\\Illuminate\\Database\\Connection.php:829)
[stacktrace]
#0 C:\\Users\\Netamind Technology\\Desktop\\netacube\\vendor\\laravel\\framework\\src\\Illuminate\\Database\\Connection.php(983): Illuminate\\Database\\Connection->runQueryCallback('select * from `...', Array, Object(Closure))
#1 C:\\Users\\Netamind Technology\\Desktop\\netacube\\vendor\\laravel\\framework\\src\\Illuminate\\Database\\Connection.php(962): Illuminate\\Database\\Connection->tryAgainIfCausedByLostConnection(Object(Illuminate\\Database\\QueryException), 'select * from `...', Array, Object(Closure))
#2 C:\\Users\\Netamind Technology\\Desktop\\netacube\\vendor\\laravel\\framework\\src\\Illuminate\\Database\\Connection.php(785): Illuminate\\Database\\Connection->handleQueryException(Object(Illuminate\\Database\\QueryException), 'select * from `...', Array, Object(Closure))
#3 C:\\Users\\Netamind Technology\\Desktop\\netacube\\vendor\\laravel\\framework\\src\\Illuminate\\Database\\Connection.php(414): Illuminate\\Database\\Connection->run('select * from `...', Array, Object(Closure))
#4 C:\\Users\\Netamind Technology\\Desktop\\netacube\\vendor\\laravel\\framework\\src\\Illuminate\\Database\\Query\\Builder.php(2913): Illuminate\\Database\\Connection->select('select * from `...', Array, true)
#5 C:\\Users\\Netamind Technology\\Desktop\\netacube\\vendor\\laravel\\framework\\src\\Illuminate\\Database\\Query\\Builder.php(2902): Illuminate\\Database\\Query\\Builder->runSelect()
#6 C:\\Users\\Netamind Technology\\Desktop\\netacube\\vendor\\laravel\\framework\\src\\Illuminate\\Database\\Query\\Builder.php(3456): Illuminate\\Database\\Query\\Builder->Illuminate\\Database\\Query\\{closure}()
#7 C:\\Users\\Netamind Technology\\Desktop\\netacube\\vendor\\laravel\\framework\\src\\Illuminate\\Database\\Query\\Builder.php(2901): Illuminate\\Database\\Query\\Builder->onceWithColumns(Array, Object(Closure))
#8 C:\\Users\\Netamind Technology\\Desktop\\netacube\\resources\\views\\website\\getstarted.blade.php(286): Illuminate\\Database\\Query\\Builder->get()
#9 C:\\Users\\Netamind Technology\\Desktop\\netacube\\vendor\\laravel\\framework\\src\\Illuminate\\Filesystem\\Filesystem.php(123): require('C:\\\\Users\\\\Netami...')
#10 C:\\Users\\Netamind Technology\\Desktop\\netacube\\vendor\\laravel\\framework\\src\\Illuminate\\Filesystem\\Filesystem.php(124): Illuminate\\Filesystem\\Filesystem::Illuminate\\Filesystem\\{closure}()
#11 C:\\Users\\Netamind Technology\\Desktop\\netacube\\vendor\\laravel\\framework\\src\\Illuminate\\View\\Engines\\PhpEngine.php(58): Illuminate\\Filesystem\\Filesystem->getRequire('C:\\\\Users\\\\Netami...', Array)
#12 C:\\Users\\Netamind Technology\\Desktop\\netacube\\vendor\\laravel\\framework\\src\\Illuminate\\View\\Engines\\CompilerEngine.php(72): Illuminate\\View\\Engines\\PhpEngine->evaluatePath('C:\\\\Users\\\\Netami...', Array)
#13 C:\\Users\\Netamind Technology\\Desktop\\netacube\\vendor\\laravel\\framework\\src\\Illuminate\\View\\View.php(207): Illuminate\\View\\Engines\\CompilerEngine->get('C:\\\\Users\\\\Netami...', Array)
#14 C:\\Users\\Netamind Technology\\Desktop\\netacube\\vendor\\laravel\\framework\\src\\Illuminate\\View\\View.php(190): Illuminate\\View\\View->getContents()
#15 C:\\Users\\Netamind Technology\\Desktop\\netacube\\vendor\\laravel\\framework\\src\\Illuminate\\View\\View.php(159): Illuminate\\View\\View->renderContents()
#16 C:\\Users\\Netamind Technology\\Desktop\\netacube\\vendor\\laravel\\framework\\src\\Illuminate\\Http\\Response.php(69): Illuminate\\View\\View->render()
#17 C:\\Users\\Netamind Technology\\Desktop\\netacube\\vendor\\laravel\\framework\\src\\Illuminate\\Http\\Response.php(35): Illuminate\\Http\\Response->setContent(Object(Illuminate\\View\\View))
#18 C:\\Users\\Netamind Technology\\Desktop\\netacube\\vendor\\laravel\\framework\\src\\Illuminate\\Routing\\Router.php(918): Illuminate\\Http\\Response->__construct(Object(Illuminate\\View\\View), 200, Array)
#19 C:\\Users\\Netamind Technology\\Desktop\\netacube\\vendor\\laravel\\framework\\src\\Illuminate\\Routing\\Router.php(885): Illuminate\\Routing\\Router::toResponse(Object(Illuminate\\Http\\Request), Object(Illuminate\\View\\View))
#20 C:\\Users\\Netamind Technology\\Desktop\\netacube\\vendor\\laravel\\framework\\src\\Illuminate\\Routing\\Router.php(805): Illuminate\\Routing\\Router->prepareResponse(Object(Illuminate\\Http\\Request), Object(Illuminate\\View\\View))
#21 C:\\Users\\Netamind Technology\\Desktop\\netacube\\vendor\\laravel\\framework\\src\\Illuminate\\Pipeline\\Pipeline.php(144): Illuminate\\Routing\\Router->Illuminate\\Routing\\{closure}(Object(Illuminate\\Http\\Request))
#22 C:\\Users\\Netamind Technology\\Desktop\\netacube\\vendor\\laravel\\framework\\src\\Illuminate\\Routing\\Middleware\\SubstituteBindings.php(50): Illuminate\\Pipeline\\Pipeline->Illuminate\\Pipeline\\{closure}(Object(Illuminate\\Http\\Request))
#23 C:\\Users\\Netamind Technology\\Desktop\\netacube\\vendor\\laravel\\framework\\src\\Illuminate\\Pipeline\\Pipeline.php(183): Illuminate\\Routing\\Middleware\\SubstituteBindings->handle(Object(Illuminate\\Http\\Request), Object(Closure))
#24 C:\\Users\\Netamind Technology\\Desktop\\netacube\\vendor\\laravel\\framework\\src\\Illuminate\\Foundation\\Http\\Middleware\\VerifyCsrfToken.php(78): Illuminate\\Pipeline\\Pipeline->Illuminate\\Pipeline\\{closure}(Object(Illuminate\\Http\\Request))
#25 C:\\Users\\Netamind Technology\\Desktop\\netacube\\vendor\\laravel\\framework\\src\\Illuminate\\Pipeline\\Pipeline.php(183): Illuminate\\Foundation\\Http\\Middleware\\VerifyCsrfToken->handle(Object(Illuminate\\Http\\Request), Object(Closure))
#26 C:\\Users\\Netamind Technology\\Desktop\\netacube\\vendor\\laravel\\framework\\src\\Illuminate\\View\\Middleware\\ShareErrorsFromSession.php(49): Illuminate\\Pipeline\\Pipeline->Illuminate\\Pipeline\\{closure}(Object(Illuminate\\Http\\Request))
#27 C:\\Users\\Netamind Technology\\Desktop\\netacube\\vendor\\laravel\\framework\\src\\Illuminate\\Pipeline\\Pipeline.php(183): Illuminate\\View\\Middleware\\ShareErrorsFromSession->handle(Object(Illuminate\\Http\\Request), Object(Closure))
#28 C:\\Users\\Netamind Technology\\Desktop\\netacube\\vendor\\laravel\\framework\\src\\Illuminate\\Session\\Middleware\\StartSession.php(121): Illuminate\\Pipeline\\Pipeline->Illuminate\\Pipeline\\{closure}(Object(Illuminate\\Http\\Request))
#29 C:\\Users\\Netamind Technology\\Desktop\\netacube\\vendor\\laravel\\framework\\src\\Illuminate\\Session\\Middleware\\StartSession.php(64): Illuminate\\Session\\Middleware\\StartSession->handleStatefulRequest(Object(Illuminate\\Http\\Request), Object(Illuminate\\Session\\Store), Object(Closure))
#30 C:\\Users\\Netamind Technology\\Desktop\\netacube\\vendor\\laravel\\framework\\src\\Illuminate\\Pipeline\\Pipeline.php(183): Illuminate\\Session\\Middleware\\StartSession->handle(Object(Illuminate\\Http\\Request), Object(Closure))
#31 C:\\Users\\Netamind Technology\\Desktop\\netacube\\vendor\\laravel\\framework\\src\\Illuminate\\Cookie\\Middleware\\AddQueuedCookiesToResponse.php(37): Illuminate\\Pipeline\\Pipeline->Illuminate\\Pipeline\\{closure}(Object(Illuminate\\Http\\Request))
#32 C:\\Users\\Netamind Technology\\Desktop\\netacube\\vendor\\laravel\\framework\\src\\Illuminate\\Pipeline\\Pipeline.php(183): Illuminate\\Cookie\\Middleware\\AddQueuedCookiesToResponse->handle(Object(Illuminate\\Http\\Request), Object(Closure))
#33 C:\\Users\\Netamind Technology\\Desktop\\netacube\\vendor\\laravel\\framework\\src\\Illuminate\\Cookie\\Middleware\\EncryptCookies.php(67): Illuminate\\Pipeline\\Pipeline->Illuminate\\Pipeline\\{closure}(Object(Illuminate\\Http\\Request))
#34 C:\\Users\\Netamind Technology\\Desktop\\netacube\\vendor\\laravel\\framework\\src\\Illuminate\\Pipeline\\Pipeline.php(183): Illuminate\\Cookie\\Middleware\\EncryptCookies->handle(Object(Illuminate\\Http\\Request), Object(Closure))
#35 C:\\Users\\Netamind Technology\\Desktop\\netacube\\vendor\\laravel\\framework\\src\\Illuminate\\Pipeline\\Pipeline.php(119): Illuminate\\Pipeline\\Pipeline->Illuminate\\Pipeline\\{closure}(Object(Illuminate\\Http\\Request))
#36 C:\\Users\\Netamind Technology\\Desktop\\netacube\\vendor\\laravel\\framework\\src\\Illuminate\\Routing\\Router.php(805): Illuminate\\Pipeline\\Pipeline->then(Object(Closure))
#37 C:\\Users\\Netamind Technology\\Desktop\\netacube\\vendor\\laravel\\framework\\src\\Illuminate\\Routing\\Router.php(784): Illuminate\\Routing\\Router->runRouteWithinStack(Object(Illuminate\\Routing\\Route), Object(Illuminate\\Http\\Request))
#38 C:\\Users\\Netamind Technology\\Desktop\\netacube\\vendor\\laravel\\framework\\src\\Illuminate\\Routing\\Router.php(748): Illuminate\\Routing\\Router->runRoute(Object(Illuminate\\Http\\Request), Object(Illuminate\\Routing\\Route))
#39 C:\\Users\\Netamind Technology\\Desktop\\netacube\\vendor\\laravel\\framework\\src\\Illuminate\\Routing\\Router.php(737): Illuminate\\Routing\\Router->dispatchToRoute(Object(Illuminate\\Http\\Request))
#40 C:\\Users\\Netamind Technology\\Desktop\\netacube\\vendor\\laravel\\framework\\src\\Illuminate\\Foundation\\Http\\Kernel.php(200): Illuminate\\Routing\\Router->dispatch(Object(Illuminate\\Http\\Request))
#41 C:\\Users\\Netamind Technology\\Desktop\\netacube\\vendor\\laravel\\framework\\src\\Illuminate\\Pipeline\\Pipeline.php(144): Illuminate\\Foundation\\Http\\Kernel->Illuminate\\Foundation\\Http\\{closure}(Object(Illuminate\\Http\\Request))
#42 C:\\Users\\Netamind Technology\\Desktop\\netacube\\vendor\\laravel\\framework\\src\\Illuminate\\Foundation\\Http\\Middleware\\TransformsRequest.php(21): Illuminate\\Pipeline\\Pipeline->Illuminate\\Pipeline\\{closure}(Object(Illuminate\\Http\\Request))
#43 C:\\Users\\Netamind Technology\\Desktop\\netacube\\vendor\\laravel\\framework\\src\\Illuminate\\Foundation\\Http\\Middleware\\ConvertEmptyStringsToNull.php(31): Illuminate\\Foundation\\Http\\Middleware\\TransformsRequest->handle(Object(Illuminate\\Http\\Request), Object(Closure))
#44 C:\\Users\\Netamind Technology\\Desktop\\netacube\\vendor\\laravel\\framework\\src\\Illuminate\\Pipeline\\Pipeline.php(183): Illuminate\\Foundation\\Http\\Middleware\\ConvertEmptyStringsToNull->handle(Object(Illuminate\\Http\\Request), Object(Closure))
#45 C:\\Users\\Netamind Technology\\Desktop\\netacube\\vendor\\laravel\\framework\\src\\Illuminate\\Foundation\\Http\\Middleware\\TransformsRequest.php(21): Illuminate\\Pipeline\\Pipeline->Illuminate\\Pipeline\\{closure}(Object(Illuminate\\Http\\Request))
#46 C:\\Users\\Netamind Technology\\Desktop\\netacube\\vendor\\laravel\\framework\\src\\Illuminate\\Foundation\\Http\\Middleware\\TrimStrings.php(40): Illuminate\\Foundation\\Http\\Middleware\\TransformsRequest->handle(Object(Illuminate\\Http\\Request), Object(Closure))
#47 C:\\Users\\Netamind Technology\\Desktop\\netacube\\vendor\\laravel\\framework\\src\\Illuminate\\Pipeline\\Pipeline.php(183): Illuminate\\Foundation\\Http\\Middleware\\TrimStrings->handle(Object(Illuminate\\Http\\Request), Object(Closure))
#48 C:\\Users\\Netamind Technology\\Desktop\\netacube\\vendor\\laravel\\framework\\src\\Illuminate\\Foundation\\Http\\Middleware\\ValidatePostSize.php(27): Illuminate\\Pipeline\\Pipeline->Illuminate\\Pipeline\\{closure}(Object(Illuminate\\Http\\Request))
#49 C:\\Users\\Netamind Technology\\Desktop\\netacube\\vendor\\laravel\\framework\\src\\Illuminate\\Pipeline\\Pipeline.php(183): Illuminate\\Foundation\\Http\\Middleware\\ValidatePostSize->handle(Object(Illuminate\\Http\\Request), Object(Closure))
#50 C:\\Users\\Netamind Technology\\Desktop\\netacube\\vendor\\laravel\\framework\\src\\Illuminate\\Foundation\\Http\\Middleware\\PreventRequestsDuringMaintenance.php(99): Illuminate\\Pipeline\\Pipeline->Illuminate\\Pipeline\\{closure}(Object(Illuminate\\Http\\Request))
#51 C:\\Users\\Netamind Technology\\Desktop\\netacube\\vendor\\laravel\\framework\\src\\Illuminate\\Pipeline\\Pipeline.php(183): Illuminate\\Foundation\\Http\\Middleware\\PreventRequestsDuringMaintenance->handle(Object(Illuminate\\Http\\Request), Object(Closure))
#52 C:\\Users\\Netamind Technology\\Desktop\\netacube\\vendor\\laravel\\framework\\src\\Illuminate\\Http\\Middleware\\HandleCors.php(49): Illuminate\\Pipeline\\Pipeline->Illuminate\\Pipeline\\{closure}(Object(Illuminate\\Http\\Request))
#53 C:\\Users\\Netamind Technology\\Desktop\\netacube\\vendor\\laravel\\framework\\src\\Illuminate\\Pipeline\\Pipeline.php(183): Illuminate\\Http\\Middleware\\HandleCors->handle(Object(Illuminate\\Http\\Request), Object(Closure))
#54 C:\\Users\\Netamind Technology\\Desktop\\netacube\\vendor\\laravel\\framework\\src\\Illuminate\\Http\\Middleware\\TrustProxies.php(39): Illuminate\\Pipeline\\Pipeline->Illuminate\\Pipeline\\{closure}(Object(Illuminate\\Http\\Request))
#55 C:\\Users\\Netamind Technology\\Desktop\\netacube\\vendor\\laravel\\framework\\src\\Illuminate\\Pipeline\\Pipeline.php(183): Illuminate\\Http\\Middleware\\TrustProxies->handle(Object(Illuminate\\Http\\Request), Object(Closure))
#56 C:\\Users\\Netamind Technology\\Desktop\\netacube\\vendor\\laravel\\framework\\src\\Illuminate\\Pipeline\\Pipeline.php(119): Illuminate\\Pipeline\\Pipeline->Illuminate\\Pipeline\\{closure}(Object(Illuminate\\Http\\Request))
#57 C:\\Users\\Netamind Technology\\Desktop\\netacube\\vendor\\laravel\\framework\\src\\Illuminate\\Foundation\\Http\\Kernel.php(175): Illuminate\\Pipeline\\Pipeline->then(Object(Closure))
#58 C:\\Users\\Netamind Technology\\Desktop\\netacube\\vendor\\laravel\\framework\\src\\Illuminate\\Foundation\\Http\\Kernel.php(144): Illuminate\\Foundation\\Http\\Kernel->sendRequestThroughRouter(Object(Illuminate\\Http\\Request))
#59 C:\\Users\\Netamind Technology\\Desktop\\netacube\\public\\index.php(51): Illuminate\\Foundation\\Http\\Kernel->handle(Object(Illuminate\\Http\\Request))
#60 C:\\Users\\Netamind Technology\\Desktop\\netacube\\vendor\\laravel\\framework\\src\\Illuminate\\Foundation\\resources\\server.php(16): require_once('C:\\\\Users\\\\Netami...')
#61 {main}

[previous exception] [object] (Illuminate\\Database\\QueryException(code: 2002): SQLSTATE[HY000] [2002] No connection could be made because the target machine actively refused it (Connection: mysql, SQL: select * from `subscription_plans` order by `id` asc) at C:\\Users\\Netamind Technology\\Desktop\\netacube\\vendor\\laravel\\framework\\src\\Illuminate\\Database\\Connection.php:829)
[stacktrace]
#0 C:\\Users\\Netamind Technology\\Desktop\\netacube\\vendor\\laravel\\framework\\src\\Illuminate\\Database\\Connection.php(983): Illuminate\\Database\\Connection->runQueryCallback('select * from `...', Array, Object(Closure))
#1 C:\\Users\\Netamind Technology\\Desktop\\netacube\\vendor\\laravel\\framework\\src\\Illuminate\\Database\\Connection.php(962): Illuminate\\Database\\Connection->tryAgainIfCausedByLostConnection(Object(Illuminate\\Database\\QueryException), 'select * from `...', Array, Object(Closure))
#2 C:\\Users\\Netamind Technology\\Desktop\\netacube\\vendor\\laravel\\framework\\src\\Illuminate\\Database\\Connection.php(785): Illuminate\\Database\\Connection->handleQueryException(Object(Illuminate\\Database\\QueryException), 'select * from `...', Array, Object(Closure))
#3 C:\\Users\\Netamind Technology\\Desktop\\netacube\\vendor\\laravel\\framework\\src\\Illuminate\\Database\\Connection.php(414): Illuminate\\Database\\Connection->run('select * from `...', Array, Object(Closure))
#4 C:\\Users\\Netamind Technology\\Desktop\\netacube\\vendor\\laravel\\framework\\src\\Illuminate\\Database\\Query\\Builder.php(2913): Illuminate\\Database\\Connection->select('select * from `...', Array, true)
#5 C:\\Users\\Netamind Technology\\Desktop\\netacube\\vendor\\laravel\\framework\\src\\Illuminate\\Database\\Query\\Builder.php(2902): Illuminate\\Database\\Query\\Builder->runSelect()
#6 C:\\Users\\Netamind Technology\\Desktop\\netacube\\vendor\\laravel\\framework\\src\\Illuminate\\Database\\Query\\Builder.php(3456): Illuminate\\Database\\Query\\Builder->Illuminate\\Database\\Query\\{closure}()
#7 C:\\Users\\Netamind Technology\\Desktop\\netacube\\vendor\\laravel\\framework\\src\\Illuminate\\Database\\Query\\Builder.php(2901): Illuminate\\Database\\Query\\Builder->onceWithColumns(Array, Object(Closure))
#8 C:\\Users\\Netamind Technology\\Desktop\\netacube\\storage\\framework\\views\\f44c1d667bcc51f91a26c01108f34862.php(286): Illuminate\\Database\\Query\\Builder->get()
#9 C:\\Users\\Netamind Technology\\Desktop\\netacube\\vendor\\laravel\\framework\\src\\Illuminate\\Filesystem\\Filesystem.php(123): require('C:\\\\Users\\\\Netami...')
#10 C:\\Users\\Netamind Technology\\Desktop\\netacube\\vendor\\laravel\\framework\\src\\Illuminate\\Filesystem\\Filesystem.php(124): Illuminate\\Filesystem\\Filesystem::Illuminate\\Filesystem\\{closure}()
#11 C:\\Users\\Netamind Technology\\Desktop\\netacube\\vendor\\laravel\\framework\\src\\Illuminate\\View\\Engines\\PhpEngine.php(58): Illuminate\\Filesystem\\Filesystem->getRequire('C:\\\\Users\\\\Netami...', Array)
#12 C:\\Users\\Netamind Technology\\Desktop\\netacube\\vendor\\laravel\\framework\\src\\Illuminate\\View\\Engines\\CompilerEngine.php(72): Illuminate\\View\\Engines\\PhpEngine->evaluatePath('C:\\\\Users\\\\Netami...', Array)
#13 C:\\Users\\Netamind Technology\\Desktop\\netacube\\vendor\\laravel\\framework\\src\\Illuminate\\View\\View.php(207): Illuminate\\View\\Engines\\CompilerEngine->get('C:\\\\Users\\\\Netami...', Array)
#14 C:\\Users\\Netamind Technology\\Desktop\\netacube\\vendor\\laravel\\framework\\src\\Illuminate\\View\\View.php(190): Illuminate\\View\\View->getContents()
#15 C:\\Users\\Netamind Technology\\Desktop\\netacube\\vendor\\laravel\\framework\\src\\Illuminate\\View\\View.php(159): Illuminate\\View\\View->renderContents()
#16 C:\\Users\\Netamind Technology\\Desktop\\netacube\\vendor\\laravel\\framework\\src\\Illuminate\\Http\\Response.php(69): Illuminate\\View\\View->render()
#17 C:\\Users\\Netamind Technology\\Desktop\\netacube\\vendor\\laravel\\framework\\src\\Illuminate\\Http\\Response.php(35): Illuminate\\Http\\Response->setContent(Object(Illuminate\\View\\View))
#18 C:\\Users\\Netamind Technology\\Desktop\\netacube\\vendor\\laravel\\framework\\src\\Illuminate\\Routing\\Router.php(918): Illuminate\\Http\\Response->__construct(Object(Illuminate\\View\\View), 200, Array)
#19 C:\\Users\\Netamind Technology\\Desktop\\netacube\\vendor\\laravel\\framework\\src\\Illuminate\\Routing\\Router.php(885): Illuminate\\Routing\\Router::toResponse(Object(Illuminate\\Http\\Request), Object(Illuminate\\View\\View))
#20 C:\\Users\\Netamind Technology\\Desktop\\netacube\\vendor\\laravel\\framework\\src\\Illuminate\\Routing\\Router.php(805): Illuminate\\Routing\\Router->prepareResponse(Object(Illuminate\\Http\\Request), Object(Illuminate\\View\\View))
#21 C:\\Users\\Netamind Technology\\Desktop\\netacube\\vendor\\laravel\\framework\\src\\Illuminate\\Pipeline\\Pipeline.php(144): Illuminate\\Routing\\Router->Illuminate\\Routing\\{closure}(Object(Illuminate\\Http\\Request))
#22 C:\\Users\\Netamind Technology\\Desktop\\netacube\\vendor\\laravel\\framework\\src\\Illuminate\\Routing\\Middleware\\SubstituteBindings.php(50): Illuminate\\Pipeline\\Pipeline->Illuminate\\Pipeline\\{closure}(Object(Illuminate\\Http\\Request))
#23 C:\\Users\\Netamind Technology\\Desktop\\netacube\\vendor\\laravel\\framework\\src\\Illuminate\\Pipeline\\Pipeline.php(183): Illuminate\\Routing\\Middleware\\SubstituteBindings->handle(Object(Illuminate\\Http\\Request), Object(Closure))
#24 C:\\Users\\Netamind Technology\\Desktop\\netacube\\vendor\\laravel\\framework\\src\\Illuminate\\Foundation\\Http\\Middleware\\VerifyCsrfToken.php(78): Illuminate\\Pipeline\\Pipeline->Illuminate\\Pipeline\\{closure}(Object(Illuminate\\Http\\Request))
#25 C:\\Users\\Netamind Technology\\Desktop\\netacube\\vendor\\laravel\\framework\\src\\Illuminate\\Pipeline\\Pipeline.php(183): Illuminate\\Foundation\\Http\\Middleware\\VerifyCsrfToken->handle(Object(Illuminate\\Http\\Request), Object(Closure))
#26 C:\\Users\\Netamind Technology\\Desktop\\netacube\\vendor\\laravel\\framework\\src\\Illuminate\\View\\Middleware\\ShareErrorsFromSession.php(49): Illuminate\\Pipeline\\Pipeline->Illuminate\\Pipeline\\{closure}(Object(Illuminate\\Http\\Request))
#27 C:\\Users\\Netamind Technology\\Desktop\\netacube\\vendor\\laravel\\framework\\src\\Illuminate\\Pipeline\\Pipeline.php(183): Illuminate\\View\\Middleware\\ShareErrorsFromSession->handle(Object(Illuminate\\Http\\Request), Object(Closure))
#28 C:\\Users\\Netamind Technology\\Desktop\\netacube\\vendor\\laravel\\framework\\src\\Illuminate\\Session\\Middleware\\StartSession.php(121): Illuminate\\Pipeline\\Pipeline->Illuminate\\Pipeline\\{closure}(Object(Illuminate\\Http\\Request))
#29 C:\\Users\\Netamind Technology\\Desktop\\netacube\\vendor\\laravel\\framework\\src\\Illuminate\\Session\\Middleware\\StartSession.php(64): Illuminate\\Session\\Middleware\\StartSession->handleStatefulRequest(Object(Illuminate\\Http\\Request), Object(Illuminate\\Session\\Store), Object(Closure))
#30 C:\\Users\\Netamind Technology\\Desktop\\netacube\\vendor\\laravel\\framework\\src\\Illuminate\\Pipeline\\Pipeline.php(183): Illuminate\\Session\\Middleware\\StartSession->handle(Object(Illuminate\\Http\\Request), Object(Closure))
#31 C:\\Users\\Netamind Technology\\Desktop\\netacube\\vendor\\laravel\\framework\\src\\Illuminate\\Cookie\\Middleware\\AddQueuedCookiesToResponse.php(37): Illuminate\\Pipeline\\Pipeline->Illuminate\\Pipeline\\{closure}(Object(Illuminate\\Http\\Request))
#32 C:\\Users\\Netamind Technology\\Desktop\\netacube\\vendor\\laravel\\framework\\src\\Illuminate\\Pipeline\\Pipeline.php(183): Illuminate\\Cookie\\Middleware\\AddQueuedCookiesToResponse->handle(Object(Illuminate\\Http\\Request), Object(Closure))
#33 C:\\Users\\Netamind Technology\\Desktop\\netacube\\vendor\\laravel\\framework\\src\\Illuminate\\Cookie\\Middleware\\EncryptCookies.php(67): Illuminate\\Pipeline\\Pipeline->Illuminate\\Pipeline\\{closure}(Object(Illuminate\\Http\\Request))
#34 C:\\Users\\Netamind Technology\\Desktop\\netacube\\vendor\\laravel\\framework\\src\\Illuminate\\Pipeline\\Pipeline.php(183): Illuminate\\Cookie\\Middleware\\EncryptCookies->handle(Object(Illuminate\\Http\\Request), Object(Closure))
#35 C:\\Users\\Netamind Technology\\Desktop\\netacube\\vendor\\laravel\\framework\\src\\Illuminate\\Pipeline\\Pipeline.php(119): Illuminate\\Pipeline\\Pipeline->Illuminate\\Pipeline\\{closure}(Object(Illuminate\\Http\\Request))
#36 C:\\Users\\Netamind Technology\\Desktop\\netacube\\vendor\\laravel\\framework\\src\\Illuminate\\Routing\\Router.php(805): Illuminate\\Pipeline\\Pipeline->then(Object(Closure))
#37 C:\\Users\\Netamind Technology\\Desktop\\netacube\\vendor\\laravel\\framework\\src\\Illuminate\\Routing\\Router.php(784): Illuminate\\Routing\\Router->runRouteWithinStack(Object(Illuminate\\Routing\\Route), Object(Illuminate\\Http\\Request))
#38 C:\\Users\\Netamind Technology\\Desktop\\netacube\\vendor\\laravel\\framework\\src\\Illuminate\\Routing\\Router.php(748): Illuminate\\Routing\\Router->runRoute(Object(Illuminate\\Http\\Request), Object(Illuminate\\Routing\\Route))
#39 C:\\Users\\Netamind Technology\\Desktop\\netacube\\vendor\\laravel\\framework\\src\\Illuminate\\Routing\\Router.php(737): Illuminate\\Routing\\Router->dispatchToRoute(Object(Illuminate\\Http\\Request))
#40 C:\\Users\\Netamind Technology\\Desktop\\netacube\\vendor\\laravel\\framework\\src\\Illuminate\\Foundation\\Http\\Kernel.php(200): Illuminate\\Routing\\Router->dispatch(Object(Illuminate\\Http\\Request))
#41 C:\\Users\\Netamind Technology\\Desktop\\netacube\\vendor\\laravel\\framework\\src\\Illuminate\\Pipeline\\Pipeline.php(144): Illuminate\\Foundation\\Http\\Kernel->Illuminate\\Foundation\\Http\\{closure}(Object(Illuminate\\Http\\Request))
#42 C:\\Users\\Netamind Technology\\Desktop\\netacube\\vendor\\laravel\\framework\\src\\Illuminate\\Foundation\\Http\\Middleware\\TransformsRequest.php(21): Illuminate\\Pipeline\\Pipeline->Illuminate\\Pipeline\\{closure}(Object(Illuminate\\Http\\Request))
#43 C:\\Users\\Netamind Technology\\Desktop\\netacube\\vendor\\laravel\\framework\\src\\Illuminate\\Foundation\\Http\\Middleware\\ConvertEmptyStringsToNull.php(31): Illuminate\\Foundation\\Http\\Middleware\\TransformsRequest->handle(Object(Illuminate\\Http\\Request), Object(Closure))
#44 C:\\Users\\Netamind Technology\\Desktop\\netacube\\vendor\\laravel\\framework\\src\\Illuminate\\Pipeline\\Pipeline.php(183): Illuminate\\Foundation\\Http\\Middleware\\ConvertEmptyStringsToNull->handle(Object(Illuminate\\Http\\Request), Object(Closure))
#45 C:\\Users\\Netamind Technology\\Desktop\\netacube\\vendor\\laravel\\framework\\src\\Illuminate\\Foundation\\Http\\Middleware\\TransformsRequest.php(21): Illuminate\\Pipeline\\Pipeline->Illuminate\\Pipeline\\{closure}(Object(Illuminate\\Http\\Request))
#46 C:\\Users\\Netamind Technology\\Desktop\\netacube\\vendor\\laravel\\framework\\src\\Illuminate\\Foundation\\Http\\Middleware\\TrimStrings.php(40): Illuminate\\Foundation\\Http\\Middleware\\TransformsRequest->handle(Object(Illuminate\\Http\\Request), Object(Closure))
#47 C:\\Users\\Netamind Technology\\Desktop\\netacube\\vendor\\laravel\\framework\\src\\Illuminate\\Pipeline\\Pipeline.php(183): Illuminate\\Foundation\\Http\\Middleware\\TrimStrings->handle(Object(Illuminate\\Http\\Request), Object(Closure))
#48 C:\\Users\\Netamind Technology\\Desktop\\netacube\\vendor\\laravel\\framework\\src\\Illuminate\\Foundation\\Http\\Middleware\\ValidatePostSize.php(27): Illuminate\\Pipeline\\Pipeline->Illuminate\\Pipeline\\{closure}(Object(Illuminate\\Http\\Request))
#49 C:\\Users\\Netamind Technology\\Desktop\\netacube\\vendor\\laravel\\framework\\src\\Illuminate\\Pipeline\\Pipeline.php(183): Illuminate\\Foundation\\Http\\Middleware\\ValidatePostSize->handle(Object(Illuminate\\Http\\Request), Object(Closure))
#50 C:\\Users\\Netamind Technology\\Desktop\\netacube\\vendor\\laravel\\framework\\src\\Illuminate\\Foundation\\Http\\Middleware\\PreventRequestsDuringMaintenance.php(99): Illuminate\\Pipeline\\Pipeline->Illuminate\\Pipeline\\{closure}(Object(Illuminate\\Http\\Request))
#51 C:\\Users\\Netamind Technology\\Desktop\\netacube\\vendor\\laravel\\framework\\src\\Illuminate\\Pipeline\\Pipeline.php(183): Illuminate\\Foundation\\Http\\Middleware\\PreventRequestsDuringMaintenance->handle(Object(Illuminate\\Http\\Request), Object(Closure))
#52 C:\\Users\\Netamind Technology\\Desktop\\netacube\\vendor\\laravel\\framework\\src\\Illuminate\\Http\\Middleware\\HandleCors.php(49): Illuminate\\Pipeline\\Pipeline->Illuminate\\Pipeline\\{closure}(Object(Illuminate\\Http\\Request))
#53 C:\\Users\\Netamind Technology\\Desktop\\netacube\\vendor\\laravel\\framework\\src\\Illuminate\\Pipeline\\Pipeline.php(183): Illuminate\\Http\\Middleware\\HandleCors->handle(Object(Illuminate\\Http\\Request), Object(Closure))
#54 C:\\Users\\Netamind Technology\\Desktop\\netacube\\vendor\\laravel\\framework\\src\\Illuminate\\Http\\Middleware\\TrustProxies.php(39): Illuminate\\Pipeline\\Pipeline->Illuminate\\Pipeline\\{closure}(Object(Illuminate\\Http\\Request))
#55 C:\\Users\\Netamind Technology\\Desktop\\netacube\\vendor\\laravel\\framework\\src\\Illuminate\\Pipeline\\Pipeline.php(183): Illuminate\\Http\\Middleware\\TrustProxies->handle(Object(Illuminate\\Http\\Request), Object(Closure))
#56 C:\\Users\\Netamind Technology\\Desktop\\netacube\\vendor\\laravel\\framework\\src\\Illuminate\\Pipeline\\Pipeline.php(119): Illuminate\\Pipeline\\Pipeline->Illuminate\\Pipeline\\{closure}(Object(Illuminate\\Http\\Request))
#57 C:\\Users\\Netamind Technology\\Desktop\\netacube\\vendor\\laravel\\framework\\src\\Illuminate\\Foundation\\Http\\Kernel.php(175): Illuminate\\Pipeline\\Pipeline->then(Object(Closure))
#58 C:\\Users\\Netamind Technology\\Desktop\\netacube\\vendor\\laravel\\framework\\src\\Illuminate\\Foundation\\Http\\Kernel.php(144): Illuminate\\Foundation\\Http\\Kernel->sendRequestThroughRouter(Object(Illuminate\\Http\\Request))
#59 C:\\Users\\Netamind Technology\\Desktop\\netacube\\public\\index.php(51): Illuminate\\Foundation\\Http\\Kernel->handle(Object(Illuminate\\Http\\Request))
#60 C:\\Users\\Netamind Technology\\Desktop\\netacube\\vendor\\laravel\\framework\\src\\Illuminate\\Foundation\\resources\\server.php(16): require_once('C:\\\\Users\\\\Netami...')
#61 {main}

[previous exception] [object] (PDOException(code: 2002): SQLSTATE[HY000] [2002] No connection could be made because the target machine actively refused it at C:\\Users\\Netamind Technology\\Desktop\\netacube\\vendor\\laravel\\framework\\src\\Illuminate\\Database\\Connectors\\Connector.php:65)
[stacktrace]
#0 C:\\Users\\Netamind Technology\\Desktop\\netacube\\vendor\\laravel\\framework\\src\\Illuminate\\Database\\Connectors\\Connector.php(65): PDO->__construct('mysql:host=127....', 'root', Object(SensitiveParameterValue), Array)
#1 C:\\Users\\Netamind Technology\\Desktop\\netacube\\vendor\\laravel\\framework\\src\\Illuminate\\Database\\Connectors\\Connector.php(83): Illuminate\\Database\\Connectors\\Connector->createPdoConnection('mysql:host=127....', 'root', '', Array)
#2 C:\\Users\\Netamind Technology\\Desktop\\netacube\\vendor\\laravel\\framework\\src\\Illuminate\\Database\\Connectors\\Connector.php(48): Illuminate\\Database\\Connectors\\Connector->tryAgainIfCausedByLostConnection(Object(PDOException), 'mysql:host=127....', 'root', '', Array)
#3 C:\\Users\\Netamind Technology\\Desktop\\netacube\\vendor\\laravel\\framework\\src\\Illuminate\\Database\\Connectors\\MySqlConnector.php(24): Illuminate\\Database\\Connectors\\Connector->createConnection('mysql:host=127....', Array, Array)
#4 C:\\Users\\Netamind Technology\\Desktop\\netacube\\vendor\\laravel\\framework\\src\\Illuminate\\Database\\Connectors\\ConnectionFactory.php(184): Illuminate\\Database\\Connectors\\MySqlConnector->connect(Array)
#5 [internal function]: Illuminate\\Database\\Connectors\\ConnectionFactory->Illuminate\\Database\\Connectors\\{closure}()
#6 C:\\Users\\Netamind Technology\\Desktop\\netacube\\vendor\\laravel\\framework\\src\\Illuminate\\Database\\Connection.php(1339): call_user_func(Object(Closure))
#7 C:\\Users\\Netamind Technology\\Desktop\\netacube\\vendor\\laravel\\framework\\src\\Illuminate\\Database\\Connection.php(1375): Illuminate\\Database\\Connection->getPdo()
#8 C:\\Users\\Netamind Technology\\Desktop\\netacube\\vendor\\laravel\\framework\\src\\Illuminate\\Database\\Connection.php(528): Illuminate\\Database\\Connection->getReadPdo()
#9 C:\\Users\\Netamind Technology\\Desktop\\netacube\\vendor\\laravel\\framework\\src\\Illuminate\\Database\\Connection.php(423): Illuminate\\Database\\Connection->getPdoForSelect(true)
#10 C:\\Users\\Netamind Technology\\Desktop\\netacube\\vendor\\laravel\\framework\\src\\Illuminate\\Database\\Connection.php(816): Illuminate\\Database\\Connection->Illuminate\\Database\\{closure}('select * from `...', Array)
#11 C:\\Users\\Netamind Technology\\Desktop\\netacube\\vendor\\laravel\\framework\\src\\Illuminate\\Database\\Connection.php(983): Illuminate\\Database\\Connection->runQueryCallback('select * from `...', Array, Object(Closure))
#12 C:\\Users\\Netamind Technology\\Desktop\\netacube\\vendor\\laravel\\framework\\src\\Illuminate\\Database\\Connection.php(962): Illuminate\\Database\\Connection->tryAgainIfCausedByLostConnection(Object(Illuminate\\Database\\QueryException), 'select * from `...', Array, Object(Closure))
#13 C:\\Users\\Netamind Technology\\Desktop\\netacube\\vendor\\laravel\\framework\\src\\Illuminate\\Database\\Connection.php(785): Illuminate\\Database\\Connection->handleQueryException(Object(Illuminate\\Database\\QueryException), 'select * from `...', Array, Object(Closure))
#14 C:\\Users\\Netamind Technology\\Desktop\\netacube\\vendor\\laravel\\framework\\src\\Illuminate\\Database\\Connection.php(414): Illuminate\\Database\\Connection->run('select * from `...', Array, Object(Closure))
#15 C:\\Users\\Netamind Technology\\Desktop\\netacube\\vendor\\laravel\\framework\\src\\Illuminate\\Database\\Query\\Builder.php(2913): Illuminate\\Database\\Connection->select('select * from `...', Array, true)
#16 C:\\Users\\Netamind Technology\\Desktop\\netacube\\vendor\\laravel\\framework\\src\\Illuminate\\Database\\Query\\Builder.php(2902): Illuminate\\Database\\Query\\Builder->runSelect()
#17 C:\\Users\\Netamind Technology\\Desktop\\netacube\\vendor\\laravel\\framework\\src\\Illuminate\\Database\\Query\\Builder.php(3456): Illuminate\\Database\\Query\\Builder->Illuminate\\Database\\Query\\{closure}()
#18 C:\\Users\\Netamind Technology\\Desktop\\netacube\\vendor\\laravel\\framework\\src\\Illuminate\\Database\\Query\\Builder.php(2901): Illuminate\\Database\\Query\\Builder->onceWithColumns(Array, Object(Closure))
#19 C:\\Users\\Netamind Technology\\Desktop\\netacube\\storage\\framework\\views\\f44c1d667bcc51f91a26c01108f34862.php(286): Illuminate\\Database\\Query\\Builder->get()
#20 C:\\Users\\Netamind Technology\\Desktop\\netacube\\vendor\\laravel\\framework\\src\\Illuminate\\Filesystem\\Filesystem.php(123): require('C:\\\\Users\\\\Netami...')
#21 C:\\Users\\Netamind Technology\\Desktop\\netacube\\vendor\\laravel\\framework\\src\\Illuminate\\Filesystem\\Filesystem.php(124): Illuminate\\Filesystem\\Filesystem::Illuminate\\Filesystem\\{closure}()
#22 C:\\Users\\Netamind Technology\\Desktop\\netacube\\vendor\\laravel\\framework\\src\\Illuminate\\View\\Engines\\PhpEngine.php(58): Illuminate\\Filesystem\\Filesystem->getRequire('C:\\\\Users\\\\Netami...', Array)
#23 C:\\Users\\Netamind Technology\\Desktop\\netacube\\vendor\\laravel\\framework\\src\\Illuminate\\View\\Engines\\CompilerEngine.php(72): Illuminate\\View\\Engines\\PhpEngine->evaluatePath('C:\\\\Users\\\\Netami...', Array)
#24 C:\\Users\\Netamind Technology\\Desktop\\netacube\\vendor\\laravel\\framework\\src\\Illuminate\\View\\View.php(207): Illuminate\\View\\Engines\\CompilerEngine->get('C:\\\\Users\\\\Netami...', Array)
#25 C:\\Users\\Netamind Technology\\Desktop\\netacube\\vendor\\laravel\\framework\\src\\Illuminate\\View\\View.php(190): Illuminate\\View\\View->getContents()
#26 C:\\Users\\Netamind Technology\\Desktop\\netacube\\vendor\\laravel\\framework\\src\\Illuminate\\View\\View.php(159): Illuminate\\View\\View->renderContents()
#27 C:\\Users\\Netamind Technology\\Desktop\\netacube\\vendor\\laravel\\framework\\src\\Illuminate\\Http\\Response.php(69): Illuminate\\View\\View->render()
#28 C:\\Users\\Netamind Technology\\Desktop\\netacube\\vendor\\laravel\\framework\\src\\Illuminate\\Http\\Response.php(35): Illuminate\\Http\\Response->setContent(Object(Illuminate\\View\\View))
#29 C:\\Users\\Netamind Technology\\Desktop\\netacube\\vendor\\laravel\\framework\\src\\Illuminate\\Routing\\Router.php(918): Illuminate\\Http\\Response->__construct(Object(Illuminate\\View\\View), 200, Array)
#30 C:\\Users\\Netamind Technology\\Desktop\\netacube\\vendor\\laravel\\framework\\src\\Illuminate\\Routing\\Router.php(885): Illuminate\\Routing\\Router::toResponse(Object(Illuminate\\Http\\Request), Object(Illuminate\\View\\View))
#31 C:\\Users\\Netamind Technology\\Desktop\\netacube\\vendor\\laravel\\framework\\src\\Illuminate\\Routing\\Router.php(805): Illuminate\\Routing\\Router->prepareResponse(Object(Illuminate\\Http\\Request), Object(Illuminate\\View\\View))
#32 C:\\Users\\Netamind Technology\\Desktop\\netacube\\vendor\\laravel\\framework\\src\\Illuminate\\Pipeline\\Pipeline.php(144): Illuminate\\Routing\\Router->Illuminate\\Routing\\{closure}(Object(Illuminate\\Http\\Request))
#33 C:\\Users\\Netamind Technology\\Desktop\\netacube\\vendor\\laravel\\framework\\src\\Illuminate\\Routing\\Middleware\\SubstituteBindings.php(50): Illuminate\\Pipeline\\Pipeline->Illuminate\\Pipeline\\{closure}(Object(Illuminate\\Http\\Request))
#34 C:\\Users\\Netamind Technology\\Desktop\\netacube\\vendor\\laravel\\framework\\src\\Illuminate\\Pipeline\\Pipeline.php(183): Illuminate\\Routing\\Middleware\\SubstituteBindings->handle(Object(Illuminate\\Http\\Request), Object(Closure))
#35 C:\\Users\\Netamind Technology\\Desktop\\netacube\\vendor\\laravel\\framework\\src\\Illuminate\\Foundation\\Http\\Middleware\\VerifyCsrfToken.php(78): Illuminate\\Pipeline\\Pipeline->Illuminate\\Pipeline\\{closure}(Object(Illuminate\\Http\\Request))
#36 C:\\Users\\Netamind Technology\\Desktop\\netacube\\vendor\\laravel\\framework\\src\\Illuminate\\Pipeline\\Pipeline.php(183): Illuminate\\Foundation\\Http\\Middleware\\VerifyCsrfToken->handle(Object(Illuminate\\Http\\Request), Object(Closure))
#37 C:\\Users\\Netamind Technology\\Desktop\\netacube\\vendor\\laravel\\framework\\src\\Illuminate\\View\\Middleware\\ShareErrorsFromSession.php(49): Illuminate\\Pipeline\\Pipeline->Illuminate\\Pipeline\\{closure}(Object(Illuminate\\Http\\Request))
#38 C:\\Users\\Netamind Technology\\Desktop\\netacube\\vendor\\laravel\\framework\\src\\Illuminate\\Pipeline\\Pipeline.php(183): Illuminate\\View\\Middleware\\ShareErrorsFromSession->handle(Object(Illuminate\\Http\\Request), Object(Closure))
#39 C:\\Users\\Netamind Technology\\Desktop\\netacube\\vendor\\laravel\\framework\\src\\Illuminate\\Session\\Middleware\\StartSession.php(121): Illuminate\\Pipeline\\Pipeline->Illuminate\\Pipeline\\{closure}(Object(Illuminate\\Http\\Request))
#40 C:\\Users\\Netamind Technology\\Desktop\\netacube\\vendor\\laravel\\framework\\src\\Illuminate\\Session\\Middleware\\StartSession.php(64): Illuminate\\Session\\Middleware\\StartSession->handleStatefulRequest(Object(Illuminate\\Http\\Request), Object(Illuminate\\Session\\Store), Object(Closure))
#41 C:\\Users\\Netamind Technology\\Desktop\\netacube\\vendor\\laravel\\framework\\src\\Illuminate\\Pipeline\\Pipeline.php(183): Illuminate\\Session\\Middleware\\StartSession->handle(Object(Illuminate\\Http\\Request), Object(Closure))
#42 C:\\Users\\Netamind Technology\\Desktop\\netacube\\vendor\\laravel\\framework\\src\\Illuminate\\Cookie\\Middleware\\AddQueuedCookiesToResponse.php(37): Illuminate\\Pipeline\\Pipeline->Illuminate\\Pipeline\\{closure}(Object(Illuminate\\Http\\Request))
#43 C:\\Users\\Netamind Technology\\Desktop\\netacube\\vendor\\laravel\\framework\\src\\Illuminate\\Pipeline\\Pipeline.php(183): Illuminate\\Cookie\\Middleware\\AddQueuedCookiesToResponse->handle(Object(Illuminate\\Http\\Request), Object(Closure))
#44 C:\\Users\\Netamind Technology\\Desktop\\netacube\\vendor\\laravel\\framework\\src\\Illuminate\\Cookie\\Middleware\\EncryptCookies.php(67): Illuminate\\Pipeline\\Pipeline->Illuminate\\Pipeline\\{closure}(Object(Illuminate\\Http\\Request))
#45 C:\\Users\\Netamind Technology\\Desktop\\netacube\\vendor\\laravel\\framework\\src\\Illuminate\\Pipeline\\Pipeline.php(183): Illuminate\\Cookie\\Middleware\\EncryptCookies->handle(Object(Illuminate\\Http\\Request), Object(Closure))
#46 C:\\Users\\Netamind Technology\\Desktop\\netacube\\vendor\\laravel\\framework\\src\\Illuminate\\Pipeline\\Pipeline.php(119): Illuminate\\Pipeline\\Pipeline->Illuminate\\Pipeline\\{closure}(Object(Illuminate\\Http\\Request))
#47 C:\\Users\\Netamind Technology\\Desktop\\netacube\\vendor\\laravel\\framework\\src\\Illuminate\\Routing\\Router.php(805): Illuminate\\Pipeline\\Pipeline->then(Object(Closure))
#48 C:\\Users\\Netamind Technology\\Desktop\\netacube\\vendor\\laravel\\framework\\src\\Illuminate\\Routing\\Router.php(784): Illuminate\\Routing\\Router->runRouteWithinStack(Object(Illuminate\\Routing\\Route), Object(Illuminate\\Http\\Request))
#49 C:\\Users\\Netamind Technology\\Desktop\\netacube\\vendor\\laravel\\framework\\src\\Illuminate\\Routing\\Router.php(748): Illuminate\\Routing\\Router->runRoute(Object(Illuminate\\Http\\Request), Object(Illuminate\\Routing\\Route))
#50 C:\\Users\\Netamind Technology\\Desktop\\netacube\\vendor\\laravel\\framework\\src\\Illuminate\\Routing\\Router.php(737): Illuminate\\Routing\\Router->dispatchToRoute(Object(Illuminate\\Http\\Request))
#51 C:\\Users\\Netamind Technology\\Desktop\\netacube\\vendor\\laravel\\framework\\src\\Illuminate\\Foundation\\Http\\Kernel.php(200): Illuminate\\Routing\\Router->dispatch(Object(Illuminate\\Http\\Request))
#52 C:\\Users\\Netamind Technology\\Desktop\\netacube\\vendor\\laravel\\framework\\src\\Illuminate\\Pipeline\\Pipeline.php(144): Illuminate\\Foundation\\Http\\Kernel->Illuminate\\Foundation\\Http\\{closure}(Object(Illuminate\\Http\\Request))
#53 C:\\Users\\Netamind Technology\\Desktop\\netacube\\vendor\\laravel\\framework\\src\\Illuminate\\Foundation\\Http\\Middleware\\TransformsRequest.php(21): Illuminate\\Pipeline\\Pipeline->Illuminate\\Pipeline\\{closure}(Object(Illuminate\\Http\\Request))
#54 C:\\Users\\Netamind Technology\\Desktop\\netacube\\vendor\\laravel\\framework\\src\\Illuminate\\Foundation\\Http\\Middleware\\ConvertEmptyStringsToNull.php(31): Illuminate\\Foundation\\Http\\Middleware\\TransformsRequest->handle(Object(Illuminate\\Http\\Request), Object(Closure))
#55 C:\\Users\\Netamind Technology\\Desktop\\netacube\\vendor\\laravel\\framework\\src\\Illuminate\\Pipeline\\Pipeline.php(183): Illuminate\\Foundation\\Http\\Middleware\\ConvertEmptyStringsToNull->handle(Object(Illuminate\\Http\\Request), Object(Closure))
#56 C:\\Users\\Netamind Technology\\Desktop\\netacube\\vendor\\laravel\\framework\\src\\Illuminate\\Foundation\\Http\\Middleware\\TransformsRequest.php(21): Illuminate\\Pipeline\\Pipeline->Illuminate\\Pipeline\\{closure}(Object(Illuminate\\Http\\Request))
#57 C:\\Users\\Netamind Technology\\Desktop\\netacube\\vendor\\laravel\\framework\\src\\Illuminate\\Foundation\\Http\\Middleware\\TrimStrings.php(40): Illuminate\\Foundation\\Http\\Middleware\\TransformsRequest->handle(Object(Illuminate\\Http\\Request), Object(Closure))
#58 C:\\Users\\Netamind Technology\\Desktop\\netacube\\vendor\\laravel\\framework\\src\\Illuminate\\Pipeline\\Pipeline.php(183): Illuminate\\Foundation\\Http\\Middleware\\TrimStrings->handle(Object(Illuminate\\Http\\Request), Object(Closure))
#59 C:\\Users\\Netamind Technology\\Desktop\\netacube\\vendor\\laravel\\framework\\src\\Illuminate\\Foundation\\Http\\Middleware\\ValidatePostSize.php(27): Illuminate\\Pipeline\\Pipeline->Illuminate\\Pipeline\\{closure}(Object(Illuminate\\Http\\Request))
#60 C:\\Users\\Netamind Technology\\Desktop\\netacube\\vendor\\laravel\\framework\\src\\Illuminate\\Pipeline\\Pipeline.php(183): Illuminate\\Foundation\\Http\\Middleware\\ValidatePostSize->handle(Object(Illuminate\\Http\\Request), Object(Closure))
#61 C:\\Users\\Netamind Technology\\Desktop\\netacube\\vendor\\laravel\\framework\\src\\Illuminate\\Foundation\\Http\\Middleware\\PreventRequestsDuringMaintenance.php(99): Illuminate\\Pipeline\\Pipeline->Illuminate\\Pipeline\\{closure}(Object(Illuminate\\Http\\Request))
#62 C:\\Users\\Netamind Technology\\Desktop\\netacube\\vendor\\laravel\\framework\\src\\Illuminate\\Pipeline\\Pipeline.php(183): Illuminate\\Foundation\\Http\\Middleware\\PreventRequestsDuringMaintenance->handle(Object(Illuminate\\Http\\Request), Object(Closure))
#63 C:\\Users\\Netamind Technology\\Desktop\\netacube\\vendor\\laravel\\framework\\src\\Illuminate\\Http\\Middleware\\HandleCors.php(49): Illuminate\\Pipeline\\Pipeline->Illuminate\\Pipeline\\{closure}(Object(Illuminate\\Http\\Request))
#64 C:\\Users\\Netamind Technology\\Desktop\\netacube\\vendor\\laravel\\framework\\src\\Illuminate\\Pipeline\\Pipeline.php(183): Illuminate\\Http\\Middleware\\HandleCors->handle(Object(Illuminate\\Http\\Request), Object(Closure))
#65 C:\\Users\\Netamind Technology\\Desktop\\netacube\\vendor\\laravel\\framework\\src\\Illuminate\\Http\\Middleware\\TrustProxies.php(39): Illuminate\\Pipeline\\Pipeline->Illuminate\\Pipeline\\{closure}(Object(Illuminate\\Http\\Request))
#66 C:\\Users\\Netamind Technology\\Desktop\\netacube\\vendor\\laravel\\framework\\src\\Illuminate\\Pipeline\\Pipeline.php(183): Illuminate\\Http\\Middleware\\TrustProxies->handle(Object(Illuminate\\Http\\Request), Object(Closure))
#67 C:\\Users\\Netamind Technology\\Desktop\\netacube\\vendor\\laravel\\framework\\src\\Illuminate\\Pipeline\\Pipeline.php(119): Illuminate\\Pipeline\\Pipeline->Illuminate\\Pipeline\\{closure}(Object(Illuminate\\Http\\Request))
#68 C:\\Users\\Netamind Technology\\Desktop\\netacube\\vendor\\laravel\\framework\\src\\Illuminate\\Foundation\\Http\\Kernel.php(175): Illuminate\\Pipeline\\Pipeline->then(Object(Closure))
#69 C:\\Users\\Netamind Technology\\Desktop\\netacube\\vendor\\laravel\\framework\\src\\Illuminate\\Foundation\\Http\\Kernel.php(144): Illuminate\\Foundation\\Http\\Kernel->sendRequestThroughRouter(Object(Illuminate\\Http\\Request))
#70 C:\\Users\\Netamind Technology\\Desktop\\netacube\\public\\index.php(51): Illuminate\\Foundation\\Http\\Kernel->handle(Object(Illuminate\\Http\\Request))
#71 C:\\Users\\Netamind Technology\\Desktop\\netacube\\vendor\\laravel\\framework\\src\\Illuminate\\Foundation\\resources\\server.php(16): require_once('C:\\\\Users\\\\Netami...')
#72 {main}
"} 
[2026-08-17 09:41:04] local.ERROR: Maximum execution time of 60 seconds exceeded {"exception":"[object] (Symfony\\Component\\ErrorHandler\\Error\\FatalError(code: 0): Maximum execution time of 60 seconds exceeded at C:\\Users\\Netamind Technology\\Desktop\\netacube\\vendor\\laravel\\framework\\src\\Illuminate\\Database\\Connectors\\Connector.php:65)
[stacktrace]
#0 {main}
"} 
[2026-08-22 21:10:37] local.ERROR: View [homedefault] not found. {"view":{"view":"C:\\Users\\Netamind Technology\\Desktop\\netacube\\resources\\views\\website\\homepage.blade.php","data":{"errors":"<pre class=sf-dump id=sf-dump-596064989 data-indent-pad=\"  \"><span class=sf-dump-note>Illuminate\\Support\\ViewErrorBag</span> {<a class=sf-dump-ref>#754</a><samp data-depth=1 class=sf-dump-expanded>
  #<span class=sf-dump-protected title=\"Protected property\">bags</span>: []
</samp>}
</pre><script>Sfdump(\"sf-dump-596064989\", {\"maxDepth\":3,\"maxStringLength\":160})</script>
"}},"exception":"[object] (Spatie\\LaravelIgnition\\Exceptions\\ViewException(code: 0): View [homedefault] not found. at C:\\Users\\Netamind Technology\\Desktop\\netacube\\vendor\\laravel\\framework\\src\\Illuminate\\View\\FileViewFinder.php:137)
[stacktrace]
#0 C:\\Users\\Netamind Technology\\Desktop\\netacube\\vendor\\laravel\\framework\\src\\Illuminate\\View\\FileViewFinder.php(79): Illuminate\\View\\FileViewFinder->findInPaths('homedefault', Array)
#1 C:\\Users\\Netamind Technology\\Desktop\\netacube\\vendor\\laravel\\framework\\src\\Illuminate\\View\\Factory.php(137): Illuminate\\View\\FileViewFinder->find('homedefault')
#2 C:\\Users\\Netamind Technology\\Desktop\\netacube\\vendor\\laravel\\framework\\src\\Illuminate\\Support\\Facades\\Facade.php(355): Illuminate\\View\\Factory->make('homedefault')
#3 C:\\Users\\Netamind Technology\\Desktop\\netacube\\resources\\views\\website\\homepage.blade.php(1013): Illuminate\\Support\\Facades\\Facade::__callStatic('make', Array)
#4 C:\\Users\\Netamind Technology\\Desktop\\netacube\\vendor\\laravel\\framework\\src\\Illuminate\\Filesystem\\Filesystem.php(123): require('C:\\\\Users\\\\Netami...')
#5 C:\\Users\\Netamind Technology\\Desktop\\netacube\\vendor\\laravel\\framework\\src\\Illuminate\\Filesystem\\Filesystem.php(124): Illuminate\\Filesystem\\Filesystem::Illuminate\\Filesystem\\{closure}()
#6 C:\\Users\\Netamind Technology\\Desktop\\netacube\\vendor\\laravel\\framework\\src\\Illuminate\\View\\Engines\\PhpEngine.php(58): Illuminate\\Filesystem\\Filesystem->getRequire('C:\\\\Users\\\\Netami...', Array)
#7 C:\\Users\\Netamind Technology\\Desktop\\netacube\\vendor\\laravel\\framework\\src\\Illuminate\\View\\Engines\\CompilerEngine.php(72): Illuminate\\View\\Engines\\PhpEngine->evaluatePath('C:\\\\Users\\\\Netami...', Array)
#8 C:\\Users\\Netamind Technology\\Desktop\\netacube\\vendor\\laravel\\framework\\src\\Illuminate\\View\\View.php(207): Illuminate\\View\\Engines\\CompilerEngine->get('C:\\\\Users\\\\Netami...', Array)
#9 C:\\Users\\Netamind Technology\\Desktop\\netacube\\vendor\\laravel\\framework\\src\\Illuminate\\View\\View.php(190): Illuminate\\View\\View->getContents()
#10 C:\\Users\\Netamind Technology\\Desktop\\netacube\\vendor\\laravel\\framework\\src\\Illuminate\\View\\View.php(159): Illuminate\\View\\View->renderContents()
#11 C:\\Users\\Netamind Technology\\Desktop\\netacube\\vendor\\laravel\\framework\\src\\Illuminate\\Http\\Response.php(69): Illuminate\\View\\View->render()
#12 C:\\Users\\Netamind Technology\\Desktop\\netacube\\vendor\\laravel\\framework\\src\\Illuminate\\Http\\Response.php(35): Illuminate\\Http\\Response->setContent(Object(Illuminate\\View\\View))
#13 C:\\Users\\Netamind Technology\\Desktop\\netacube\\vendor\\laravel\\framework\\src\\Illuminate\\Routing\\Router.php(918): Illuminate\\Http\\Response->__construct(Object(Illuminate\\View\\View), 200, Array)
#14 C:\\Users\\Netamind Technology\\Desktop\\netacube\\vendor\\laravel\\framework\\src\\Illuminate\\Routing\\Router.php(885): Illuminate\\Routing\\Router::toResponse(Object(Illuminate\\Http\\Request), Object(Illuminate\\View\\View))
#15 C:\\Users\\Netamind Technology\\Desktop\\netacube\\vendor\\laravel\\framework\\src\\Illuminate\\Routing\\Router.php(805): Illuminate\\Routing\\Router->prepareResponse(Object(Illuminate\\Http\\Request), Object(Illuminate\\View\\View))
#16 C:\\Users\\Netamind Technology\\Desktop\\netacube\\vendor\\laravel\\framework\\src\\Illuminate\\Pipeline\\Pipeline.php(144): Illuminate\\Routing\\Router->Illuminate\\Routing\\{closure}(Object(Illuminate\\Http\\Request))
#17 C:\\Users\\Netamind Technology\\Desktop\\netacube\\vendor\\laravel\\framework\\src\\Illuminate\\Routing\\Middleware\\SubstituteBindings.php(50): Illuminate\\Pipeline\\Pipeline->Illuminate\\Pipeline\\{closure}(Object(Illuminate\\Http\\Request))
#18 C:\\Users\\Netamind Technology\\Desktop\\netacube\\vendor\\laravel\\framework\\src\\Illuminate\\Pipeline\\Pipeline.php(183): Illuminate\\Routing\\Middleware\\SubstituteBindings->handle(Object(Illuminate\\Http\\Request), Object(Closure))
#19 C:\\Users\\Netamind Technology\\Desktop\\netacube\\vendor\\laravel\\framework\\src\\Illuminate\\Foundation\\Http\\Middleware\\VerifyCsrfToken.php(78): Illuminate\\Pipeline\\Pipeline->Illuminate\\Pipeline\\{closure}(Object(Illuminate\\Http\\Request))
#20 C:\\Users\\Netamind Technology\\Desktop\\netacube\\vendor\\laravel\\framework\\src\\Illuminate\\Pipeline\\Pipeline.php(183): Illuminate\\Foundation\\Http\\Middleware\\VerifyCsrfToken->handle(Object(Illuminate\\Http\\Request), Object(Closure))
#21 C:\\Users\\Netamind Technology\\Desktop\\netacube\\vendor\\laravel\\framework\\src\\Illuminate\\View\\Middleware\\ShareErrorsFromSession.php(49): Illuminate\\Pipeline\\Pipeline->Illuminate\\Pipeline\\{closure}(Object(Illuminate\\Http\\Request))
#22 C:\\Users\\Netamind Technology\\Desktop\\netacube\\vendor\\laravel\\framework\\src\\Illuminate\\Pipeline\\Pipeline.php(183): Illuminate\\View\\Middleware\\ShareErrorsFromSession->handle(Object(Illuminate\\Http\\Request), Object(Closure))
#23 C:\\Users\\Netamind Technology\\Desktop\\netacube\\vendor\\laravel\\framework\\src\\Illuminate\\Session\\Middleware\\StartSession.php(121): Illuminate\\Pipeline\\Pipeline->Illuminate\\Pipeline\\{closure}(Object(Illuminate\\Http\\Request))
#24 C:\\Users\\Netamind Technology\\Desktop\\netacube\\vendor\\laravel\\framework\\src\\Illuminate\\Session\\Middleware\\StartSession.php(64): Illuminate\\Session\\Middleware\\StartSession->handleStatefulRequest(Object(Illuminate\\Http\\Request), Object(Illuminate\\Session\\Store), Object(Closure))
#25 C:\\Users\\Netamind Technology\\Desktop\\netacube\\vendor\\laravel\\framework\\src\\Illuminate\\Pipeline\\Pipeline.php(183): Illuminate\\Session\\Middleware\\StartSession->handle(Object(Illuminate\\Http\\Request), Object(Closure))
#26 C:\\Users\\Netamind Technology\\Desktop\\netacube\\vendor\\laravel\\framework\\src\\Illuminate\\Cookie\\Middleware\\AddQueuedCookiesToResponse.php(37): Illuminate\\Pipeline\\Pipeline->Illuminate\\Pipeline\\{closure}(Object(Illuminate\\Http\\Request))
#27 C:\\Users\\Netamind Technology\\Desktop\\netacube\\vendor\\laravel\\framework\\src\\Illuminate\\Pipeline\\Pipeline.php(183): Illuminate\\Cookie\\Middleware\\AddQueuedCookiesToResponse->handle(Object(Illuminate\\Http\\Request), Object(Closure))
#28 C:\\Users\\Netamind Technology\\Desktop\\netacube\\vendor\\laravel\\framework\\src\\Illuminate\\Cookie\\Middleware\\EncryptCookies.php(67): Illuminate\\Pipeline\\Pipeline->Illuminate\\Pipeline\\{closure}(Object(Illuminate\\Http\\Request))
#29 C:\\Users\\Netamind Technology\\Desktop\\netacube\\vendor\\laravel\\framework\\src\\Illuminate\\Pipeline\\Pipeline.php(183): Illuminate\\Cookie\\Middleware\\EncryptCookies->handle(Object(Illuminate\\Http\\Request), Object(Closure))
#30 C:\\Users\\Netamind Technology\\Desktop\\netacube\\vendor\\laravel\\framework\\src\\Illuminate\\Pipeline\\Pipeline.php(119): Illuminate\\Pipeline\\Pipeline->Illuminate\\Pipeline\\{closure}(Object(Illuminate\\Http\\Request))
#31 C:\\Users\\Netamind Technology\\Desktop\\netacube\\vendor\\laravel\\framework\\src\\Illuminate\\Routing\\Router.php(805): Illuminate\\Pipeline\\Pipeline->then(Object(Closure))
#32 C:\\Users\\Netamind Technology\\Desktop\\netacube\\vendor\\laravel\\framework\\src\\Illuminate\\Routing\\Router.php(784): Illuminate\\Routing\\Router->runRouteWithinStack(Object(Illuminate\\Routing\\Route), Object(Illuminate\\Http\\Request))
#33 C:\\Users\\Netamind Technology\\Desktop\\netacube\\vendor\\laravel\\framework\\src\\Illuminate\\Routing\\Router.php(748): Illuminate\\Routing\\Router->runRoute(Object(Illuminate\\Http\\Request), Object(Illuminate\\Routing\\Route))
#34 C:\\Users\\Netamind Technology\\Desktop\\netacube\\vendor\\laravel\\framework\\src\\Illuminate\\Routing\\Router.php(737): Illuminate\\Routing\\Router->dispatchToRoute(Object(Illuminate\\Http\\Request))
#35 C:\\Users\\Netamind Technology\\Desktop\\netacube\\vendor\\laravel\\framework\\src\\Illuminate\\Foundation\\Http\\Kernel.php(200): Illuminate\\Routing\\Router->dispatch(Object(Illuminate\\Http\\Request))
#36 C:\\Users\\Netamind Technology\\Desktop\\netacube\\vendor\\laravel\\framework\\src\\Illuminate\\Pipeline\\Pipeline.php(144): Illuminate\\Foundation\\Http\\Kernel->Illuminate\\Foundation\\Http\\{closure}(Object(Illuminate\\Http\\Request))
#37 C:\\Users\\Netamind Technology\\Desktop\\netacube\\vendor\\laravel\\framework\\src\\Illuminate\\Foundation\\Http\\Middleware\\TransformsRequest.php(21): Illuminate\\Pipeline\\Pipeline->Illuminate\\Pipeline\\{closure}(Object(Illuminate\\Http\\Request))
#38 C:\\Users\\Netamind Technology\\Desktop\\netacube\\vendor\\laravel\\framework\\src\\Illuminate\\Foundation\\Http\\Middleware\\ConvertEmptyStringsToNull.php(31): Illuminate\\Foundation\\Http\\Middleware\\TransformsRequest->handle(Object(Illuminate\\Http\\Request), Object(Closure))
#39 C:\\Users\\Netamind Technology\\Desktop\\netacube\\vendor\\laravel\\framework\\src\\Illuminate\\Pipeline\\Pipeline.php(183): Illuminate\\Foundation\\Http\\Middleware\\ConvertEmptyStringsToNull->handle(Object(Illuminate\\Http\\Request), Object(Closure))
#40 C:\\Users\\Netamind Technology\\Desktop\\netacube\\vendor\\laravel\\framework\\src\\Illuminate\\Foundation\\Http\\Middleware\\TransformsRequest.php(21): Illuminate\\Pipeline\\Pipeline->Illuminate\\Pipeline\\{closure}(Object(Illuminate\\Http\\Request))
#41 C:\\Users\\Netamind Technology\\Desktop\\netacube\\vendor\\laravel\\framework\\src\\Illuminate\\Foundation\\Http\\Middleware\\TrimStrings.php(40): Illuminate\\Foundation\\Http\\Middleware\\TransformsRequest->handle(Object(Illuminate\\Http\\Request), Object(Closure))
#42 C:\\Users\\Netamind Technology\\Desktop\\netacube\\vendor\\laravel\\framework\\src\\Illuminate\\Pipeline\\Pipeline.php(183): Illuminate\\Foundation\\Http\\Middleware\\TrimStrings->handle(Object(Illuminate\\Http\\Request), Object(Closure))
#43 C:\\Users\\Netamind Technology\\Desktop\\netacube\\vendor\\laravel\\framework\\src\\Illuminate\\Foundation\\Http\\Middleware\\ValidatePostSize.php(27): Illuminate\\Pipeline\\Pipeline->Illuminate\\Pipeline\\{closure}(Object(Illuminate\\Http\\Request))
#44 C:\\Users\\Netamind Technology\\Desktop\\netacube\\vendor\\laravel\\framework\\src\\Illuminate\\Pipeline\\Pipeline.php(183): Illuminate\\Foundation\\Http\\Middleware\\ValidatePostSize->handle(Object(Illuminate\\Http\\Request), Object(Closure))
#45 C:\\Users\\Netamind Technology\\Desktop\\netacube\\vendor\\laravel\\framework\\src\\Illuminate\\Foundation\\Http\\Middleware\\PreventRequestsDuringMaintenance.php(99): Illuminate\\Pipeline\\Pipeline->Illuminate\\Pipeline\\{closure}(Object(Illuminate\\Http\\Request))
#46 C:\\Users\\Netamind Technology\\Desktop\\netacube\\vendor\\laravel\\framework\\src\\Illuminate\\Pipeline\\Pipeline.php(183): Illuminate\\Foundation\\Http\\Middleware\\PreventRequestsDuringMaintenance->handle(Object(Illuminate\\Http\\Request), Object(Closure))
#47 C:\\Users\\Netamind Technology\\Desktop\\netacube\\vendor\\laravel\\framework\\src\\Illuminate\\Http\\Middleware\\HandleCors.php(49): Illuminate\\Pipeline\\Pipeline->Illuminate\\Pipeline\\{closure}(Object(Illuminate\\Http\\Request))
#48 C:\\Users\\Netamind Technology\\Desktop\\netacube\\vendor\\laravel\\framework\\src\\Illuminate\\Pipeline\\Pipeline.php(183): Illuminate\\Http\\Middleware\\HandleCors->handle(Object(Illuminate\\Http\\Request), Object(Closure))
#49 C:\\Users\\Netamind Technology\\Desktop\\netacube\\vendor\\laravel\\framework\\src\\Illuminate\\Http\\Middleware\\TrustProxies.php(39): Illuminate\\Pipeline\\Pipeline->Illuminate\\Pipeline\\{closure}(Object(Illuminate\\Http\\Request))
#50 C:\\Users\\Netamind Technology\\Desktop\\netacube\\vendor\\laravel\\framework\\src\\Illuminate\\Pipeline\\Pipeline.php(183): Illuminate\\Http\\Middleware\\TrustProxies->handle(Object(Illuminate\\Http\\Request), Object(Closure))
#51 C:\\Users\\Netamind Technology\\Desktop\\netacube\\vendor\\laravel\\framework\\src\\Illuminate\\Pipeline\\Pipeline.php(119): Illuminate\\Pipeline\\Pipeline->Illuminate\\Pipeline\\{closure}(Object(Illuminate\\Http\\Request))
#52 C:\\Users\\Netamind Technology\\Desktop\\netacube\\vendor\\laravel\\framework\\src\\Illuminate\\Foundation\\Http\\Kernel.php(175): Illuminate\\Pipeline\\Pipeline->then(Object(Closure))
#53 C:\\Users\\Netamind Technology\\Desktop\\netacube\\vendor\\laravel\\framework\\src\\Illuminate\\Foundation\\Http\\Kernel.php(144): Illuminate\\Foundation\\Http\\Kernel->sendRequestThroughRouter(Object(Illuminate\\Http\\Request))
#54 C:\\Users\\Netamind Technology\\Desktop\\netacube\\public\\index.php(51): Illuminate\\Foundation\\Http\\Kernel->handle(Object(Illuminate\\Http\\Request))
#55 C:\\Users\\Netamind Technology\\Desktop\\netacube\\vendor\\laravel\\framework\\src\\Illuminate\\Foundation\\resources\\server.php(16): require_once('C:\\\\Users\\\\Netami...')
#56 {main}

[previous exception] [object] (InvalidArgumentException(code: 0): View [homedefault] not found. at C:\\Users\\Netamind Technology\\Desktop\\netacube\\vendor\\laravel\\framework\\src\\Illuminate\\View\\FileViewFinder.php:137)
[stacktrace]
#0 C:\\Users\\Netamind Technology\\Desktop\\netacube\\vendor\\laravel\\framework\\src\\Illuminate\\View\\FileViewFinder.php(79): Illuminate\\View\\FileViewFinder->findInPaths('homedefault', Array)
#1 C:\\Users\\Netamind Technology\\Desktop\\netacube\\vendor\\laravel\\framework\\src\\Illuminate\\View\\Factory.php(137): Illuminate\\View\\FileViewFinder->find('homedefault')
#2 C:\\Users\\Netamind Technology\\Desktop\\netacube\\vendor\\laravel\\framework\\src\\Illuminate\\Support\\Facades\\Facade.php(355): Illuminate\\View\\Factory->make('homedefault')
#3 C:\\Users\\Netamind Technology\\Desktop\\netacube\\storage\\framework\\views\\07108ada5dcd05b931e0b561a922dd29.php(1013): Illuminate\\Support\\Facades\\Facade::__callStatic('make', Array)
#4 C:\\Users\\Netamind Technology\\Desktop\\netacube\\vendor\\laravel\\framework\\src\\Illuminate\\Filesystem\\Filesystem.php(123): require('C:\\\\Users\\\\Netami...')
#5 C:\\Users\\Netamind Technology\\Desktop\\netacube\\vendor\\laravel\\framework\\src\\Illuminate\\Filesystem\\Filesystem.php(124): Illuminate\\Filesystem\\Filesystem::Illuminate\\Filesystem\\{closure}()
#6 C:\\Users\\Netamind Technology\\Desktop\\netacube\\vendor\\laravel\\framework\\src\\Illuminate\\View\\Engines\\PhpEngine.php(58): Illuminate\\Filesystem\\Filesystem->getRequire('C:\\\\Users\\\\Netami...', Array)
#7 C:\\Users\\Netamind Technology\\Desktop\\netacube\\vendor\\laravel\\framework\\src\\Illuminate\\View\\Engines\\CompilerEngine.php(72): Illuminate\\View\\Engines\\PhpEngine->evaluatePath('C:\\\\Users\\\\Netami...', Array)
#8 C:\\Users\\Netamind Technology\\Desktop\\netacube\\vendor\\laravel\\framework\\src\\Illuminate\\View\\View.php(207): Illuminate\\View\\Engines\\CompilerEngine->get('C:\\\\Users\\\\Netami...', Array)
#9 C:\\Users\\Netamind Technology\\Desktop\\netacube\\vendor\\laravel\\framework\\src\\Illuminate\\View\\View.php(190): Illuminate\\View\\View->getContents()
#10 C:\\Users\\Netamind Technology\\Desktop\\netacube\\vendor\\laravel\\framework\\src\\Illuminate\\View\\View.php(159): Illuminate\\View\\View->renderContents()
#11 C:\\Users\\Netamind Technology\\Desktop\\netacube\\vendor\\laravel\\framework\\src\\Illuminate\\Http\\Response.php(69): Illuminate\\View\\View->render()
#12 C:\\Users\\Netamind Technology\\Desktop\\netacube\\vendor\\laravel\\framework\\src\\Illuminate\\Http\\Response.php(35): Illuminate\\Http\\Response->setContent(Object(Illuminate\\View\\View))
#13 C:\\Users\\Netamind Technology\\Desktop\\netacube\\vendor\\laravel\\framework\\src\\Illuminate\\Routing\\Router.php(918): Illuminate\\Http\\Response->__construct(Object(Illuminate\\View\\View), 200, Array)
#14 C:\\Users\\Netamind Technology\\Desktop\\netacube\\vendor\\laravel\\framework\\src\\Illuminate\\Routing\\Router.php(885): Illuminate\\Routing\\Router::toResponse(Object(Illuminate\\Http\\Request), Object(Illuminate\\View\\View))
#15 C:\\Users\\Netamind Technology\\Desktop\\netacube\\vendor\\laravel\\framework\\src\\Illuminate\\Routing\\Router.php(805): Illuminate\\Routing\\Router->prepareResponse(Object(Illuminate\\Http\\Request), Object(Illuminate\\View\\View))
#16 C:\\Users\\Netamind Technology\\Desktop\\netacube\\vendor\\laravel\\framework\\src\\Illuminate\\Pipeline\\Pipeline.php(144): Illuminate\\Routing\\Router->Illuminate\\Routing\\{closure}(Object(Illuminate\\Http\\Request))
#17 C:\\Users\\Netamind Technology\\Desktop\\netacube\\vendor\\laravel\\framework\\src\\Illuminate\\Routing\\Middleware\\SubstituteBindings.php(50): Illuminate\\Pipeline\\Pipeline->Illuminate\\Pipeline\\{closure}(Object(Illuminate\\Http\\Request))
#18 C:\\Users\\Netamind Technology\\Desktop\\netacube\\vendor\\laravel\\framework\\src\\Illuminate\\Pipeline\\Pipeline.php(183): Illuminate\\Routing\\Middleware\\SubstituteBindings->handle(Object(Illuminate\\Http\\Request), Object(Closure))
#19 C:\\Users\\Netamind Technology\\Desktop\\netacube\\vendor\\laravel\\framework\\src\\Illuminate\\Foundation\\Http\\Middleware\\VerifyCsrfToken.php(78): Illuminate\\Pipeline\\Pipeline->Illuminate\\Pipeline\\{closure}(Object(Illuminate\\Http\\Request))
#20 C:\\Users\\Netamind Technology\\Desktop\\netacube\\vendor\\laravel\\framework\\src\\Illuminate\\Pipeline\\Pipeline.php(183): Illuminate\\Foundation\\Http\\Middleware\\VerifyCsrfToken->handle(Object(Illuminate\\Http\\Request), Object(Closure))
#21 C:\\Users\\Netamind Technology\\Desktop\\netacube\\vendor\\laravel\\framework\\src\\Illuminate\\View\\Middleware\\ShareErrorsFromSession.php(49): Illuminate\\Pipeline\\Pipeline->Illuminate\\Pipeline\\{closure}(Object(Illuminate\\Http\\Request))
#22 C:\\Users\\Netamind Technology\\Desktop\\netacube\\vendor\\laravel\\framework\\src\\Illuminate\\Pipeline\\Pipeline.php(183): Illuminate\\View\\Middleware\\ShareErrorsFromSession->handle(Object(Illuminate\\Http\\Request), Object(Closure))
#23 C:\\Users\\Netamind Technology\\Desktop\\netacube\\vendor\\laravel\\framework\\src\\Illuminate\\Session\\Middleware\\StartSession.php(121): Illuminate\\Pipeline\\Pipeline->Illuminate\\Pipeline\\{closure}(Object(Illuminate\\Http\\Request))
#24 C:\\Users\\Netamind Technology\\Desktop\\netacube\\vendor\\laravel\\framework\\src\\Illuminate\\Session\\Middleware\\StartSession.php(64): Illuminate\\Session\\Middleware\\StartSession->handleStatefulRequest(Object(Illuminate\\Http\\Request), Object(Illuminate\\Session\\Store), Object(Closure))
#25 C:\\Users\\Netamind Technology\\Desktop\\netacube\\vendor\\laravel\\framework\\src\\Illuminate\\Pipeline\\Pipeline.php(183): Illuminate\\Session\\Middleware\\StartSession->handle(Object(Illuminate\\Http\\Request), Object(Closure))
#26 C:\\Users\\Netamind Technology\\Desktop\\netacube\\vendor\\laravel\\framework\\src\\Illuminate\\Cookie\\Middleware\\AddQueuedCookiesToResponse.php(37): Illuminate\\Pipeline\\Pipeline->Illuminate\\Pipeline\\{closure}(Object(Illuminate\\Http\\Request))
#27 C:\\Users\\Netamind Technology\\Desktop\\netacube\\vendor\\laravel\\framework\\src\\Illuminate\\Pipeline\\Pipeline.php(183): Illuminate\\Cookie\\Middleware\\AddQueuedCookiesToResponse->handle(Object(Illuminate\\Http\\Request), Object(Closure))
#28 C:\\Users\\Netamind Technology\\Desktop\\netacube\\vendor\\laravel\\framework\\src\\Illuminate\\Cookie\\Middleware\\EncryptCookies.php(67): Illuminate\\Pipeline\\Pipeline->Illuminate\\Pipeline\\{closure}(Object(Illuminate\\Http\\Request))
#29 C:\\Users\\Netamind Technology\\Desktop\\netacube\\vendor\\laravel\\framework\\src\\Illuminate\\Pipeline\\Pipeline.php(183): Illuminate\\Cookie\\Middleware\\EncryptCookies->handle(Object(Illuminate\\Http\\Request), Object(Closure))
#30 C:\\Users\\Netamind Technology\\Desktop\\netacube\\vendor\\laravel\\framework\\src\\Illuminate\\Pipeline\\Pipeline.php(119): Illuminate\\Pipeline\\Pipeline->Illuminate\\Pipeline\\{closure}(Object(Illuminate\\Http\\Request))
#31 C:\\Users\\Netamind Technology\\Desktop\\netacube\\vendor\\laravel\\framework\\src\\Illuminate\\Routing\\Router.php(805): Illuminate\\Pipeline\\Pipeline->then(Object(Closure))
#32 C:\\Users\\Netamind Technology\\Desktop\\netacube\\vendor\\laravel\\framework\\src\\Illuminate\\Routing\\Router.php(784): Illuminate\\Routing\\Router->runRouteWithinStack(Object(Illuminate\\Routing\\Route), Object(Illuminate\\Http\\Request))
#33 C:\\Users\\Netamind Technology\\Desktop\\netacube\\vendor\\laravel\\framework\\src\\Illuminate\\Routing\\Router.php(748): Illuminate\\Routing\\Router->runRoute(Object(Illuminate\\Http\\Request), Object(Illuminate\\Routing\\Route))
#34 C:\\Users\\Netamind Technology\\Desktop\\netacube\\vendor\\laravel\\framework\\src\\Illuminate\\Routing\\Router.php(737): Illuminate\\Routing\\Router->dispatchToRoute(Object(Illuminate\\Http\\Request))
#35 C:\\Users\\Netamind Technology\\Desktop\\netacube\\vendor\\laravel\\framework\\src\\Illuminate\\Foundation\\Http\\Kernel.php(200): Illuminate\\Routing\\Router->dispatch(Object(Illuminate\\Http\\Request))
#36 C:\\Users\\Netamind Technology\\Desktop\\netacube\\vendor\\laravel\\framework\\src\\Illuminate\\Pipeline\\Pipeline.php(144): Illuminate\\Foundation\\Http\\Kernel->Illuminate\\Foundation\\Http\\{closure}(Object(Illuminate\\Http\\Request))
#37 C:\\Users\\Netamind Technology\\Desktop\\netacube\\vendor\\laravel\\framework\\src\\Illuminate\\Foundation\\Http\\Middleware\\TransformsRequest.php(21): Illuminate\\Pipeline\\Pipeline->Illuminate\\Pipeline\\{closure}(Object(Illuminate\\Http\\Request))
#38 C:\\Users\\Netamind Technology\\Desktop\\netacube\\vendor\\laravel\\framework\\src\\Illuminate\\Foundation\\Http\\Middleware\\ConvertEmptyStringsToNull.php(31): Illuminate\\Foundation\\Http\\Middleware\\TransformsRequest->handle(Object(Illuminate\\Http\\Request), Object(Closure))
#39 C:\\Users\\Netamind Technology\\Desktop\\netacube\\vendor\\laravel\\framework\\src\\Illuminate\\Pipeline\\Pipeline.php(183): Illuminate\\Foundation\\Http\\Middleware\\ConvertEmptyStringsToNull->handle(Object(Illuminate\\Http\\Request), Object(Closure))
#40 C:\\Users\\Netamind Technology\\Desktop\\netacube\\vendor\\laravel\\framework\\src\\Illuminate\\Foundation\\Http\\Middleware\\TransformsRequest.php(21): Illuminate\\Pipeline\\Pipeline->Illuminate\\Pipeline\\{closure}(Object(Illuminate\\Http\\Request))
#41 C:\\Users\\Netamind Technology\\Desktop\\netacube\\vendor\\laravel\\framework\\src\\Illuminate\\Foundation\\Http\\Middleware\\TrimStrings.php(40): Illuminate\\Foundation\\Http\\Middleware\\TransformsRequest->handle(Object(Illuminate\\Http\\Request), Object(Closure))
#42 C:\\Users\\Netamind Technology\\Desktop\\netacube\\vendor\\laravel\\framework\\src\\Illuminate\\Pipeline\\Pipeline.php(183): Illuminate\\Foundation\\Http\\Middleware\\TrimStrings->handle(Object(Illuminate\\Http\\Request), Object(Closure))
#43 C:\\Users\\Netamind Technology\\Desktop\\netacube\\vendor\\laravel\\framework\\src\\Illuminate\\Foundation\\Http\\Middleware\\ValidatePostSize.php(27): Illuminate\\Pipeline\\Pipeline->Illuminate\\Pipeline\\{closure}(Object(Illuminate\\Http\\Request))
#44 C:\\Users\\Netamind Technology\\Desktop\\netacube\\vendor\\laravel\\framework\\src\\Illuminate\\Pipeline\\Pipeline.php(183): Illuminate\\Foundation\\Http\\Middleware\\ValidatePostSize->handle(Object(Illuminate\\Http\\Request), Object(Closure))
#45 C:\\Users\\Netamind Technology\\Desktop\\netacube\\vendor\\laravel\\framework\\src\\Illuminate\\Foundation\\Http\\Middleware\\PreventRequestsDuringMaintenance.php(99): Illuminate\\Pipeline\\Pipeline->Illuminate\\Pipeline\\{closure}(Object(Illuminate\\Http\\Request))
#46 C:\\Users\\Netamind Technology\\Desktop\\netacube\\vendor\\laravel\\framework\\src\\Illuminate\\Pipeline\\Pipeline.php(183): Illuminate\\Foundation\\Http\\Middleware\\PreventRequestsDuringMaintenance->handle(Object(Illuminate\\Http\\Request), Object(Closure))
#47 C:\\Users\\Netamind Technology\\Desktop\\netacube\\vendor\\laravel\\framework\\src\\Illuminate\\Http\\Middleware\\HandleCors.php(49): Illuminate\\Pipeline\\Pipeline->Illuminate\\Pipeline\\{closure}(Object(Illuminate\\Http\\Request))
#48 C:\\Users\\Netamind Technology\\Desktop\\netacube\\vendor\\laravel\\framework\\src\\Illuminate\\Pipeline\\Pipeline.php(183): Illuminate\\Http\\Middleware\\HandleCors->handle(Object(Illuminate\\Http\\Request), Object(Closure))
#49 C:\\Users\\Netamind Technology\\Desktop\\netacube\\vendor\\laravel\\framework\\src\\Illuminate\\Http\\Middleware\\TrustProxies.php(39): Illuminate\\Pipeline\\Pipeline->Illuminate\\Pipeline\\{closure}(Object(Illuminate\\Http\\Request))
#50 C:\\Users\\Netamind Technology\\Desktop\\netacube\\vendor\\laravel\\framework\\src\\Illuminate\\Pipeline\\Pipeline.php(183): Illuminate\\Http\\Middleware\\TrustProxies->handle(Object(Illuminate\\Http\\Request), Object(Closure))
#51 C:\\Users\\Netamind Technology\\Desktop\\netacube\\vendor\\laravel\\framework\\src\\Illuminate\\Pipeline\\Pipeline.php(119): Illuminate\\Pipeline\\Pipeline->Illuminate\\Pipeline\\{closure}(Object(Illuminate\\Http\\Request))
#52 C:\\Users\\Netamind Technology\\Desktop\\netacube\\vendor\\laravel\\framework\\src\\Illuminate\\Foundation\\Http\\Kernel.php(175): Illuminate\\Pipeline\\Pipeline->then(Object(Closure))
#53 C:\\Users\\Netamind Technology\\Desktop\\netacube\\vendor\\laravel\\framework\\src\\Illuminate\\Foundation\\Http\\Kernel.php(144): Illuminate\\Foundation\\Http\\Kernel->sendRequestThroughRouter(Object(Illuminate\\Http\\Request))
#54 C:\\Users\\Netamind Technology\\Desktop\\netacube\\public\\index.php(51): Illuminate\\Foundation\\Http\\Kernel->handle(Object(Illuminate\\Http\\Request))
#55 C:\\Users\\Netamind Technology\\Desktop\\netacube\\vendor\\laravel\\framework\\src\\Illuminate\\Foundation\\resources\\server.php(16): require_once('C:\\\\Users\\\\Netami...')
#56 {main}
"} 
[2026-08-22 23:04:13] local.ERROR: View [website.helpcenter.faq] not found. {"exception":"[object] (InvalidArgumentException(code: 0): View [website.helpcenter.faq] not found. at C:\\Users\\Netamind Technology\\Desktop\\netacube\\vendor\\laravel\\framework\\src\\Illuminate\\View\\FileViewFinder.php:137)
[stacktrace]
#0 C:\\Users\\Netamind Technology\\Desktop\\netacube\\vendor\\laravel\\framework\\src\\Illuminate\\View\\FileViewFinder.php(79): Illuminate\\View\\FileViewFinder->findInPaths('website.helpcen...', Array)
#1 C:\\Users\\Netamind Technology\\Desktop\\netacube\\vendor\\laravel\\framework\\src\\Illuminate\\View\\Factory.php(137): Illuminate\\View\\FileViewFinder->find('website.helpcen...')
#2 C:\\Users\\Netamind Technology\\Desktop\\netacube\\vendor\\laravel\\framework\\src\\Illuminate\\Foundation\\helpers.php(1020): Illuminate\\View\\Factory->make('website.helpcen...', Array, Array)
#3 C:\\Users\\Netamind Technology\\Desktop\\netacube\\app\\Http\\Controllers\\Website\\WebsiteController.php(63): view('website.helpcen...')
#4 C:\\Users\\Netamind Technology\\Desktop\\netacube\\vendor\\laravel\\framework\\src\\Illuminate\\Routing\\Controller.php(54): App\\Http\\Controllers\\Website\\WebsiteController->showHelpcenterFaqView()
#5 C:\\Users\\Netamind Technology\\Desktop\\netacube\\vendor\\laravel\\framework\\src\\Illuminate\\Routing\\ControllerDispatcher.php(43): Illuminate\\Routing\\Controller->callAction('showHelpcenterF...', Array)
#6 C:\\Users\\Netamind Technology\\Desktop\\netacube\\vendor\\laravel\\framework\\src\\Illuminate\\Routing\\Route.php(259): Illuminate\\Routing\\ControllerDispatcher->dispatch(Object(Illuminate\\Routing\\Route), Object(App\\Http\\Controllers\\Website\\WebsiteController), 'showHelpcenterF...')
#7 C:\\Users\\Netamind Technology\\Desktop\\netacube\\vendor\\laravel\\framework\\src\\Illuminate\\Routing\\Route.php(205): Illuminate\\Routing\\Route->runController()
#8 C:\\Users\\Netamind Technology\\Desktop\\netacube\\vendor\\laravel\\framework\\src\\Illuminate\\Routing\\Router.php(806): Illuminate\\Routing\\Route->run()
#9 C:\\Users\\Netamind Technology\\Desktop\\netacube\\vendor\\laravel\\framework\\src\\Illuminate\\Pipeline\\Pipeline.php(144): Illuminate\\Routing\\Router->Illuminate\\Routing\\{closure}(Object(Illuminate\\Http\\Request))
#10 C:\\Users\\Netamind Technology\\Desktop\\netacube\\vendor\\laravel\\framework\\src\\Illuminate\\Routing\\Middleware\\SubstituteBindings.php(50): Illuminate\\Pipeline\\Pipeline->Illuminate\\Pipeline\\{closure}(Object(Illuminate\\Http\\Request))
#11 C:\\Users\\Netamind Technology\\Desktop\\netacube\\vendor\\laravel\\framework\\src\\Illuminate\\Pipeline\\Pipeline.php(183): Illuminate\\Routing\\Middleware\\SubstituteBindings->handle(Object(Illuminate\\Http\\Request), Object(Closure))
#12 C:\\Users\\Netamind Technology\\Desktop\\netacube\\vendor\\laravel\\framework\\src\\Illuminate\\Foundation\\Http\\Middleware\\VerifyCsrfToken.php(78): Illuminate\\Pipeline\\Pipeline->Illuminate\\Pipeline\\{closure}(Object(Illuminate\\Http\\Request))
#13 C:\\Users\\Netamind Technology\\Desktop\\netacube\\vendor\\laravel\\framework\\src\\Illuminate\\Pipeline\\Pipeline.php(183): Illuminate\\Foundation\\Http\\Middleware\\VerifyCsrfToken->handle(Object(Illuminate\\Http\\Request), Object(Closure))
#14 C:\\Users\\Netamind Technology\\Desktop\\netacube\\vendor\\laravel\\framework\\src\\Illuminate\\View\\Middleware\\ShareErrorsFromSession.php(49): Illuminate\\Pipeline\\Pipeline->Illuminate\\Pipeline\\{closure}(Object(Illuminate\\Http\\Request))
#15 C:\\Users\\Netamind Technology\\Desktop\\netacube\\vendor\\laravel\\framework\\src\\Illuminate\\Pipeline\\Pipeline.php(183): Illuminate\\View\\Middleware\\ShareErrorsFromSession->handle(Object(Illuminate\\Http\\Request), Object(Closure))
#16 C:\\Users\\Netamind Technology\\Desktop\\netacube\\vendor\\laravel\\framework\\src\\Illuminate\\Session\\Middleware\\StartSession.php(121): Illuminate\\Pipeline\\Pipeline->Illuminate\\Pipeline\\{closure}(Object(Illuminate\\Http\\Request))
#17 C:\\Users\\Netamind Technology\\Desktop\\netacube\\vendor\\laravel\\framework\\src\\Illuminate\\Session\\Middleware\\StartSession.php(64): Illuminate\\Session\\Middleware\\StartSession->handleStatefulRequest(Object(Illuminate\\Http\\Request), Object(Illuminate\\Session\\Store), Object(Closure))
#18 C:\\Users\\Netamind Technology\\Desktop\\netacube\\vendor\\laravel\\framework\\src\\Illuminate\\Pipeline\\Pipeline.php(183): Illuminate\\Session\\Middleware\\StartSession->handle(Object(Illuminate\\Http\\Request), Object(Closure))
#19 C:\\Users\\Netamind Technology\\Desktop\\netacube\\vendor\\laravel\\framework\\src\\Illuminate\\Cookie\\Middleware\\AddQueuedCookiesToResponse.php(37): Illuminate\\Pipeline\\Pipeline->Illuminate\\Pipeline\\{closure}(Object(Illuminate\\Http\\Request))
#20 C:\\Users\\Netamind Technology\\Desktop\\netacube\\vendor\\laravel\\framework\\src\\Illuminate\\Pipeline\\Pipeline.php(183): Illuminate\\Cookie\\Middleware\\AddQueuedCookiesToResponse->handle(Object(Illuminate\\Http\\Request), Object(Closure))
#21 C:\\Users\\Netamind Technology\\Desktop\\netacube\\vendor\\laravel\\framework\\src\\Illuminate\\Cookie\\Middleware\\EncryptCookies.php(67): Illuminate\\Pipeline\\Pipeline->Illuminate\\Pipeline\\{closure}(Object(Illuminate\\Http\\Request))
#22 C:\\Users\\Netamind Technology\\Desktop\\netacube\\vendor\\laravel\\framework\\src\\Illuminate\\Pipeline\\Pipeline.php(183): Illuminate\\Cookie\\Middleware\\EncryptCookies->handle(Object(Illuminate\\Http\\Request), Object(Closure))
#23 C:\\Users\\Netamind Technology\\Desktop\\netacube\\vendor\\laravel\\framework\\src\\Illuminate\\Pipeline\\Pipeline.php(119): Illuminate\\Pipeline\\Pipeline->Illuminate\\Pipeline\\{closure}(Object(Illuminate\\Http\\Request))
#24 C:\\Users\\Netamind Technology\\Desktop\\netacube\\vendor\\laravel\\framework\\src\\Illuminate\\Routing\\Router.php(805): Illuminate\\Pipeline\\Pipeline->then(Object(Closure))
#25 C:\\Users\\Netamind Technology\\Desktop\\netacube\\vendor\\laravel\\framework\\src\\Illuminate\\Routing\\Router.php(784): Illuminate\\Routing\\Router->runRouteWithinStack(Object(Illuminate\\Routing\\Route), Object(Illuminate\\Http\\Request))
#26 C:\\Users\\Netamind Technology\\Desktop\\netacube\\vendor\\laravel\\framework\\src\\Illuminate\\Routing\\Router.php(748): Illuminate\\Routing\\Router->runRoute(Object(Illuminate\\Http\\Request), Object(Illuminate\\Routing\\Route))
#27 C:\\Users\\Netamind Technology\\Desktop\\netacube\\vendor\\laravel\\framework\\src\\Illuminate\\Routing\\Router.php(737): Illuminate\\Routing\\Router->dispatchToRoute(Object(Illuminate\\Http\\Request))
#28 C:\\Users\\Netamind Technology\\Desktop\\netacube\\vendor\\laravel\\framework\\src\\Illuminate\\Foundation\\Http\\Kernel.php(200): Illuminate\\Routing\\Router->dispatch(Object(Illuminate\\Http\\Request))
#29 C:\\Users\\Netamind Technology\\Desktop\\netacube\\vendor\\laravel\\framework\\src\\Illuminate\\Pipeline\\Pipeline.php(144): Illuminate\\Foundation\\Http\\Kernel->Illuminate\\Foundation\\Http\\{closure}(Object(Illuminate\\Http\\Request))
#30 C:\\Users\\Netamind Technology\\Desktop\\netacube\\vendor\\laravel\\framework\\src\\Illuminate\\Foundation\\Http\\Middleware\\TransformsRequest.php(21): Illuminate\\Pipeline\\Pipeline->Illuminate\\Pipeline\\{closure}(Object(Illuminate\\Http\\Request))
#31 C:\\Users\\Netamind Technology\\Desktop\\netacube\\vendor\\laravel\\framework\\src\\Illuminate\\Foundation\\Http\\Middleware\\ConvertEmptyStringsToNull.php(31): Illuminate\\Foundation\\Http\\Middleware\\TransformsRequest->handle(Object(Illuminate\\Http\\Request), Object(Closure))
#32 C:\\Users\\Netamind Technology\\Desktop\\netacube\\vendor\\laravel\\framework\\src\\Illuminate\\Pipeline\\Pipeline.php(183): Illuminate\\Foundation\\Http\\Middleware\\ConvertEmptyStringsToNull->handle(Object(Illuminate\\Http\\Request), Object(Closure))
#33 C:\\Users\\Netamind Technology\\Desktop\\netacube\\vendor\\laravel\\framework\\src\\Illuminate\\Foundation\\Http\\Middleware\\TransformsRequest.php(21): Illuminate\\Pipeline\\Pipeline->Illuminate\\Pipeline\\{closure}(Object(Illuminate\\Http\\Request))
#34 C:\\Users\\Netamind Technology\\Desktop\\netacube\\vendor\\laravel\\framework\\src\\Illuminate\\Foundation\\Http\\Middleware\\TrimStrings.php(40): Illuminate\\Foundation\\Http\\Middleware\\TransformsRequest->handle(Object(Illuminate\\Http\\Request), Object(Closure))
#35 C:\\Users\\Netamind Technology\\Desktop\\netacube\\vendor\\laravel\\framework\\src\\Illuminate\\Pipeline\\Pipeline.php(183): Illuminate\\Foundation\\Http\\Middleware\\TrimStrings->handle(Object(Illuminate\\Http\\Request), Object(Closure))
#36 C:\\Users\\Netamind Technology\\Desktop\\netacube\\vendor\\laravel\\framework\\src\\Illuminate\\Foundation\\Http\\Middleware\\ValidatePostSize.php(27): Illuminate\\Pipeline\\Pipeline->Illuminate\\Pipeline\\{closure}(Object(Illuminate\\Http\\Request))
#37 C:\\Users\\Netamind Technology\\Desktop\\netacube\\vendor\\laravel\\framework\\src\\Illuminate\\Pipeline\\Pipeline.php(183): Illuminate\\Foundation\\Http\\Middleware\\ValidatePostSize->handle(Object(Illuminate\\Http\\Request), Object(Closure))
#38 C:\\Users\\Netamind Technology\\Desktop\\netacube\\vendor\\laravel\\framework\\src\\Illuminate\\Foundation\\Http\\Middleware\\PreventRequestsDuringMaintenance.php(99): Illuminate\\Pipeline\\Pipeline->Illuminate\\Pipeline\\{closure}(Object(Illuminate\\Http\\Request))
#39 C:\\Users\\Netamind Technology\\Desktop\\netacube\\vendor\\laravel\\framework\\src\\Illuminate\\Pipeline\\Pipeline.php(183): Illuminate\\Foundation\\Http\\Middleware\\PreventRequestsDuringMaintenance->handle(Object(Illuminate\\Http\\Request), Object(Closure))
#40 C:\\Users\\Netamind Technology\\Desktop\\netacube\\vendor\\laravel\\framework\\src\\Illuminate\\Http\\Middleware\\HandleCors.php(49): Illuminate\\Pipeline\\Pipeline->Illuminate\\Pipeline\\{closure}(Object(Illuminate\\Http\\Request))
#41 C:\\Users\\Netamind Technology\\Desktop\\netacube\\vendor\\laravel\\framework\\src\\Illuminate\\Pipeline\\Pipeline.php(183): Illuminate\\Http\\Middleware\\HandleCors->handle(Object(Illuminate\\Http\\Request), Object(Closure))
#42 C:\\Users\\Netamind Technology\\Desktop\\netacube\\vendor\\laravel\\framework\\src\\Illuminate\\Http\\Middleware\\TrustProxies.php(39): Illuminate\\Pipeline\\Pipeline->Illuminate\\Pipeline\\{closure}(Object(Illuminate\\Http\\Request))
#43 C:\\Users\\Netamind Technology\\Desktop\\netacube\\vendor\\laravel\\framework\\src\\Illuminate\\Pipeline\\Pipeline.php(183): Illuminate\\Http\\Middleware\\TrustProxies->handle(Object(Illuminate\\Http\\Request), Object(Closure))
#44 C:\\Users\\Netamind Technology\\Desktop\\netacube\\vendor\\laravel\\framework\\src\\Illuminate\\Pipeline\\Pipeline.php(119): Illuminate\\Pipeline\\Pipeline->Illuminate\\Pipeline\\{closure}(Object(Illuminate\\Http\\Request))
#45 C:\\Users\\Netamind Technology\\Desktop\\netacube\\vendor\\laravel\\framework\\src\\Illuminate\\Foundation\\Http\\Kernel.php(175): Illuminate\\Pipeline\\Pipeline->then(Object(Closure))
#46 C:\\Users\\Netamind Technology\\Desktop\\netacube\\vendor\\laravel\\framework\\src\\Illuminate\\Foundation\\Http\\Kernel.php(144): Illuminate\\Foundation\\Http\\Kernel->sendRequestThroughRouter(Object(Illuminate\\Http\\Request))
#47 C:\\Users\\Netamind Technology\\Desktop\\netacube\\public\\index.php(51): Illuminate\\Foundation\\Http\\Kernel->handle(Object(Illuminate\\Http\\Request))
#48 C:\\Users\\Netamind Technology\\Desktop\\netacube\\vendor\\laravel\\framework\\src\\Illuminate\\Foundation\\resources\\server.php(16): require_once('C:\\\\Users\\\\Netami...')
#49 {main}
"} 
[2026-08-23 09:29:38] local.ERROR: SQLSTATE[HY000] [2002] No connection could be made because the target machine actively refused it (Connection: mysql, SQL: select * from `tenants` where `client_url` = noveta limit 1) {"exception":"[object] (Illuminate\\Database\\QueryException(code: 2002): SQLSTATE[HY000] [2002] No connection could be made because the target machine actively refused it (Connection: mysql, SQL: select * from `tenants` where `client_url` = noveta limit 1) at C:\\Users\\Netamind Technology\\Desktop\\netacube\\vendor\\laravel\\framework\\src\\Illuminate\\Database\\Connection.php:829)
[stacktrace]
#0 C:\\Users\\Netamind Technology\\Desktop\\netacube\\vendor\\laravel\\framework\\src\\Illuminate\\Database\\Connection.php(983): Illuminate\\Database\\Connection->runQueryCallback('select * from `...', Array, Object(Closure))
#1 C:\\Users\\Netamind Technology\\Desktop\\netacube\\vendor\\laravel\\framework\\src\\Illuminate\\Database\\Connection.php(962): Illuminate\\Database\\Connection->tryAgainIfCausedByLostConnection(Object(Illuminate\\Database\\QueryException), 'select * from `...', Array, Object(Closure))
#2 C:\\Users\\Netamind Technology\\Desktop\\netacube\\vendor\\laravel\\framework\\src\\Illuminate\\Database\\Connection.php(785): Illuminate\\Database\\Connection->handleQueryException(Object(Illuminate\\Database\\QueryException), 'select * from `...', Array, Object(Closure))
#3 C:\\Users\\Netamind Technology\\Desktop\\netacube\\vendor\\laravel\\framework\\src\\Illuminate\\Database\\Connection.php(414): Illuminate\\Database\\Connection->run('select * from `...', Array, Object(Closure))
#4 C:\\Users\\Netamind Technology\\Desktop\\netacube\\vendor\\laravel\\framework\\src\\Illuminate\\Database\\Query\\Builder.php(2913): Illuminate\\Database\\Connection->select('select * from `...', Array, true)
#5 C:\\Users\\Netamind Technology\\Desktop\\netacube\\vendor\\laravel\\framework\\src\\Illuminate\\Database\\Query\\Builder.php(2902): Illuminate\\Database\\Query\\Builder->runSelect()
#6 C:\\Users\\Netamind Technology\\Desktop\\netacube\\vendor\\laravel\\framework\\src\\Illuminate\\Database\\Query\\Builder.php(3456): Illuminate\\Database\\Query\\Builder->Illuminate\\Database\\Query\\{closure}()
#7 C:\\Users\\Netamind Technology\\Desktop\\netacube\\vendor\\laravel\\framework\\src\\Illuminate\\Database\\Query\\Builder.php(2901): Illuminate\\Database\\Query\\Builder->onceWithColumns(Array, Object(Closure))
#8 C:\\Users\\Netamind Technology\\Desktop\\netacube\\vendor\\laravel\\framework\\src\\Illuminate\\Database\\Eloquent\\Builder.php(739): Illuminate\\Database\\Query\\Builder->get(Array)
#9 C:\\Users\\Netamind Technology\\Desktop\\netacube\\vendor\\laravel\\framework\\src\\Illuminate\\Database\\Eloquent\\Builder.php(723): Illuminate\\Database\\Eloquent\\Builder->getModels(Array)
#10 C:\\Users\\Netamind Technology\\Desktop\\netacube\\vendor\\laravel\\framework\\src\\Illuminate\\Database\\Concerns\\BuildsQueries.php(333): Illuminate\\Database\\Eloquent\\Builder->get(Array)
#11 C:\\Users\\Netamind Technology\\Desktop\\netacube\\app\\Http\\Middleware\\InitializeTenancyByPath.php(25): Illuminate\\Database\\Eloquent\\Builder->first()
#12 C:\\Users\\Netamind Technology\\Desktop\\netacube\\vendor\\laravel\\framework\\src\\Illuminate\\Pipeline\\Pipeline.php(183): App\\Http\\Middleware\\InitializeTenancyByPath->handle(Object(Illuminate\\Http\\Request), Object(Closure))
#13 C:\\Users\\Netamind Technology\\Desktop\\netacube\\vendor\\laravel\\framework\\src\\Illuminate\\Routing\\Middleware\\SubstituteBindings.php(50): Illuminate\\Pipeline\\Pipeline->Illuminate\\Pipeline\\{closure}(Object(Illuminate\\Http\\Request))
#14 C:\\Users\\Netamind Technology\\Desktop\\netacube\\vendor\\laravel\\framework\\src\\Illuminate\\Pipeline\\Pipeline.php(183): Illuminate\\Routing\\Middleware\\SubstituteBindings->handle(Object(Illuminate\\Http\\Request), Object(Closure))
#15 C:\\Users\\Netamind Technology\\Desktop\\netacube\\vendor\\laravel\\framework\\src\\Illuminate\\Foundation\\Http\\Middleware\\VerifyCsrfToken.php(78): Illuminate\\Pipeline\\Pipeline->Illuminate\\Pipeline\\{closure}(Object(Illuminate\\Http\\Request))
#16 C:\\Users\\Netamind Technology\\Desktop\\netacube\\vendor\\laravel\\framework\\src\\Illuminate\\Pipeline\\Pipeline.php(183): Illuminate\\Foundation\\Http\\Middleware\\VerifyCsrfToken->handle(Object(Illuminate\\Http\\Request), Object(Closure))
#17 C:\\Users\\Netamind Technology\\Desktop\\netacube\\vendor\\laravel\\framework\\src\\Illuminate\\View\\Middleware\\ShareErrorsFromSession.php(49): Illuminate\\Pipeline\\Pipeline->Illuminate\\Pipeline\\{closure}(Object(Illuminate\\Http\\Request))
#18 C:\\Users\\Netamind Technology\\Desktop\\netacube\\vendor\\laravel\\framework\\src\\Illuminate\\Pipeline\\Pipeline.php(183): Illuminate\\View\\Middleware\\ShareErrorsFromSession->handle(Object(Illuminate\\Http\\Request), Object(Closure))
#19 C:\\Users\\Netamind Technology\\Desktop\\netacube\\vendor\\laravel\\framework\\src\\Illuminate\\Session\\Middleware\\StartSession.php(121): Illuminate\\Pipeline\\Pipeline->Illuminate\\Pipeline\\{closure}(Object(Illuminate\\Http\\Request))
#20 C:\\Users\\Netamind Technology\\Desktop\\netacube\\vendor\\laravel\\framework\\src\\Illuminate\\Session\\Middleware\\StartSession.php(64): Illuminate\\Session\\Middleware\\StartSession->handleStatefulRequest(Object(Illuminate\\Http\\Request), Object(Illuminate\\Session\\Store), Object(Closure))
#21 C:\\Users\\Netamind Technology\\Desktop\\netacube\\vendor\\laravel\\framework\\src\\Illuminate\\Pipeline\\Pipeline.php(183): Illuminate\\Session\\Middleware\\StartSession->handle(Object(Illuminate\\Http\\Request), Object(Closure))
#22 C:\\Users\\Netamind Technology\\Desktop\\netacube\\vendor\\laravel\\framework\\src\\Illuminate\\Cookie\\Middleware\\AddQueuedCookiesToResponse.php(37): Illuminate\\Pipeline\\Pipeline->Illuminate\\Pipeline\\{closure}(Object(Illuminate\\Http\\Request))
#23 C:\\Users\\Netamind Technology\\Desktop\\netacube\\vendor\\laravel\\framework\\src\\Illuminate\\Pipeline\\Pipeline.php(183): Illuminate\\Cookie\\Middleware\\AddQueuedCookiesToResponse->handle(Object(Illuminate\\Http\\Request), Object(Closure))
#24 C:\\Users\\Netamind Technology\\Desktop\\netacube\\vendor\\laravel\\framework\\src\\Illuminate\\Cookie\\Middleware\\EncryptCookies.php(67): Illuminate\\Pipeline\\Pipeline->Illuminate\\Pipeline\\{closure}(Object(Illuminate\\Http\\Request))
#25 C:\\Users\\Netamind Technology\\Desktop\\netacube\\vendor\\laravel\\framework\\src\\Illuminate\\Pipeline\\Pipeline.php(183): Illuminate\\Cookie\\Middleware\\EncryptCookies->handle(Object(Illuminate\\Http\\Request), Object(Closure))
#26 C:\\Users\\Netamind Technology\\Desktop\\netacube\\vendor\\laravel\\framework\\src\\Illuminate\\Pipeline\\Pipeline.php(119): Illuminate\\Pipeline\\Pipeline->Illuminate\\Pipeline\\{closure}(Object(Illuminate\\Http\\Request))
#27 C:\\Users\\Netamind Technology\\Desktop\\netacube\\vendor\\laravel\\framework\\src\\Illuminate\\Routing\\Router.php(805): Illuminate\\Pipeline\\Pipeline->then(Object(Closure))
#28 C:\\Users\\Netamind Technology\\Desktop\\netacube\\vendor\\laravel\\framework\\src\\Illuminate\\Routing\\Router.php(784): Illuminate\\Routing\\Router->runRouteWithinStack(Object(Illuminate\\Routing\\Route), Object(Illuminate\\Http\\Request))
#29 C:\\Users\\Netamind Technology\\Desktop\\netacube\\vendor\\laravel\\framework\\src\\Illuminate\\Routing\\Router.php(748): Illuminate\\Routing\\Router->runRoute(Object(Illuminate\\Http\\Request), Object(Illuminate\\Routing\\Route))
#30 C:\\Users\\Netamind Technology\\Desktop\\netacube\\vendor\\laravel\\framework\\src\\Illuminate\\Routing\\Router.php(737): Illuminate\\Routing\\Router->dispatchToRoute(Object(Illuminate\\Http\\Request))
#31 C:\\Users\\Netamind Technology\\Desktop\\netacube\\vendor\\laravel\\framework\\src\\Illuminate\\Foundation\\Http\\Kernel.php(200): Illuminate\\Routing\\Router->dispatch(Object(Illuminate\\Http\\Request))
#32 C:\\Users\\Netamind Technology\\Desktop\\netacube\\vendor\\laravel\\framework\\src\\Illuminate\\Pipeline\\Pipeline.php(144): Illuminate\\Foundation\\Http\\Kernel->Illuminate\\Foundation\\Http\\{closure}(Object(Illuminate\\Http\\Request))
#33 C:\\Users\\Netamind Technology\\Desktop\\netacube\\vendor\\laravel\\framework\\src\\Illuminate\\Foundation\\Http\\Middleware\\TransformsRequest.php(21): Illuminate\\Pipeline\\Pipeline->Illuminate\\Pipeline\\{closure}(Object(Illuminate\\Http\\Request))
#34 C:\\Users\\Netamind Technology\\Desktop\\netacube\\vendor\\laravel\\framework\\src\\Illuminate\\Foundation\\Http\\Middleware\\ConvertEmptyStringsToNull.php(31): Illuminate\\Foundation\\Http\\Middleware\\TransformsRequest->handle(Object(Illuminate\\Http\\Request), Object(Closure))
#35 C:\\Users\\Netamind Technology\\Desktop\\netacube\\vendor\\laravel\\framework\\src\\Illuminate\\Pipeline\\Pipeline.php(183): Illuminate\\Foundation\\Http\\Middleware\\ConvertEmptyStringsToNull->handle(Object(Illuminate\\Http\\Request), Object(Closure))
#36 C:\\Users\\Netamind Technology\\Desktop\\netacube\\vendor\\laravel\\framework\\src\\Illuminate\\Foundation\\Http\\Middleware\\TransformsRequest.php(21): Illuminate\\Pipeline\\Pipeline->Illuminate\\Pipeline\\{closure}(Object(Illuminate\\Http\\Request))
#37 C:\\Users\\Netamind Technology\\Desktop\\netacube\\vendor\\laravel\\framework\\src\\Illuminate\\Foundation\\Http\\Middleware\\TrimStrings.php(40): Illuminate\\Foundation\\Http\\Middleware\\TransformsRequest->handle(Object(Illuminate\\Http\\Request), Object(Closure))
#38 C:\\Users\\Netamind Technology\\Desktop\\netacube\\vendor\\laravel\\framework\\src\\Illuminate\\Pipeline\\Pipeline.php(183): Illuminate\\Foundation\\Http\\Middleware\\TrimStrings->handle(Object(Illuminate\\Http\\Request), Object(Closure))
#39 C:\\Users\\Netamind Technology\\Desktop\\netacube\\vendor\\laravel\\framework\\src\\Illuminate\\Foundation\\Http\\Middleware\\ValidatePostSize.php(27): Illuminate\\Pipeline\\Pipeline->Illuminate\\Pipeline\\{closure}(Object(Illuminate\\Http\\Request))
#40 C:\\Users\\Netamind Technology\\Desktop\\netacube\\vendor\\laravel\\framework\\src\\Illuminate\\Pipeline\\Pipeline.php(183): Illuminate\\Foundation\\Http\\Middleware\\ValidatePostSize->handle(Object(Illuminate\\Http\\Request), Object(Closure))
#41 C:\\Users\\Netamind Technology\\Desktop\\netacube\\vendor\\laravel\\framework\\src\\Illuminate\\Foundation\\Http\\Middleware\\PreventRequestsDuringMaintenance.php(99): Illuminate\\Pipeline\\Pipeline->Illuminate\\Pipeline\\{closure}(Object(Illuminate\\Http\\Request))
#42 C:\\Users\\Netamind Technology\\Desktop\\netacube\\vendor\\laravel\\framework\\src\\Illuminate\\Pipeline\\Pipeline.php(183): Illuminate\\Foundation\\Http\\Middleware\\PreventRequestsDuringMaintenance->handle(Object(Illuminate\\Http\\Request), Object(Closure))
#43 C:\\Users\\Netamind Technology\\Desktop\\netacube\\vendor\\laravel\\framework\\src\\Illuminate\\Http\\Middleware\\HandleCors.php(49): Illuminate\\Pipeline\\Pipeline->Illuminate\\Pipeline\\{closure}(Object(Illuminate\\Http\\Request))
#44 C:\\Users\\Netamind Technology\\Desktop\\netacube\\vendor\\laravel\\framework\\src\\Illuminate\\Pipeline\\Pipeline.php(183): Illuminate\\Http\\Middleware\\HandleCors->handle(Object(Illuminate\\Http\\Request), Object(Closure))
#45 C:\\Users\\Netamind Technology\\Desktop\\netacube\\vendor\\laravel\\framework\\src\\Illuminate\\Http\\Middleware\\TrustProxies.php(39): Illuminate\\Pipeline\\Pipeline->Illuminate\\Pipeline\\{closure}(Object(Illuminate\\Http\\Request))
#46 C:\\Users\\Netamind Technology\\Desktop\\netacube\\vendor\\laravel\\framework\\src\\Illuminate\\Pipeline\\Pipeline.php(183): Illuminate\\Http\\Middleware\\TrustProxies->handle(Object(Illuminate\\Http\\Request), Object(Closure))
#47 C:\\Users\\Netamind Technology\\Desktop\\netacube\\vendor\\laravel\\framework\\src\\Illuminate\\Pipeline\\Pipeline.php(119): Illuminate\\Pipeline\\Pipeline->Illuminate\\Pipeline\\{closure}(Object(Illuminate\\Http\\Request))
#48 C:\\Users\\Netamind Technology\\Desktop\\netacube\\vendor\\laravel\\framework\\src\\Illuminate\\Foundation\\Http\\Kernel.php(175): Illuminate\\Pipeline\\Pipeline->then(Object(Closure))
#49 C:\\Users\\Netamind Technology\\Desktop\\netacube\\vendor\\laravel\\framework\\src\\Illuminate\\Foundation\\Http\\Kernel.php(144): Illuminate\\Foundation\\Http\\Kernel->sendRequestThroughRouter(Object(Illuminate\\Http\\Request))
#50 C:\\Users\\Netamind Technology\\Desktop\\netacube\\public\\index.php(51): Illuminate\\Foundation\\Http\\Kernel->handle(Object(Illuminate\\Http\\Request))
#51 C:\\Users\\Netamind Technology\\Desktop\\netacube\\vendor\\laravel\\framework\\src\\Illuminate\\Foundation\\resources\\server.php(16): require_once('C:\\\\Users\\\\Netami...')
#52 {main}

[previous exception] [object] (PDOException(code: 2002): SQLSTATE[HY000] [2002] No connection could be made because the target machine actively refused it at C:\\Users\\Netamind Technology\\Desktop\\netacube\\vendor\\laravel\\framework\\src\\Illuminate\\Database\\Connectors\\Connector.php:65)
[stacktrace]
#0 C:\\Users\\Netamind Technology\\Desktop\\netacube\\vendor\\laravel\\framework\\src\\Illuminate\\Database\\Connectors\\Connector.php(65): PDO->__construct('mysql:host=127....', 'root', Object(SensitiveParameterValue), Array)
#1 C:\\Users\\Netamind Technology\\Desktop\\netacube\\vendor\\laravel\\framework\\src\\Illuminate\\Database\\Connectors\\Connector.php(83): Illuminate\\Database\\Connectors\\Connector->createPdoConnection('mysql:host=127....', 'root', '', Array)
#2 C:\\Users\\Netamind Technology\\Desktop\\netacube\\vendor\\laravel\\framework\\src\\Illuminate\\Database\\Connectors\\Connector.php(48): Illuminate\\Database\\Connectors\\Connector->tryAgainIfCausedByLostConnection(Object(PDOException), 'mysql:host=127....', 'root', '', Array)
#3 C:\\Users\\Netamind Technology\\Desktop\\netacube\\vendor\\laravel\\framework\\src\\Illuminate\\Database\\Connectors\\MySqlConnector.php(24): Illuminate\\Database\\Connectors\\Connector->createConnection('mysql:host=127....', Array, Array)
#4 C:\\Users\\Netamind Technology\\Desktop\\netacube\\vendor\\laravel\\framework\\src\\Illuminate\\Database\\Connectors\\ConnectionFactory.php(184): Illuminate\\Database\\Connectors\\MySqlConnector->connect(Array)
#5 [internal function]: Illuminate\\Database\\Connectors\\ConnectionFactory->Illuminate\\Database\\Connectors\\{closure}()
#6 C:\\Users\\Netamind Technology\\Desktop\\netacube\\vendor\\laravel\\framework\\src\\Illuminate\\Database\\Connection.php(1339): call_user_func(Object(Closure))
#7 C:\\Users\\Netamind Technology\\Desktop\\netacube\\vendor\\laravel\\framework\\src\\Illuminate\\Database\\Connection.php(1375): Illuminate\\Database\\Connection->getPdo()
#8 C:\\Users\\Netamind Technology\\Desktop\\netacube\\vendor\\laravel\\framework\\src\\Illuminate\\Database\\Connection.php(528): Illuminate\\Database\\Connection->getReadPdo()
#9 C:\\Users\\Netamind Technology\\Desktop\\netacube\\vendor\\laravel\\framework\\src\\Illuminate\\Database\\Connection.php(423): Illuminate\\Database\\Connection->getPdoForSelect(true)
#10 C:\\Users\\Netamind Technology\\Desktop\\netacube\\vendor\\laravel\\framework\\src\\Illuminate\\Database\\Connection.php(816): Illuminate\\Database\\Connection->Illuminate\\Database\\{closure}('select * from `...', Array)
#11 C:\\Users\\Netamind Technology\\Desktop\\netacube\\vendor\\laravel\\framework\\src\\Illuminate\\Database\\Connection.php(983): Illuminate\\Database\\Connection->runQueryCallback('select * from `...', Array, Object(Closure))
#12 C:\\Users\\Netamind Technology\\Desktop\\netacube\\vendor\\laravel\\framework\\src\\Illuminate\\Database\\Connection.php(962): Illuminate\\Database\\Connection->tryAgainIfCausedByLostConnection(Object(Illuminate\\Database\\QueryException), 'select * from `...', Array, Object(Closure))
#13 C:\\Users\\Netamind Technology\\Desktop\\netacube\\vendor\\laravel\\framework\\src\\Illuminate\\Database\\Connection.php(785): Illuminate\\Database\\Connection->handleQueryException(Object(Illuminate\\Database\\QueryException), 'select * from `...', Array, Object(Closure))
#14 C:\\Users\\Netamind Technology\\Desktop\\netacube\\vendor\\laravel\\framework\\src\\Illuminate\\Database\\Connection.php(414): Illuminate\\Database\\Connection->run('select * from `...', Array, Object(Closure))
#15 C:\\Users\\Netamind Technology\\Desktop\\netacube\\vendor\\laravel\\framework\\src\\Illuminate\\Database\\Query\\Builder.php(2913): Illuminate\\Database\\Connection->select('select * from `...', Array, true)
#16 C:\\Users\\Netamind Technology\\Desktop\\netacube\\vendor\\laravel\\framework\\src\\Illuminate\\Database\\Query\\Builder.php(2902): Illuminate\\Database\\Query\\Builder->runSelect()
#17 C:\\Users\\Netamind Technology\\Desktop\\netacube\\vendor\\laravel\\framework\\src\\Illuminate\\Database\\Query\\Builder.php(3456): Illuminate\\Database\\Query\\Builder->Illuminate\\Database\\Query\\{closure}()
#18 C:\\Users\\Netamind Technology\\Desktop\\netacube\\vendor\\laravel\\framework\\src\\Illuminate\\Database\\Query\\Builder.php(2901): Illuminate\\Database\\Query\\Builder->onceWithColumns(Array, Object(Closure))
#19 C:\\Users\\Netamind Technology\\Desktop\\netacube\\vendor\\laravel\\framework\\src\\Illuminate\\Database\\Eloquent\\Builder.php(739): Illuminate\\Database\\Query\\Builder->get(Array)
#20 C:\\Users\\Netamind Technology\\Desktop\\netacube\\vendor\\laravel\\framework\\src\\Illuminate\\Database\\Eloquent\\Builder.php(723): Illuminate\\Database\\Eloquent\\Builder->getModels(Array)
#21 C:\\Users\\Netamind Technology\\Desktop\\netacube\\vendor\\laravel\\framework\\src\\Illuminate\\Database\\Concerns\\BuildsQueries.php(333): Illuminate\\Database\\Eloquent\\Builder->get(Array)
#22 C:\\Users\\Netamind Technology\\Desktop\\netacube\\app\\Http\\Middleware\\InitializeTenancyByPath.php(25): Illuminate\\Database\\Eloquent\\Builder->first()
#23 C:\\Users\\Netamind Technology\\Desktop\\netacube\\vendor\\laravel\\framework\\src\\Illuminate\\Pipeline\\Pipeline.php(183): App\\Http\\Middleware\\InitializeTenancyByPath->handle(Object(Illuminate\\Http\\Request), Object(Closure))
#24 C:\\Users\\Netamind Technology\\Desktop\\netacube\\vendor\\laravel\\framework\\src\\Illuminate\\Routing\\Middleware\\SubstituteBindings.php(50): Illuminate\\Pipeline\\Pipeline->Illuminate\\Pipeline\\{closure}(Object(Illuminate\\Http\\Request))
#25 C:\\Users\\Netamind Technology\\Desktop\\netacube\\vendor\\laravel\\framework\\src\\Illuminate\\Pipeline\\Pipeline.php(183): Illuminate\\Routing\\Middleware\\SubstituteBindings->handle(Object(Illuminate\\Http\\Request), Object(Closure))
#26 C:\\Users\\Netamind Technology\\Desktop\\netacube\\vendor\\laravel\\framework\\src\\Illuminate\\Foundation\\Http\\Middleware\\VerifyCsrfToken.php(78): Illuminate\\Pipeline\\Pipeline->Illuminate\\Pipeline\\{closure}(Object(Illuminate\\Http\\Request))
#27 C:\\Users\\Netamind Technology\\Desktop\\netacube\\vendor\\laravel\\framework\\src\\Illuminate\\Pipeline\\Pipeline.php(183): Illuminate\\Foundation\\Http\\Middleware\\VerifyCsrfToken->handle(Object(Illuminate\\Http\\Request), Object(Closure))
#28 C:\\Users\\Netamind Technology\\Desktop\\netacube\\vendor\\laravel\\framework\\src\\Illuminate\\View\\Middleware\\ShareErrorsFromSession.php(49): Illuminate\\Pipeline\\Pipeline->Illuminate\\Pipeline\\{closure}(Object(Illuminate\\Http\\Request))
#29 C:\\Users\\Netamind Technology\\Desktop\\netacube\\vendor\\laravel\\framework\\src\\Illuminate\\Pipeline\\Pipeline.php(183): Illuminate\\View\\Middleware\\ShareErrorsFromSession->handle(Object(Illuminate\\Http\\Request), Object(Closure))
#30 C:\\Users\\Netamind Technology\\Desktop\\netacube\\vendor\\laravel\\framework\\src\\Illuminate\\Session\\Middleware\\StartSession.php(121): Illuminate\\Pipeline\\Pipeline->Illuminate\\Pipeline\\{closure}(Object(Illuminate\\Http\\Request))
#31 C:\\Users\\Netamind Technology\\Desktop\\netacube\\vendor\\laravel\\framework\\src\\Illuminate\\Session\\Middleware\\StartSession.php(64): Illuminate\\Session\\Middleware\\StartSession->handleStatefulRequest(Object(Illuminate\\Http\\Request), Object(Illuminate\\Session\\Store), Object(Closure))
#32 C:\\Users\\Netamind Technology\\Desktop\\netacube\\vendor\\laravel\\framework\\src\\Illuminate\\Pipeline\\Pipeline.php(183): Illuminate\\Session\\Middleware\\StartSession->handle(Object(Illuminate\\Http\\Request), Object(Closure))
#33 C:\\Users\\Netamind Technology\\Desktop\\netacube\\vendor\\laravel\\framework\\src\\Illuminate\\Cookie\\Middleware\\AddQueuedCookiesToResponse.php(37): Illuminate\\Pipeline\\Pipeline->Illuminate\\Pipeline\\{closure}(Object(Illuminate\\Http\\Request))
#34 C:\\Users\\Netamind Technology\\Desktop\\netacube\\vendor\\laravel\\framework\\src\\Illuminate\\Pipeline\\Pipeline.php(183): Illuminate\\Cookie\\Middleware\\AddQueuedCookiesToResponse->handle(Object(Illuminate\\Http\\Request), Object(Closure))
#35 C:\\Users\\Netamind Technology\\Desktop\\netacube\\vendor\\laravel\\framework\\src\\Illuminate\\Cookie\\Middleware\\EncryptCookies.php(67): Illuminate\\Pipeline\\Pipeline->Illuminate\\Pipeline\\{closure}(Object(Illuminate\\Http\\Request))
#36 C:\\Users\\Netamind Technology\\Desktop\\netacube\\vendor\\laravel\\framework\\src\\Illuminate\\Pipeline\\Pipeline.php(183): Illuminate\\Cookie\\Middleware\\EncryptCookies->handle(Object(Illuminate\\Http\\Request), Object(Closure))
#37 C:\\Users\\Netamind Technology\\Desktop\\netacube\\vendor\\laravel\\framework\\src\\Illuminate\\Pipeline\\Pipeline.php(119): Illuminate\\Pipeline\\Pipeline->Illuminate\\Pipeline\\{closure}(Object(Illuminate\\Http\\Request))
#38 C:\\Users\\Netamind Technology\\Desktop\\netacube\\vendor\\laravel\\framework\\src\\Illuminate\\Routing\\Router.php(805): Illuminate\\Pipeline\\Pipeline->then(Object(Closure))
#39 C:\\Users\\Netamind Technology\\Desktop\\netacube\\vendor\\laravel\\framework\\src\\Illuminate\\Routing\\Router.php(784): Illuminate\\Routing\\Router->runRouteWithinStack(Object(Illuminate\\Routing\\Route), Object(Illuminate\\Http\\Request))
#40 C:\\Users\\Netamind Technology\\Desktop\\netacube\\vendor\\laravel\\framework\\src\\Illuminate\\Routing\\Router.php(748): Illuminate\\Routing\\Router->runRoute(Object(Illuminate\\Http\\Request), Object(Illuminate\\Routing\\Route))
#41 C:\\Users\\Netamind Technology\\Desktop\\netacube\\vendor\\laravel\\framework\\src\\Illuminate\\Routing\\Router.php(737): Illuminate\\Routing\\Router->dispatchToRoute(Object(Illuminate\\Http\\Request))
#42 C:\\Users\\Netamind Technology\\Desktop\\netacube\\vendor\\laravel\\framework\\src\\Illuminate\\Foundation\\Http\\Kernel.php(200): Illuminate\\Routing\\Router->dispatch(Object(Illuminate\\Http\\Request))
#43 C:\\Users\\Netamind Technology\\Desktop\\netacube\\vendor\\laravel\\framework\\src\\Illuminate\\Pipeline\\Pipeline.php(144): Illuminate\\Foundation\\Http\\Kernel->Illuminate\\Foundation\\Http\\{closure}(Object(Illuminate\\Http\\Request))
#44 C:\\Users\\Netamind Technology\\Desktop\\netacube\\vendor\\laravel\\framework\\src\\Illuminate\\Foundation\\Http\\Middleware\\TransformsRequest.php(21): Illuminate\\Pipeline\\Pipeline->Illuminate\\Pipeline\\{closure}(Object(Illuminate\\Http\\Request))
#45 C:\\Users\\Netamind Technology\\Desktop\\netacube\\vendor\\laravel\\framework\\src\\Illuminate\\Foundation\\Http\\Middleware\\ConvertEmptyStringsToNull.php(31): Illuminate\\Foundation\\Http\\Middleware\\TransformsRequest->handle(Object(Illuminate\\Http\\Request), Object(Closure))
#46 C:\\Users\\Netamind Technology\\Desktop\\netacube\\vendor\\laravel\\framework\\src\\Illuminate\\Pipeline\\Pipeline.php(183): Illuminate\\Foundation\\Http\\Middleware\\ConvertEmptyStringsToNull->handle(Object(Illuminate\\Http\\Request), Object(Closure))
#47 C:\\Users\\Netamind Technology\\Desktop\\netacube\\vendor\\laravel\\framework\\src\\Illuminate\\Foundation\\Http\\Middleware\\TransformsRequest.php(21): Illuminate\\Pipeline\\Pipeline->Illuminate\\Pipeline\\{closure}(Object(Illuminate\\Http\\Request))
#48 C:\\Users\\Netamind Technology\\Desktop\\netacube\\vendor\\laravel\\framework\\src\\Illuminate\\Foundation\\Http\\Middleware\\TrimStrings.php(40): Illuminate\\Foundation\\Http\\Middleware\\TransformsRequest->handle(Object(Illuminate\\Http\\Request), Object(Closure))
#49 C:\\Users\\Netamind Technology\\Desktop\\netacube\\vendor\\laravel\\framework\\src\\Illuminate\\Pipeline\\Pipeline.php(183): Illuminate\\Foundation\\Http\\Middleware\\TrimStrings->handle(Object(Illuminate\\Http\\Request), Object(Closure))
#50 C:\\Users\\Netamind Technology\\Desktop\\netacube\\vendor\\laravel\\framework\\src\\Illuminate\\Foundation\\Http\\Middleware\\ValidatePostSize.php(27): Illuminate\\Pipeline\\Pipeline->Illuminate\\Pipeline\\{closure}(Object(Illuminate\\Http\\Request))
#51 C:\\Users\\Netamind Technology\\Desktop\\netacube\\vendor\\laravel\\framework\\src\\Illuminate\\Pipeline\\Pipeline.php(183): Illuminate\\Foundation\\Http\\Middleware\\ValidatePostSize->handle(Object(Illuminate\\Http\\Request), Object(Closure))
#52 C:\\Users\\Netamind Technology\\Desktop\\netacube\\vendor\\laravel\\framework\\src\\Illuminate\\Foundation\\Http\\Middleware\\PreventRequestsDuringMaintenance.php(99): Illuminate\\Pipeline\\Pipeline->Illuminate\\Pipeline\\{closure}(Object(Illuminate\\Http\\Request))
#53 C:\\Users\\Netamind Technology\\Desktop\\netacube\\vendor\\laravel\\framework\\src\\Illuminate\\Pipeline\\Pipeline.php(183): Illuminate\\Foundation\\Http\\Middleware\\PreventRequestsDuringMaintenance->handle(Object(Illuminate\\Http\\Request), Object(Closure))
#54 C:\\Users\\Netamind Technology\\Desktop\\netacube\\vendor\\laravel\\framework\\src\\Illuminate\\Http\\Middleware\\HandleCors.php(49): Illuminate\\Pipeline\\Pipeline->Illuminate\\Pipeline\\{closure}(Object(Illuminate\\Http\\Request))
#55 C:\\Users\\Netamind Technology\\Desktop\\netacube\\vendor\\laravel\\framework\\src\\Illuminate\\Pipeline\\Pipeline.php(183): Illuminate\\Http\\Middleware\\HandleCors->handle(Object(Illuminate\\Http\\Request), Object(Closure))
#56 C:\\Users\\Netamind Technology\\Desktop\\netacube\\vendor\\laravel\\framework\\src\\Illuminate\\Http\\Middleware\\TrustProxies.php(39): Illuminate\\Pipeline\\Pipeline->Illuminate\\Pipeline\\{closure}(Object(Illuminate\\Http\\Request))
#57 C:\\Users\\Netamind Technology\\Desktop\\netacube\\vendor\\laravel\\framework\\src\\Illuminate\\Pipeline\\Pipeline.php(183): Illuminate\\Http\\Middleware\\TrustProxies->handle(Object(Illuminate\\Http\\Request), Object(Closure))
#58 C:\\Users\\Netamind Technology\\Desktop\\netacube\\vendor\\laravel\\framework\\src\\Illuminate\\Pipeline\\Pipeline.php(119): Illuminate\\Pipeline\\Pipeline->Illuminate\\Pipeline\\{closure}(Object(Illuminate\\Http\\Request))
#59 C:\\Users\\Netamind Technology\\Desktop\\netacube\\vendor\\laravel\\framework\\src\\Illuminate\\Foundation\\Http\\Kernel.php(175): Illuminate\\Pipeline\\Pipeline->then(Object(Closure))
#60 C:\\Users\\Netamind Technology\\Desktop\\netacube\\vendor\\laravel\\framework\\src\\Illuminate\\Foundation\\Http\\Kernel.php(144): Illuminate\\Foundation\\Http\\Kernel->sendRequestThroughRouter(Object(Illuminate\\Http\\Request))
#61 C:\\Users\\Netamind Technology\\Desktop\\netacube\\public\\index.php(51): Illuminate\\Foundation\\Http\\Kernel->handle(Object(Illuminate\\Http\\Request))
#62 C:\\Users\\Netamind Technology\\Desktop\\netacube\\vendor\\laravel\\framework\\src\\Illuminate\\Foundation\\resources\\server.php(16): require_once('C:\\\\Users\\\\Netami...')
#63 {main}
"} 
[2026-08-23 09:29:52] local.ERROR: SQLSTATE[HY000] [2002] No connection could be made because the target machine actively refused it (Connection: mysql, SQL: select * from `tenants` where `client_url` = noveta limit 1) {"exception":"[object] (Illuminate\\Database\\QueryException(code: 2002): SQLSTATE[HY000] [2002] No connection could be made because the target machine actively refused it (Connection: mysql, SQL: select * from `tenants` where `client_url` = noveta limit 1) at C:\\Users\\Netamind Technology\\Desktop\\netacube\\vendor\\laravel\\framework\\src\\Illuminate\\Database\\Connection.php:829)
[stacktrace]
#0 C:\\Users\\Netamind Technology\\Desktop\\netacube\\vendor\\laravel\\framework\\src\\Illuminate\\Database\\Connection.php(983): Illuminate\\Database\\Connection->runQueryCallback('select * from `...', Array, Object(Closure))
#1 C:\\Users\\Netamind Technology\\Desktop\\netacube\\vendor\\laravel\\framework\\src\\Illuminate\\Database\\Connection.php(962): Illuminate\\Database\\Connection->tryAgainIfCausedByLostConnection(Object(Illuminate\\Database\\QueryException), 'select * from `...', Array, Object(Closure))
#2 C:\\Users\\Netamind Technology\\Desktop\\netacube\\vendor\\laravel\\framework\\src\\Illuminate\\Database\\Connection.php(785): Illuminate\\Database\\Connection->handleQueryException(Object(Illuminate\\Database\\QueryException), 'select * from `...', Array, Object(Closure))
#3 C:\\Users\\Netamind Technology\\Desktop\\netacube\\vendor\\laravel\\framework\\src\\Illuminate\\Database\\Connection.php(414): Illuminate\\Database\\Connection->run('select * from `...', Array, Object(Closure))
#4 C:\\Users\\Netamind Technology\\Desktop\\netacube\\vendor\\laravel\\framework\\src\\Illuminate\\Database\\Query\\Builder.php(2913): Illuminate\\Database\\Connection->select('select * from `...', Array, true)
#5 C:\\Users\\Netamind Technology\\Desktop\\netacube\\vendor\\laravel\\framework\\src\\Illuminate\\Database\\Query\\Builder.php(2902): Illuminate\\Database\\Query\\Builder->runSelect()
#6 C:\\Users\\Netamind Technology\\Desktop\\netacube\\vendor\\laravel\\framework\\src\\Illuminate\\Database\\Query\\Builder.php(3456): Illuminate\\Database\\Query\\Builder->Illuminate\\Database\\Query\\{closure}()
#7 C:\\Users\\Netamind Technology\\Desktop\\netacube\\vendor\\laravel\\framework\\src\\Illuminate\\Database\\Query\\Builder.php(2901): Illuminate\\Database\\Query\\Builder->onceWithColumns(Array, Object(Closure))
#8 C:\\Users\\Netamind Technology\\Desktop\\netacube\\vendor\\laravel\\framework\\src\\Illuminate\\Database\\Eloquent\\Builder.php(739): Illuminate\\Database\\Query\\Builder->get(Array)
#9 C:\\Users\\Netamind Technology\\Desktop\\netacube\\vendor\\laravel\\framework\\src\\Illuminate\\Database\\Eloquent\\Builder.php(723): Illuminate\\Database\\Eloquent\\Builder->getModels(Array)
#10 C:\\Users\\Netamind Technology\\Desktop\\netacube\\vendor\\laravel\\framework\\src\\Illuminate\\Database\\Concerns\\BuildsQueries.php(333): Illuminate\\Database\\Eloquent\\Builder->get(Array)
#11 C:\\Users\\Netamind Technology\\Desktop\\netacube\\app\\Http\\Middleware\\InitializeTenancyByPath.php(25): Illuminate\\Database\\Eloquent\\Builder->first()
#12 C:\\Users\\Netamind Technology\\Desktop\\netacube\\vendor\\laravel\\framework\\src\\Illuminate\\Pipeline\\Pipeline.php(183): App\\Http\\Middleware\\InitializeTenancyByPath->handle(Object(Illuminate\\Http\\Request), Object(Closure))
#13 C:\\Users\\Netamind Technology\\Desktop\\netacube\\vendor\\laravel\\framework\\src\\Illuminate\\Routing\\Middleware\\SubstituteBindings.php(50): Illuminate\\Pipeline\\Pipeline->Illuminate\\Pipeline\\{closure}(Object(Illuminate\\Http\\Request))
#14 C:\\Users\\Netamind Technology\\Desktop\\netacube\\vendor\\laravel\\framework\\src\\Illuminate\\Pipeline\\Pipeline.php(183): Illuminate\\Routing\\Middleware\\SubstituteBindings->handle(Object(Illuminate\\Http\\Request), Object(Closure))
#15 C:\\Users\\Netamind Technology\\Desktop\\netacube\\vendor\\laravel\\framework\\src\\Illuminate\\Foundation\\Http\\Middleware\\VerifyCsrfToken.php(78): Illuminate\\Pipeline\\Pipeline->Illuminate\\Pipeline\\{closure}(Object(Illuminate\\Http\\Request))
#16 C:\\Users\\Netamind Technology\\Desktop\\netacube\\vendor\\laravel\\framework\\src\\Illuminate\\Pipeline\\Pipeline.php(183): Illuminate\\Foundation\\Http\\Middleware\\VerifyCsrfToken->handle(Object(Illuminate\\Http\\Request), Object(Closure))
#17 C:\\Users\\Netamind Technology\\Desktop\\netacube\\vendor\\laravel\\framework\\src\\Illuminate\\View\\Middleware\\ShareErrorsFromSession.php(49): Illuminate\\Pipeline\\Pipeline->Illuminate\\Pipeline\\{closure}(Object(Illuminate\\Http\\Request))
#18 C:\\Users\\Netamind Technology\\Desktop\\netacube\\vendor\\laravel\\framework\\src\\Illuminate\\Pipeline\\Pipeline.php(183): Illuminate\\View\\Middleware\\ShareErrorsFromSession->handle(Object(Illuminate\\Http\\Request), Object(Closure))
#19 C:\\Users\\Netamind Technology\\Desktop\\netacube\\vendor\\laravel\\framework\\src\\Illuminate\\Session\\Middleware\\StartSession.php(121): Illuminate\\Pipeline\\Pipeline->Illuminate\\Pipeline\\{closure}(Object(Illuminate\\Http\\Request))
#20 C:\\Users\\Netamind Technology\\Desktop\\netacube\\vendor\\laravel\\framework\\src\\Illuminate\\Session\\Middleware\\StartSession.php(64): Illuminate\\Session\\Middleware\\StartSession->handleStatefulRequest(Object(Illuminate\\Http\\Request), Object(Illuminate\\Session\\Store), Object(Closure))
#21 C:\\Users\\Netamind Technology\\Desktop\\netacube\\vendor\\laravel\\framework\\src\\Illuminate\\Pipeline\\Pipeline.php(183): Illuminate\\Session\\Middleware\\StartSession->handle(Object(Illuminate\\Http\\Request), Object(Closure))
#22 C:\\Users\\Netamind Technology\\Desktop\\netacube\\vendor\\laravel\\framework\\src\\Illuminate\\Cookie\\Middleware\\AddQueuedCookiesToResponse.php(37): Illuminate\\Pipeline\\Pipeline->Illuminate\\Pipeline\\{closure}(Object(Illuminate\\Http\\Request))
#23 C:\\Users\\Netamind Technology\\Desktop\\netacube\\vendor\\laravel\\framework\\src\\Illuminate\\Pipeline\\Pipeline.php(183): Illuminate\\Cookie\\Middleware\\AddQueuedCookiesToResponse->handle(Object(Illuminate\\Http\\Request), Object(Closure))
#24 C:\\Users\\Netamind Technology\\Desktop\\netacube\\vendor\\laravel\\framework\\src\\Illuminate\\Cookie\\Middleware\\EncryptCookies.php(67): Illuminate\\Pipeline\\Pipeline->Illuminate\\Pipeline\\{closure}(Object(Illuminate\\Http\\Request))
#25 C:\\Users\\Netamind Technology\\Desktop\\netacube\\vendor\\laravel\\framework\\src\\Illuminate\\Pipeline\\Pipeline.php(183): Illuminate\\Cookie\\Middleware\\EncryptCookies->handle(Object(Illuminate\\Http\\Request), Object(Closure))
#26 C:\\Users\\Netamind Technology\\Desktop\\netacube\\vendor\\laravel\\framework\\src\\Illuminate\\Pipeline\\Pipeline.php(119): Illuminate\\Pipeline\\Pipeline->Illuminate\\Pipeline\\{closure}(Object(Illuminate\\Http\\Request))
#27 C:\\Users\\Netamind Technology\\Desktop\\netacube\\vendor\\laravel\\framework\\src\\Illuminate\\Routing\\Router.php(805): Illuminate\\Pipeline\\Pipeline->then(Object(Closure))
#28 C:\\Users\\Netamind Technology\\Desktop\\netacube\\vendor\\laravel\\framework\\src\\Illuminate\\Routing\\Router.php(784): Illuminate\\Routing\\Router->runRouteWithinStack(Object(Illuminate\\Routing\\Route), Object(Illuminate\\Http\\Request))
#29 C:\\Users\\Netamind Technology\\Desktop\\netacube\\vendor\\laravel\\framework\\src\\Illuminate\\Routing\\Router.php(748): Illuminate\\Routing\\Router->runRoute(Object(Illuminate\\Http\\Request), Object(Illuminate\\Routing\\Route))
#30 C:\\Users\\Netamind Technology\\Desktop\\netacube\\vendor\\laravel\\framework\\src\\Illuminate\\Routing\\Router.php(737): Illuminate\\Routing\\Router->dispatchToRoute(Object(Illuminate\\Http\\Request))
#31 C:\\Users\\Netamind Technology\\Desktop\\netacube\\vendor\\laravel\\framework\\src\\Illuminate\\Foundation\\Http\\Kernel.php(200): Illuminate\\Routing\\Router->dispatch(Object(Illuminate\\Http\\Request))
#32 C:\\Users\\Netamind Technology\\Desktop\\netacube\\vendor\\laravel\\framework\\src\\Illuminate\\Pipeline\\Pipeline.php(144): Illuminate\\Foundation\\Http\\Kernel->Illuminate\\Foundation\\Http\\{closure}(Object(Illuminate\\Http\\Request))
#33 C:\\Users\\Netamind Technology\\Desktop\\netacube\\vendor\\laravel\\framework\\src\\Illuminate\\Foundation\\Http\\Middleware\\TransformsRequest.php(21): Illuminate\\Pipeline\\Pipeline->Illuminate\\Pipeline\\{closure}(Object(Illuminate\\Http\\Request))
#34 C:\\Users\\Netamind Technology\\Desktop\\netacube\\vendor\\laravel\\framework\\src\\Illuminate\\Foundation\\Http\\Middleware\\ConvertEmptyStringsToNull.php(31): Illuminate\\Foundation\\Http\\Middleware\\TransformsRequest->handle(Object(Illuminate\\Http\\Request), Object(Closure))
#35 C:\\Users\\Netamind Technology\\Desktop\\netacube\\vendor\\laravel\\framework\\src\\Illuminate\\Pipeline\\Pipeline.php(183): Illuminate\\Foundation\\Http\\Middleware\\ConvertEmptyStringsToNull->handle(Object(Illuminate\\Http\\Request), Object(Closure))
#36 C:\\Users\\Netamind Technology\\Desktop\\netacube\\vendor\\laravel\\framework\\src\\Illuminate\\Foundation\\Http\\Middleware\\TransformsRequest.php(21): Illuminate\\Pipeline\\Pipeline->Illuminate\\Pipeline\\{closure}(Object(Illuminate\\Http\\Request))
#37 C:\\Users\\Netamind Technology\\Desktop\\netacube\\vendor\\laravel\\framework\\src\\Illuminate\\Foundation\\Http\\Middleware\\TrimStrings.php(40): Illuminate\\Foundation\\Http\\Middleware\\TransformsRequest->handle(Object(Illuminate\\Http\\Request), Object(Closure))
#38 C:\\Users\\Netamind Technology\\Desktop\\netacube\\vendor\\laravel\\framework\\src\\Illuminate\\Pipeline\\Pipeline.php(183): Illuminate\\Foundation\\Http\\Middleware\\TrimStrings->handle(Object(Illuminate\\Http\\Request), Object(Closure))
#39 C:\\Users\\Netamind Technology\\Desktop\\netacube\\vendor\\laravel\\framework\\src\\Illuminate\\Foundation\\Http\\Middleware\\ValidatePostSize.php(27): Illuminate\\Pipeline\\Pipeline->Illuminate\\Pipeline\\{closure}(Object(Illuminate\\Http\\Request))
#40 C:\\Users\\Netamind Technology\\Desktop\\netacube\\vendor\\laravel\\framework\\src\\Illuminate\\Pipeline\\Pipeline.php(183): Illuminate\\Foundation\\Http\\Middleware\\ValidatePostSize->handle(Object(Illuminate\\Http\\Request), Object(Closure))
#41 C:\\Users\\Netamind Technology\\Desktop\\netacube\\vendor\\laravel\\framework\\src\\Illuminate\\Foundation\\Http\\Middleware\\PreventRequestsDuringMaintenance.php(99): Illuminate\\Pipeline\\Pipeline->Illuminate\\Pipeline\\{closure}(Object(Illuminate\\Http\\Request))
#42 C:\\Users\\Netamind Technology\\Desktop\\netacube\\vendor\\laravel\\framework\\src\\Illuminate\\Pipeline\\Pipeline.php(183): Illuminate\\Foundation\\Http\\Middleware\\PreventRequestsDuringMaintenance->handle(Object(Illuminate\\Http\\Request), Object(Closure))
#43 C:\\Users\\Netamind Technology\\Desktop\\netacube\\vendor\\laravel\\framework\\src\\Illuminate\\Http\\Middleware\\HandleCors.php(49): Illuminate\\Pipeline\\Pipeline->Illuminate\\Pipeline\\{closure}(Object(Illuminate\\Http\\Request))
#44 C:\\Users\\Netamind Technology\\Desktop\\netacube\\vendor\\laravel\\framework\\src\\Illuminate\\Pipeline\\Pipeline.php(183): Illuminate\\Http\\Middleware\\HandleCors->handle(Object(Illuminate\\Http\\Request), Object(Closure))
#45 C:\\Users\\Netamind Technology\\Desktop\\netacube\\vendor\\laravel\\framework\\src\\Illuminate\\Http\\Middleware\\TrustProxies.php(39): Illuminate\\Pipeline\\Pipeline->Illuminate\\Pipeline\\{closure}(Object(Illuminate\\Http\\Request))
#46 C:\\Users\\Netamind Technology\\Desktop\\netacube\\vendor\\laravel\\framework\\src\\Illuminate\\Pipeline\\Pipeline.php(183): Illuminate\\Http\\Middleware\\TrustProxies->handle(Object(Illuminate\\Http\\Request), Object(Closure))
#47 C:\\Users\\Netamind Technology\\Desktop\\netacube\\vendor\\laravel\\framework\\src\\Illuminate\\Pipeline\\Pipeline.php(119): Illuminate\\Pipeline\\Pipeline->Illuminate\\Pipeline\\{closure}(Object(Illuminate\\Http\\Request))
#48 C:\\Users\\Netamind Technology\\Desktop\\netacube\\vendor\\laravel\\framework\\src\\Illuminate\\Foundation\\Http\\Kernel.php(175): Illuminate\\Pipeline\\Pipeline->then(Object(Closure))
#49 C:\\Users\\Netamind Technology\\Desktop\\netacube\\vendor\\laravel\\framework\\src\\Illuminate\\Foundation\\Http\\Kernel.php(144): Illuminate\\Foundation\\Http\\Kernel->sendRequestThroughRouter(Object(Illuminate\\Http\\Request))
#50 C:\\Users\\Netamind Technology\\Desktop\\netacube\\public\\index.php(51): Illuminate\\Foundation\\Http\\Kernel->handle(Object(Illuminate\\Http\\Request))
#51 C:\\Users\\Netamind Technology\\Desktop\\netacube\\vendor\\laravel\\framework\\src\\Illuminate\\Foundation\\resources\\server.php(16): require_once('C:\\\\Users\\\\Netami...')
#52 {main}

[previous exception] [object] (PDOException(code: 2002): SQLSTATE[HY000] [2002] No connection could be made because the target machine actively refused it at C:\\Users\\Netamind Technology\\Desktop\\netacube\\vendor\\laravel\\framework\\src\\Illuminate\\Database\\Connectors\\Connector.php:65)
[stacktrace]
#0 C:\\Users\\Netamind Technology\\Desktop\\netacube\\vendor\\laravel\\framework\\src\\Illuminate\\Database\\Connectors\\Connector.php(65): PDO->__construct('mysql:host=127....', 'root', Object(SensitiveParameterValue), Array)
#1 C:\\Users\\Netamind Technology\\Desktop\\netacube\\vendor\\laravel\\framework\\src\\Illuminate\\Database\\Connectors\\Connector.php(83): Illuminate\\Database\\Connectors\\Connector->createPdoConnection('mysql:host=127....', 'root', '', Array)
#2 C:\\Users\\Netamind Technology\\Desktop\\netacube\\vendor\\laravel\\framework\\src\\Illuminate\\Database\\Connectors\\Connector.php(48): Illuminate\\Database\\Connectors\\Connector->tryAgainIfCausedByLostConnection(Object(PDOException), 'mysql:host=127....', 'root', '', Array)
#3 C:\\Users\\Netamind Technology\\Desktop\\netacube\\vendor\\laravel\\framework\\src\\Illuminate\\Database\\Connectors\\MySqlConnector.php(24): Illuminate\\Database\\Connectors\\Connector->createConnection('mysql:host=127....', Array, Array)
#4 C:\\Users\\Netamind Technology\\Desktop\\netacube\\vendor\\laravel\\framework\\src\\Illuminate\\Database\\Connectors\\ConnectionFactory.php(184): Illuminate\\Database\\Connectors\\MySqlConnector->connect(Array)
#5 [internal function]: Illuminate\\Database\\Connectors\\ConnectionFactory->Illuminate\\Database\\Connectors\\{closure}()
#6 C:\\Users\\Netamind Technology\\Desktop\\netacube\\vendor\\laravel\\framework\\src\\Illuminate\\Database\\Connection.php(1339): call_user_func(Object(Closure))
#7 C:\\Users\\Netamind Technology\\Desktop\\netacube\\vendor\\laravel\\framework\\src\\Illuminate\\Database\\Connection.php(1375): Illuminate\\Database\\Connection->getPdo()
#8 C:\\Users\\Netamind Technology\\Desktop\\netacube\\vendor\\laravel\\framework\\src\\Illuminate\\Database\\Connection.php(528): Illuminate\\Database\\Connection->getReadPdo()
#9 C:\\Users\\Netamind Technology\\Desktop\\netacube\\vendor\\laravel\\framework\\src\\Illuminate\\Database\\Connection.php(423): Illuminate\\Database\\Connection->getPdoForSelect(true)
#10 C:\\Users\\Netamind Technology\\Desktop\\netacube\\vendor\\laravel\\framework\\src\\Illuminate\\Database\\Connection.php(816): Illuminate\\Database\\Connection->Illuminate\\Database\\{closure}('select * from `...', Array)
#11 C:\\Users\\Netamind Technology\\Desktop\\netacube\\vendor\\laravel\\framework\\src\\Illuminate\\Database\\Connection.php(983): Illuminate\\Database\\Connection->runQueryCallback('select * from `...', Array, Object(Closure))
#12 C:\\Users\\Netamind Technology\\Desktop\\netacube\\vendor\\laravel\\framework\\src\\Illuminate\\Database\\Connection.php(962): Illuminate\\Database\\Connection->tryAgainIfCausedByLostConnection(Object(Illuminate\\Database\\QueryException), 'select * from `...', Array, Object(Closure))
#13 C:\\Users\\Netamind Technology\\Desktop\\netacube\\vendor\\laravel\\framework\\src\\Illuminate\\Database\\Connection.php(785): Illuminate\\Database\\Connection->handleQueryException(Object(Illuminate\\Database\\QueryException), 'select * from `...', Array, Object(Closure))
#14 C:\\Users\\Netamind Technology\\Desktop\\netacube\\vendor\\laravel\\framework\\src\\Illuminate\\Database\\Connection.php(414): Illuminate\\Database\\Connection->run('select * from `...', Array, Object(Closure))
#15 C:\\Users\\Netamind Technology\\Desktop\\netacube\\vendor\\laravel\\framework\\src\\Illuminate\\Database\\Query\\Builder.php(2913): Illuminate\\Database\\Connection->select('select * from `...', Array, true)
#16 C:\\Users\\Netamind Technology\\Desktop\\netacube\\vendor\\laravel\\framework\\src\\Illuminate\\Database\\Query\\Builder.php(2902): Illuminate\\Database\\Query\\Builder->runSelect()
#17 C:\\Users\\Netamind Technology\\Desktop\\netacube\\vendor\\laravel\\framework\\src\\Illuminate\\Database\\Query\\Builder.php(3456): Illuminate\\Database\\Query\\Builder->Illuminate\\Database\\Query\\{closure}()
#18 C:\\Users\\Netamind Technology\\Desktop\\netacube\\vendor\\laravel\\framework\\src\\Illuminate\\Database\\Query\\Builder.php(2901): Illuminate\\Database\\Query\\Builder->onceWithColumns(Array, Object(Closure))
#19 C:\\Users\\Netamind Technology\\Desktop\\netacube\\vendor\\laravel\\framework\\src\\Illuminate\\Database\\Eloquent\\Builder.php(739): Illuminate\\Database\\Query\\Builder->get(Array)
#20 C:\\Users\\Netamind Technology\\Desktop\\netacube\\vendor\\laravel\\framework\\src\\Illuminate\\Database\\Eloquent\\Builder.php(723): Illuminate\\Database\\Eloquent\\Builder->getModels(Array)
#21 C:\\Users\\Netamind Technology\\Desktop\\netacube\\vendor\\laravel\\framework\\src\\Illuminate\\Database\\Concerns\\BuildsQueries.php(333): Illuminate\\Database\\Eloquent\\Builder->get(Array)
#22 C:\\Users\\Netamind Technology\\Desktop\\netacube\\app\\Http\\Middleware\\InitializeTenancyByPath.php(25): Illuminate\\Database\\Eloquent\\Builder->first()
#23 C:\\Users\\Netamind Technology\\Desktop\\netacube\\vendor\\laravel\\framework\\src\\Illuminate\\Pipeline\\Pipeline.php(183): App\\Http\\Middleware\\InitializeTenancyByPath->handle(Object(Illuminate\\Http\\Request), Object(Closure))
#24 C:\\Users\\Netamind Technology\\Desktop\\netacube\\vendor\\laravel\\framework\\src\\Illuminate\\Routing\\Middleware\\SubstituteBindings.php(50): Illuminate\\Pipeline\\Pipeline->Illuminate\\Pipeline\\{closure}(Object(Illuminate\\Http\\Request))
#25 C:\\Users\\Netamind Technology\\Desktop\\netacube\\vendor\\laravel\\framework\\src\\Illuminate\\Pipeline\\Pipeline.php(183): Illuminate\\Routing\\Middleware\\SubstituteBindings->handle(Object(Illuminate\\Http\\Request), Object(Closure))
#26 C:\\Users\\Netamind Technology\\Desktop\\netacube\\vendor\\laravel\\framework\\src\\Illuminate\\Foundation\\Http\\Middleware\\VerifyCsrfToken.php(78): Illuminate\\Pipeline\\Pipeline->Illuminate\\Pipeline\\{closure}(Object(Illuminate\\Http\\Request))
#27 C:\\Users\\Netamind Technology\\Desktop\\netacube\\vendor\\laravel\\framework\\src\\Illuminate\\Pipeline\\Pipeline.php(183): Illuminate\\Foundation\\Http\\Middleware\\VerifyCsrfToken->handle(Object(Illuminate\\Http\\Request), Object(Closure))
#28 C:\\Users\\Netamind Technology\\Desktop\\netacube\\vendor\\laravel\\framework\\src\\Illuminate\\View\\Middleware\\ShareErrorsFromSession.php(49): Illuminate\\Pipeline\\Pipeline->Illuminate\\Pipeline\\{closure}(Object(Illuminate\\Http\\Request))
#29 C:\\Users\\Netamind Technology\\Desktop\\netacube\\vendor\\laravel\\framework\\src\\Illuminate\\Pipeline\\Pipeline.php(183): Illuminate\\View\\Middleware\\ShareErrorsFromSession->handle(Object(Illuminate\\Http\\Request), Object(Closure))
#30 C:\\Users\\Netamind Technology\\Desktop\\netacube\\vendor\\laravel\\framework\\src\\Illuminate\\Session\\Middleware\\StartSession.php(121): Illuminate\\Pipeline\\Pipeline->Illuminate\\Pipeline\\{closure}(Object(Illuminate\\Http\\Request))
#31 C:\\Users\\Netamind Technology\\Desktop\\netacube\\vendor\\laravel\\framework\\src\\Illuminate\\Session\\Middleware\\StartSession.php(64): Illuminate\\Session\\Middleware\\StartSession->handleStatefulRequest(Object(Illuminate\\Http\\Request), Object(Illuminate\\Session\\Store), Object(Closure))
#32 C:\\Users\\Netamind Technology\\Desktop\\netacube\\vendor\\laravel\\framework\\src\\Illuminate\\Pipeline\\Pipeline.php(183): Illuminate\\Session\\Middleware\\StartSession->handle(Object(Illuminate\\Http\\Request), Object(Closure))
#33 C:\\Users\\Netamind Technology\\Desktop\\netacube\\vendor\\laravel\\framework\\src\\Illuminate\\Cookie\\Middleware\\AddQueuedCookiesToResponse.php(37): Illuminate\\Pipeline\\Pipeline->Illuminate\\Pipeline\\{closure}(Object(Illuminate\\Http\\Request))
#34 C:\\Users\\Netamind Technology\\Desktop\\netacube\\vendor\\laravel\\framework\\src\\Illuminate\\Pipeline\\Pipeline.php(183): Illuminate\\Cookie\\Middleware\\AddQueuedCookiesToResponse->handle(Object(Illuminate\\Http\\Request), Object(Closure))
#35 C:\\Users\\Netamind Technology\\Desktop\\netacube\\vendor\\laravel\\framework\\src\\Illuminate\\Cookie\\Middleware\\EncryptCookies.php(67): Illuminate\\Pipeline\\Pipeline->Illuminate\\Pipeline\\{closure}(Object(Illuminate\\Http\\Request))
#36 C:\\Users\\Netamind Technology\\Desktop\\netacube\\vendor\\laravel\\framework\\src\\Illuminate\\Pipeline\\Pipeline.php(183): Illuminate\\Cookie\\Middleware\\EncryptCookies->handle(Object(Illuminate\\Http\\Request), Object(Closure))
#37 C:\\Users\\Netamind Technology\\Desktop\\netacube\\vendor\\laravel\\framework\\src\\Illuminate\\Pipeline\\Pipeline.php(119): Illuminate\\Pipeline\\Pipeline->Illuminate\\Pipeline\\{closure}(Object(Illuminate\\Http\\Request))
#38 C:\\Users\\Netamind Technology\\Desktop\\netacube\\vendor\\laravel\\framework\\src\\Illuminate\\Routing\\Router.php(805): Illuminate\\Pipeline\\Pipeline->then(Object(Closure))
#39 C:\\Users\\Netamind Technology\\Desktop\\netacube\\vendor\\laravel\\framework\\src\\Illuminate\\Routing\\Router.php(784): Illuminate\\Routing\\Router->runRouteWithinStack(Object(Illuminate\\Routing\\Route), Object(Illuminate\\Http\\Request))
#40 C:\\Users\\Netamind Technology\\Desktop\\netacube\\vendor\\laravel\\framework\\src\\Illuminate\\Routing\\Router.php(748): Illuminate\\Routing\\Router->runRoute(Object(Illuminate\\Http\\Request), Object(Illuminate\\Routing\\Route))
#41 C:\\Users\\Netamind Technology\\Desktop\\netacube\\vendor\\laravel\\framework\\src\\Illuminate\\Routing\\Router.php(737): Illuminate\\Routing\\Router->dispatchToRoute(Object(Illuminate\\Http\\Request))
#42 C:\\Users\\Netamind Technology\\Desktop\\netacube\\vendor\\laravel\\framework\\src\\Illuminate\\Foundation\\Http\\Kernel.php(200): Illuminate\\Routing\\Router->dispatch(Object(Illuminate\\Http\\Request))
#43 C:\\Users\\Netamind Technology\\Desktop\\netacube\\vendor\\laravel\\framework\\src\\Illuminate\\Pipeline\\Pipeline.php(144): Illuminate\\Foundation\\Http\\Kernel->Illuminate\\Foundation\\Http\\{closure}(Object(Illuminate\\Http\\Request))
#44 C:\\Users\\Netamind Technology\\Desktop\\netacube\\vendor\\laravel\\framework\\src\\Illuminate\\Foundation\\Http\\Middleware\\TransformsRequest.php(21): Illuminate\\Pipeline\\Pipeline->Illuminate\\Pipeline\\{closure}(Object(Illuminate\\Http\\Request))
#45 C:\\Users\\Netamind Technology\\Desktop\\netacube\\vendor\\laravel\\framework\\src\\Illuminate\\Foundation\\Http\\Middleware\\ConvertEmptyStringsToNull.php(31): Illuminate\\Foundation\\Http\\Middleware\\TransformsRequest->handle(Object(Illuminate\\Http\\Request), Object(Closure))
#46 C:\\Users\\Netamind Technology\\Desktop\\netacube\\vendor\\laravel\\framework\\src\\Illuminate\\Pipeline\\Pipeline.php(183): Illuminate\\Foundation\\Http\\Middleware\\ConvertEmptyStringsToNull->handle(Object(Illuminate\\Http\\Request), Object(Closure))
#47 C:\\Users\\Netamind Technology\\Desktop\\netacube\\vendor\\laravel\\framework\\src\\Illuminate\\Foundation\\Http\\Middleware\\TransformsRequest.php(21): Illuminate\\Pipeline\\Pipeline->Illuminate\\Pipeline\\{closure}(Object(Illuminate\\Http\\Request))
#48 C:\\Users\\Netamind Technology\\Desktop\\netacube\\vendor\\laravel\\framework\\src\\Illuminate\\Foundation\\Http\\Middleware\\TrimStrings.php(40): Illuminate\\Foundation\\Http\\Middleware\\TransformsRequest->handle(Object(Illuminate\\Http\\Request), Object(Closure))
#49 C:\\Users\\Netamind Technology\\Desktop\\netacube\\vendor\\laravel\\framework\\src\\Illuminate\\Pipeline\\Pipeline.php(183): Illuminate\\Foundation\\Http\\Middleware\\TrimStrings->handle(Object(Illuminate\\Http\\Request), Object(Closure))
#50 C:\\Users\\Netamind Technology\\Desktop\\netacube\\vendor\\laravel\\framework\\src\\Illuminate\\Foundation\\Http\\Middleware\\ValidatePostSize.php(27): Illuminate\\Pipeline\\Pipeline->Illuminate\\Pipeline\\{closure}(Object(Illuminate\\Http\\Request))
#51 C:\\Users\\Netamind Technology\\Desktop\\netacube\\vendor\\laravel\\framework\\src\\Illuminate\\Pipeline\\Pipeline.php(183): Illuminate\\Foundation\\Http\\Middleware\\ValidatePostSize->handle(Object(Illuminate\\Http\\Request), Object(Closure))
#52 C:\\Users\\Netamind Technology\\Desktop\\netacube\\vendor\\laravel\\framework\\src\\Illuminate\\Foundation\\Http\\Middleware\\PreventRequestsDuringMaintenance.php(99): Illuminate\\Pipeline\\Pipeline->Illuminate\\Pipeline\\{closure}(Object(Illuminate\\Http\\Request))
#53 C:\\Users\\Netamind Technology\\Desktop\\netacube\\vendor\\laravel\\framework\\src\\Illuminate\\Pipeline\\Pipeline.php(183): Illuminate\\Foundation\\Http\\Middleware\\PreventRequestsDuringMaintenance->handle(Object(Illuminate\\Http\\Request), Object(Closure))
#54 C:\\Users\\Netamind Technology\\Desktop\\netacube\\vendor\\laravel\\framework\\src\\Illuminate\\Http\\Middleware\\HandleCors.php(49): Illuminate\\Pipeline\\Pipeline->Illuminate\\Pipeline\\{closure}(Object(Illuminate\\Http\\Request))
#55 C:\\Users\\Netamind Technology\\Desktop\\netacube\\vendor\\laravel\\framework\\src\\Illuminate\\Pipeline\\Pipeline.php(183): Illuminate\\Http\\Middleware\\HandleCors->handle(Object(Illuminate\\Http\\Request), Object(Closure))
#56 C:\\Users\\Netamind Technology\\Desktop\\netacube\\vendor\\laravel\\framework\\src\\Illuminate\\Http\\Middleware\\TrustProxies.php(39): Illuminate\\Pipeline\\Pipeline->Illuminate\\Pipeline\\{closure}(Object(Illuminate\\Http\\Request))
#57 C:\\Users\\Netamind Technology\\Desktop\\netacube\\vendor\\laravel\\framework\\src\\Illuminate\\Pipeline\\Pipeline.php(183): Illuminate\\Http\\Middleware\\TrustProxies->handle(Object(Illuminate\\Http\\Request), Object(Closure))
#58 C:\\Users\\Netamind Technology\\Desktop\\netacube\\vendor\\laravel\\framework\\src\\Illuminate\\Pipeline\\Pipeline.php(119): Illuminate\\Pipeline\\Pipeline->Illuminate\\Pipeline\\{closure}(Object(Illuminate\\Http\\Request))
#59 C:\\Users\\Netamind Technology\\Desktop\\netacube\\vendor\\laravel\\framework\\src\\Illuminate\\Foundation\\Http\\Kernel.php(175): Illuminate\\Pipeline\\Pipeline->then(Object(Closure))
#60 C:\\Users\\Netamind Technology\\Desktop\\netacube\\vendor\\laravel\\framework\\src\\Illuminate\\Foundation\\Http\\Kernel.php(144): Illuminate\\Foundation\\Http\\Kernel->sendRequestThroughRouter(Object(Illuminate\\Http\\Request))
#61 C:\\Users\\Netamind Technology\\Desktop\\netacube\\public\\index.php(51): Illuminate\\Foundation\\Http\\Kernel->handle(Object(Illuminate\\Http\\Request))
#62 C:\\Users\\Netamind Technology\\Desktop\\netacube\\vendor\\laravel\\framework\\src\\Illuminate\\Foundation\\resources\\server.php(16): require_once('C:\\\\Users\\\\Netami...')
#63 {main}
"} 
[2026-08-23 12:41:45] local.ERROR: SQLSTATE[HY000] [2002] No connection could be made because the target machine actively refused it (Connection: mysql, SQL: select table_name as `name`, (data_length + index_length) as `size`, table_comment as `comment`, engine as `engine`, table_collation as `collation` from information_schema.tables where table_schema = 'netacube_master' and table_type in ('BASE TABLE', 'SYSTEM VERSIONED') order by table_name) {"exception":"[object] (Illuminate\\Database\\QueryException(code: 2002): SQLSTATE[HY000] [2002] No connection could be made because the target machine actively refused it (Connection: mysql, SQL: select table_name as `name`, (data_length + index_length) as `size`, table_comment as `comment`, engine as `engine`, table_collation as `collation` from information_schema.tables where table_schema = 'netacube_master' and table_type in ('BASE TABLE', 'SYSTEM VERSIONED') order by table_name) at C:\\Users\\Netamind Technology\\Desktop\\netacube\\vendor\\laravel\\framework\\src\\Illuminate\\Database\\Connection.php:829)
[stacktrace]
#0 C:\\Users\\Netamind Technology\\Desktop\\netacube\\vendor\\laravel\\framework\\src\\Illuminate\\Database\\Connection.php(983): Illuminate\\Database\\Connection->runQueryCallback('select table_na...', Array, Object(Closure))
#1 C:\\Users\\Netamind Technology\\Desktop\\netacube\\vendor\\laravel\\framework\\src\\Illuminate\\Database\\Connection.php(962): Illuminate\\Database\\Connection->tryAgainIfCausedByLostConnection(Object(Illuminate\\Database\\QueryException), 'select table_na...', Array, Object(Closure))
#2 C:\\Users\\Netamind Technology\\Desktop\\netacube\\vendor\\laravel\\framework\\src\\Illuminate\\Database\\Connection.php(785): Illuminate\\Database\\Connection->handleQueryException(Object(Illuminate\\Database\\QueryException), 'select table_na...', Array, Object(Closure))
#3 C:\\Users\\Netamind Technology\\Desktop\\netacube\\vendor\\laravel\\framework\\src\\Illuminate\\Database\\Connection.php(414): Illuminate\\Database\\Connection->run('select table_na...', Array, Object(Closure))
#4 C:\\Users\\Netamind Technology\\Desktop\\netacube\\vendor\\laravel\\framework\\src\\Illuminate\\Database\\Connection.php(401): Illuminate\\Database\\Connection->select('select table_na...', Array, false)
#5 C:\\Users\\Netamind Technology\\Desktop\\netacube\\vendor\\laravel\\framework\\src\\Illuminate\\Database\\Schema\\MySqlBuilder.php(41): Illuminate\\Database\\Connection->selectFromWriteConnection('select table_na...')
#6 C:\\Users\\Netamind Technology\\Desktop\\netacube\\vendor\\laravel\\framework\\src\\Illuminate\\Database\\Schema\\Builder.php(165): Illuminate\\Database\\Schema\\MySqlBuilder->getTables(false)
#7 C:\\Users\\Netamind Technology\\Desktop\\netacube\\vendor\\laravel\\framework\\src\\Illuminate\\Database\\Migrations\\DatabaseMigrationRepository.php(184): Illuminate\\Database\\Schema\\Builder->hasTable('migrations')
#8 C:\\Users\\Netamind Technology\\Desktop\\netacube\\vendor\\laravel\\framework\\src\\Illuminate\\Database\\Migrations\\Migrator.php(727): Illuminate\\Database\\Migrations\\DatabaseMigrationRepository->repositoryExists()
#9 C:\\Users\\Netamind Technology\\Desktop\\netacube\\vendor\\laravel\\framework\\src\\Illuminate\\Database\\Console\\Migrations\\MigrateCommand.php(140): Illuminate\\Database\\Migrations\\Migrator->repositoryExists()
#10 C:\\Users\\Netamind Technology\\Desktop\\netacube\\vendor\\laravel\\framework\\src\\Illuminate\\Support\\helpers.php(261): Illuminate\\Database\\Console\\Migrations\\MigrateCommand->Illuminate\\Database\\Console\\Migrations\\{closure}(1)
#11 C:\\Users\\Netamind Technology\\Desktop\\netacube\\vendor\\laravel\\framework\\src\\Illuminate\\Database\\Console\\Migrations\\MigrateCommand.php(140): retry(1, Object(Closure), 0, Object(Closure))
#12 C:\\Users\\Netamind Technology\\Desktop\\netacube\\vendor\\laravel\\framework\\src\\Illuminate\\Database\\Console\\Migrations\\MigrateCommand.php(116): Illuminate\\Database\\Console\\Migrations\\MigrateCommand->repositoryExists()
#13 C:\\Users\\Netamind Technology\\Desktop\\netacube\\vendor\\laravel\\framework\\src\\Illuminate\\Database\\Console\\Migrations\\MigrateCommand.php(84): Illuminate\\Database\\Console\\Migrations\\MigrateCommand->prepareDatabase()
#14 C:\\Users\\Netamind Technology\\Desktop\\netacube\\vendor\\laravel\\framework\\src\\Illuminate\\Database\\Migrations\\Migrator.php(641): Illuminate\\Database\\Console\\Migrations\\MigrateCommand->Illuminate\\Database\\Console\\Migrations\\{closure}()
#15 C:\\Users\\Netamind Technology\\Desktop\\netacube\\vendor\\laravel\\framework\\src\\Illuminate\\Database\\Console\\Migrations\\MigrateCommand.php(83): Illuminate\\Database\\Migrations\\Migrator->usingConnection(NULL, Object(Closure))
#16 C:\\Users\\Netamind Technology\\Desktop\\netacube\\vendor\\laravel\\framework\\src\\Illuminate\\Container\\BoundMethod.php(36): Illuminate\\Database\\Console\\Migrations\\MigrateCommand->handle()
#17 C:\\Users\\Netamind Technology\\Desktop\\netacube\\vendor\\laravel\\framework\\src\\Illuminate\\Container\\Util.php(41): Illuminate\\Container\\BoundMethod::Illuminate\\Container\\{closure}()
#18 C:\\Users\\Netamind Technology\\Desktop\\netacube\\vendor\\laravel\\framework\\src\\Illuminate\\Container\\BoundMethod.php(93): Illuminate\\Container\\Util::unwrapIfClosure(Object(Closure))
#19 C:\\Users\\Netamind Technology\\Desktop\\netacube\\vendor\\laravel\\framework\\src\\Illuminate\\Container\\BoundMethod.php(35): Illuminate\\Container\\BoundMethod::callBoundMethod(Object(Illuminate\\Foundation\\Application), Array, Object(Closure))
#20 C:\\Users\\Netamind Technology\\Desktop\\netacube\\vendor\\laravel\\framework\\src\\Illuminate\\Container\\Container.php(662): Illuminate\\Container\\BoundMethod::call(Object(Illuminate\\Foundation\\Application), Array, Array, NULL)
#21 C:\\Users\\Netamind Technology\\Desktop\\netacube\\vendor\\laravel\\framework\\src\\Illuminate\\Console\\Command.php(211): Illuminate\\Container\\Container->call(Array)
#22 C:\\Users\\Netamind Technology\\Desktop\\netacube\\vendor\\symfony\\console\\Command\\Command.php(326): Illuminate\\Console\\Command->execute(Object(Symfony\\Component\\Console\\Input\\ArgvInput), Object(Illuminate\\Console\\OutputStyle))
#23 C:\\Users\\Netamind Technology\\Desktop\\netacube\\vendor\\laravel\\framework\\src\\Illuminate\\Console\\Command.php(180): Symfony\\Component\\Console\\Command\\Command->run(Object(Symfony\\Component\\Console\\Input\\ArgvInput), Object(Illuminate\\Console\\OutputStyle))
#24 C:\\Users\\Netamind Technology\\Desktop\\netacube\\vendor\\symfony\\console\\Application.php(1096): Illuminate\\Console\\Command->run(Object(Symfony\\Component\\Console\\Input\\ArgvInput), Object(Symfony\\Component\\Console\\Output\\ConsoleOutput))
#25 C:\\Users\\Netamind Technology\\Desktop\\netacube\\vendor\\symfony\\console\\Application.php(324): Symfony\\Component\\Console\\Application->doRunCommand(Object(Illuminate\\Database\\Console\\Migrations\\MigrateCommand), Object(Symfony\\Component\\Console\\Input\\ArgvInput), Object(Symfony\\Component\\Console\\Output\\ConsoleOutput))
#26 C:\\Users\\Netamind Technology\\Desktop\\netacube\\vendor\\symfony\\console\\Application.php(175): Symfony\\Component\\Console\\Application->doRun(Object(Symfony\\Component\\Console\\Input\\ArgvInput), Object(Symfony\\Component\\Console\\Output\\ConsoleOutput))
#27 C:\\Users\\Netamind Technology\\Desktop\\netacube\\vendor\\laravel\\framework\\src\\Illuminate\\Foundation\\Console\\Kernel.php(201): Symfony\\Component\\Console\\Application->run(Object(Symfony\\Component\\Console\\Input\\ArgvInput), Object(Symfony\\Component\\Console\\Output\\ConsoleOutput))
#28 C:\\Users\\Netamind Technology\\Desktop\\netacube\\artisan(35): Illuminate\\Foundation\\Console\\Kernel->handle(Object(Symfony\\Component\\Console\\Input\\ArgvInput), Object(Symfony\\Component\\Console\\Output\\ConsoleOutput))
#29 {main}

[previous exception] [object] (PDOException(code: 2002): SQLSTATE[HY000] [2002] No connection could be made because the target machine actively refused it at C:\\Users\\Netamind Technology\\Desktop\\netacube\\vendor\\laravel\\framework\\src\\Illuminate\\Database\\Connectors\\Connector.php:65)
[stacktrace]
#0 C:\\Users\\Netamind Technology\\Desktop\\netacube\\vendor\\laravel\\framework\\src\\Illuminate\\Database\\Connectors\\Connector.php(65): PDO->__construct('mysql:host=127....', 'root', Object(SensitiveParameterValue), Array)
#1 C:\\Users\\Netamind Technology\\Desktop\\netacube\\vendor\\laravel\\framework\\src\\Illuminate\\Database\\Connectors\\Connector.php(83): Illuminate\\Database\\Connectors\\Connector->createPdoConnection('mysql:host=127....', 'root', '', Array)
#2 C:\\Users\\Netamind Technology\\Desktop\\netacube\\vendor\\laravel\\framework\\src\\Illuminate\\Database\\Connectors\\Connector.php(48): Illuminate\\Database\\Connectors\\Connector->tryAgainIfCausedByLostConnection(Object(PDOException), 'mysql:host=127....', 'root', '', Array)
#3 C:\\Users\\Netamind Technology\\Desktop\\netacube\\vendor\\laravel\\framework\\src\\Illuminate\\Database\\Connectors\\MySqlConnector.php(24): Illuminate\\Database\\Connectors\\Connector->createConnection('mysql:host=127....', Array, Array)
#4 C:\\Users\\Netamind Technology\\Desktop\\netacube\\vendor\\laravel\\framework\\src\\Illuminate\\Database\\Connectors\\ConnectionFactory.php(184): Illuminate\\Database\\Connectors\\MySqlConnector->connect(Array)
#5 [internal function]: Illuminate\\Database\\Connectors\\ConnectionFactory->Illuminate\\Database\\Connectors\\{closure}()
#6 C:\\Users\\Netamind Technology\\Desktop\\netacube\\vendor\\laravel\\framework\\src\\Illuminate\\Database\\Connection.php(1339): call_user_func(Object(Closure))
#7 C:\\Users\\Netamind Technology\\Desktop\\netacube\\vendor\\laravel\\framework\\src\\Illuminate\\Database\\Connection.php(528): Illuminate\\Database\\Connection->getPdo()
#8 C:\\Users\\Netamind Technology\\Desktop\\netacube\\vendor\\laravel\\framework\\src\\Illuminate\\Database\\Connection.php(423): Illuminate\\Database\\Connection->getPdoForSelect(false)
#9 C:\\Users\\Netamind Technology\\Desktop\\netacube\\vendor\\laravel\\framework\\src\\Illuminate\\Database\\Connection.php(816): Illuminate\\Database\\Connection->Illuminate\\Database\\{closure}('select table_na...', Array)
#10 C:\\Users\\Netamind Technology\\Desktop\\netacube\\vendor\\laravel\\framework\\src\\Illuminate\\Database\\Connection.php(983): Illuminate\\Database\\Connection->runQueryCallback('select table_na...', Array, Object(Closure))
#11 C:\\Users\\Netamind Technology\\Desktop\\netacube\\vendor\\laravel\\framework\\src\\Illuminate\\Database\\Connection.php(962): Illuminate\\Database\\Connection->tryAgainIfCausedByLostConnection(Object(Illuminate\\Database\\QueryException), 'select table_na...', Array, Object(Closure))
#12 C:\\Users\\Netamind Technology\\Desktop\\netacube\\vendor\\laravel\\framework\\src\\Illuminate\\Database\\Connection.php(785): Illuminate\\Database\\Connection->handleQueryException(Object(Illuminate\\Database\\QueryException), 'select table_na...', Array, Object(Closure))
#13 C:\\Users\\Netamind Technology\\Desktop\\netacube\\vendor\\laravel\\framework\\src\\Illuminate\\Database\\Connection.php(414): Illuminate\\Database\\Connection->run('select table_na...', Array, Object(Closure))
#14 C:\\Users\\Netamind Technology\\Desktop\\netacube\\vendor\\laravel\\framework\\src\\Illuminate\\Database\\Connection.php(401): Illuminate\\Database\\Connection->select('select table_na...', Array, false)
#15 C:\\Users\\Netamind Technology\\Desktop\\netacube\\vendor\\laravel\\framework\\src\\Illuminate\\Database\\Schema\\MySqlBuilder.php(41): Illuminate\\Database\\Connection->selectFromWriteConnection('select table_na...')
#16 C:\\Users\\Netamind Technology\\Desktop\\netacube\\vendor\\laravel\\framework\\src\\Illuminate\\Database\\Schema\\Builder.php(165): Illuminate\\Database\\Schema\\MySqlBuilder->getTables(false)
#17 C:\\Users\\Netamind Technology\\Desktop\\netacube\\vendor\\laravel\\framework\\src\\Illuminate\\Database\\Migrations\\DatabaseMigrationRepository.php(184): Illuminate\\Database\\Schema\\Builder->hasTable('migrations')
#18 C:\\Users\\Netamind Technology\\Desktop\\netacube\\vendor\\laravel\\framework\\src\\Illuminate\\Database\\Migrations\\Migrator.php(727): Illuminate\\Database\\Migrations\\DatabaseMigrationRepository->repositoryExists()
#19 C:\\Users\\Netamind Technology\\Desktop\\netacube\\vendor\\laravel\\framework\\src\\Illuminate\\Database\\Console\\Migrations\\MigrateCommand.php(140): Illuminate\\Database\\Migrations\\Migrator->repositoryExists()
#20 C:\\Users\\Netamind Technology\\Desktop\\netacube\\vendor\\laravel\\framework\\src\\Illuminate\\Support\\helpers.php(261): Illuminate\\Database\\Console\\Migrations\\MigrateCommand->Illuminate\\Database\\Console\\Migrations\\{closure}(1)
#21 C:\\Users\\Netamind Technology\\Desktop\\netacube\\vendor\\laravel\\framework\\src\\Illuminate\\Database\\Console\\Migrations\\MigrateCommand.php(140): retry(1, Object(Closure), 0, Object(Closure))
#22 C:\\Users\\Netamind Technology\\Desktop\\netacube\\vendor\\laravel\\framework\\src\\Illuminate\\Database\\Console\\Migrations\\MigrateCommand.php(116): Illuminate\\Database\\Console\\Migrations\\MigrateCommand->repositoryExists()
#23 C:\\Users\\Netamind Technology\\Desktop\\netacube\\vendor\\laravel\\framework\\src\\Illuminate\\Database\\Console\\Migrations\\MigrateCommand.php(84): Illuminate\\Database\\Console\\Migrations\\MigrateCommand->prepareDatabase()
#24 C:\\Users\\Netamind Technology\\Desktop\\netacube\\vendor\\laravel\\framework\\src\\Illuminate\\Database\\Migrations\\Migrator.php(641): Illuminate\\Database\\Console\\Migrations\\MigrateCommand->Illuminate\\Database\\Console\\Migrations\\{closure}()
#25 C:\\Users\\Netamind Technology\\Desktop\\netacube\\vendor\\laravel\\framework\\src\\Illuminate\\Database\\Console\\Migrations\\MigrateCommand.php(83): Illuminate\\Database\\Migrations\\Migrator->usingConnection(NULL, Object(Closure))
#26 C:\\Users\\Netamind Technology\\Desktop\\netacube\\vendor\\laravel\\framework\\src\\Illuminate\\Container\\BoundMethod.php(36): Illuminate\\Database\\Console\\Migrations\\MigrateCommand->handle()
#27 C:\\Users\\Netamind Technology\\Desktop\\netacube\\vendor\\laravel\\framework\\src\\Illuminate\\Container\\Util.php(41): Illuminate\\Container\\BoundMethod::Illuminate\\Container\\{closure}()
#28 C:\\Users\\Netamind Technology\\Desktop\\netacube\\vendor\\laravel\\framework\\src\\Illuminate\\Container\\BoundMethod.php(93): Illuminate\\Container\\Util::unwrapIfClosure(Object(Closure))
#29 C:\\Users\\Netamind Technology\\Desktop\\netacube\\vendor\\laravel\\framework\\src\\Illuminate\\Container\\BoundMethod.php(35): Illuminate\\Container\\BoundMethod::callBoundMethod(Object(Illuminate\\Foundation\\Application), Array, Object(Closure))
#30 C:\\Users\\Netamind Technology\\Desktop\\netacube\\vendor\\laravel\\framework\\src\\Illuminate\\Container\\Container.php(662): Illuminate\\Container\\BoundMethod::call(Object(Illuminate\\Foundation\\Application), Array, Array, NULL)
#31 C:\\Users\\Netamind Technology\\Desktop\\netacube\\vendor\\laravel\\framework\\src\\Illuminate\\Console\\Command.php(211): Illuminate\\Container\\Container->call(Array)
#32 C:\\Users\\Netamind Technology\\Desktop\\netacube\\vendor\\symfony\\console\\Command\\Command.php(326): Illuminate\\Console\\Command->execute(Object(Symfony\\Component\\Console\\Input\\ArgvInput), Object(Illuminate\\Console\\OutputStyle))
#33 C:\\Users\\Netamind Technology\\Desktop\\netacube\\vendor\\laravel\\framework\\src\\Illuminate\\Console\\Command.php(180): Symfony\\Component\\Console\\Command\\Command->run(Object(Symfony\\Component\\Console\\Input\\ArgvInput), Object(Illuminate\\Console\\OutputStyle))
#34 C:\\Users\\Netamind Technology\\Desktop\\netacube\\vendor\\symfony\\console\\Application.php(1096): Illuminate\\Console\\Command->run(Object(Symfony\\Component\\Console\\Input\\ArgvInput), Object(Symfony\\Component\\Console\\Output\\ConsoleOutput))
#35 C:\\Users\\Netamind Technology\\Desktop\\netacube\\vendor\\symfony\\console\\Application.php(324): Symfony\\Component\\Console\\Application->doRunCommand(Object(Illuminate\\Database\\Console\\Migrations\\MigrateCommand), Object(Symfony\\Component\\Console\\Input\\ArgvInput), Object(Symfony\\Component\\Console\\Output\\ConsoleOutput))
#36 C:\\Users\\Netamind Technology\\Desktop\\netacube\\vendor\\symfony\\console\\Application.php(175): Symfony\\Component\\Console\\Application->doRun(Object(Symfony\\Component\\Console\\Input\\ArgvInput), Object(Symfony\\Component\\Console\\Output\\ConsoleOutput))
#37 C:\\Users\\Netamind Technology\\Desktop\\netacube\\vendor\\laravel\\framework\\src\\Illuminate\\Foundation\\Console\\Kernel.php(201): Symfony\\Component\\Console\\Application->run(Object(Symfony\\Component\\Console\\Input\\ArgvInput), Object(Symfony\\Component\\Console\\Output\\ConsoleOutput))
#38 C:\\Users\\Netamind Technology\\Desktop\\netacube\\artisan(35): Illuminate\\Foundation\\Console\\Kernel->handle(Object(Symfony\\Component\\Console\\Input\\ArgvInput), Object(Symfony\\Component\\Console\\Output\\ConsoleOutput))
#39 {main}
"} 
